Command line invocation:
    /Applications/Xcode_26.0.1.app/Contents/Developer/usr/bin/xcodebuild archive -project VoiceReader.xcodeproj -scheme VoiceReader -destination generic/platform=iOS -configuration Release -archivePath /Users/runner/work/_temp/VoiceReader.xcarchive -allowProvisioningUpdates -authenticationKeyPath /Users/runner/private_keys/AuthKey_5SND3RFSYB.p8 -authenticationKeyID 5SND3RFSYB -authenticationKeyIssuerID 8bbf6004-0e8e-4ec0-8475-4020300bd459 CURRENT_PROJECT_VERSION=31

Build settings from command line:
    CURRENT_PROJECT_VERSION = 31

Resolve Package Graph

Fetching from https://github.com/element-hq/swift-ogg (cached)

Fetching from https://github.com/vector-im/ogg-swift.git (cached)

Fetching from https://github.com/vector-im/opus-swift (cached)

Creating working copy of package ‘ogg-swift’

Checking out 0.8.3 of package ‘ogg-swift’

Creating working copy of package ‘swift-ogg’

Checking out 0.0.4 of package ‘swift-ogg’

Creating working copy of package ‘opus-swift’

Checking out 0.8.4 of package ‘opus-swift’


Resolved source packages:
  YbridOpus: https://github.com/vector-im/opus-swift @ 0.8.4
  YbridOgg: https://github.com/vector-im/ogg-swift.git @ 0.8.3
  SwiftOGG: https://github.com/element-hq/swift-ogg @ 0.0.4

ComputePackagePrebuildTargetDependencyGraph

Prepare packages

CreateBuildRequest

SendProjectDescription

CreateBuildOperation

ComputeTargetDependencyGraph
note: Building targets in dependency order
note: Target dependency graph (9 targets)
    Target 'VoiceReader' in project 'VoiceReader'
        ➜ Explicit dependency on target 'ShareExtension' in project 'VoiceReader'
        ➜ Explicit dependency on target 'ActionExtension' in project 'VoiceReader'
        ➜ Explicit dependency on target 'VoiceReaderWidget' in project 'VoiceReader'
        ➜ Explicit dependency on target 'SwiftOGG' in project 'SwiftOGG'
    Target 'VoiceReaderWidget' in project 'VoiceReader' (no dependencies)
    Target 'ActionExtension' in project 'VoiceReader'
        ➜ Explicit dependency on target 'SwiftOGG' in project 'SwiftOGG'
    Target 'ShareExtension' in project 'VoiceReader'
        ➜ Explicit dependency on target 'SwiftOGG' in project 'SwiftOGG'
    Target 'SwiftOGG' in project 'SwiftOGG'
        ➜ Explicit dependency on target 'SwiftOGG' in project 'SwiftOGG'
        ➜ Explicit dependency on target 'Copustools' in project 'SwiftOGG'
        ➜ Explicit dependency on target 'YbridOpus' in project 'YbridOpus'
        ➜ Explicit dependency on target 'YbridOgg' in project 'YbridOgg'
    Target 'SwiftOGG' in project 'SwiftOGG'
        ➜ Explicit dependency on target 'Copustools' in project 'SwiftOGG'
        ➜ Explicit dependency on target 'YbridOpus' in project 'YbridOpus'
        ➜ Explicit dependency on target 'YbridOgg' in project 'YbridOgg'
    Target 'YbridOgg' in project 'YbridOgg' (no dependencies)
    Target 'YbridOpus' in project 'YbridOpus' (no dependencies)
    Target 'Copustools' in project 'SwiftOGG' (no dependencies)

GatherProvisioningInputs

CreateBuildDescription

ExecuteExternalTool /Applications/Xcode_26.0.1.app/Contents/Developer/Toolchains/XcodeDefault.xctoolchain/usr/bin/clang -v -E -dM -arch arm64 -isysroot /Applications/Xcode_26.0.1.app/Contents/Developer/Platforms/iPhoneOS.platform/Developer/SDKs/iPhoneOS26.0.sdk -x c -c /dev/null

ExecuteExternalTool /Applications/Xcode_26.0.1.app/Contents/Developer/Toolchains/XcodeDefault.xctoolchain/usr/bin/swiftc --version

ExecuteExternalTool /Applications/Xcode_26.0.1.app/Contents/Developer/Toolchains/XcodeDefault.xctoolchain/usr/bin/clang -v -E -dM -isysroot /Applications/Xcode_26.0.1.app/Contents/Developer/Platforms/iPhoneOS.platform/Developer/SDKs/iPhoneOS26.0.sdk -x c -c /dev/null

ExecuteExternalTool /Applications/Xcode_26.0.1.app/Contents/Developer/usr/bin/actool --print-asset-tag-combinations --output-format xml1 /Users/runner/work/voice-message-reader/voice-message-reader/App/Assets.xcassets

ExecuteExternalTool /Applications/Xcode_26.0.1.app/Contents/Developer/Toolchains/XcodeDefault.xctoolchain/usr/bin/ld -version_details

ExecuteExternalTool /Applications/Xcode_26.0.1.app/Contents/Developer/usr/bin/actool --version --output-format xml1

Build description signature: 253489288bbb03cbc967e9ed0216762b
Build description path: /Users/runner/Library/Developer/Xcode/DerivedData/VoiceReader-bvwdbkwbpbgbfcglgmbytagthmuj/Build/Intermediates.noindex/ArchiveIntermediates/VoiceReader/IntermediateBuildFilesPath/XCBuildData/253489288bbb03cbc967e9ed0216762b.xcbuilddata
CreateBuildDirectory /Users/runner/Library/Developer/Xcode/DerivedData/VoiceReader-bvwdbkwbpbgbfcglgmbytagthmuj/Build/Intermediates.noindex/ArchiveIntermediates/VoiceReader/IntermediateBuildFilesPath
    cd /Users/runner/work/voice-message-reader/voice-message-reader/VoiceReader.xcodeproj
    builtin-create-build-directory /Users/runner/Library/Developer/Xcode/DerivedData/VoiceReader-bvwdbkwbpbgbfcglgmbytagthmuj/Build/Intermediates.noindex/ArchiveIntermediates/VoiceReader/IntermediateBuildFilesPath

CreateBuildDirectory /Users/runner/Library/Developer/Xcode/DerivedData/VoiceReader-bvwdbkwbpbgbfcglgmbytagthmuj/Build/Intermediates.noindex/ArchiveIntermediates/VoiceReader/InstallationBuildProductsLocation
    cd /Users/runner/work/voice-message-reader/voice-message-reader/VoiceReader.xcodeproj
    builtin-create-build-directory /Users/runner/Library/Developer/Xcode/DerivedData/VoiceReader-bvwdbkwbpbgbfcglgmbytagthmuj/Build/Intermediates.noindex/ArchiveIntermediates/VoiceReader/InstallationBuildProductsLocation

CreateBuildDirectory /Users/runner/Library/Developer/Xcode/DerivedData/VoiceReader-bvwdbkwbpbgbfcglgmbytagthmuj/Build/Intermediates.noindex/ArchiveIntermediates/VoiceReader/BuildProductsPath
    cd /Users/runner/work/voice-message-reader/voice-message-reader/VoiceReader.xcodeproj
    builtin-create-build-directory /Users/runner/Library/Developer/Xcode/DerivedData/VoiceReader-bvwdbkwbpbgbfcglgmbytagthmuj/Build/Intermediates.noindex/ArchiveIntermediates/VoiceReader/BuildProductsPath

WriteAuxiliaryFile /Users/runner/Library/Developer/Xcode/DerivedData/VoiceReader-bvwdbkwbpbgbfcglgmbytagthmuj/Build/Intermediates.noindex/ArchiveIntermediates/VoiceReader/IntermediateBuildFilesPath/VoiceReader.build/Release-iphoneos/VoiceReader-830d9596576bdeff74835997051ea29d-VFS-iphoneos/all-product-headers.yaml
    cd /Users/runner/work/voice-message-reader/voice-message-reader/VoiceReader.xcodeproj
    write-file /Users/runner/Library/Developer/Xcode/DerivedData/VoiceReader-bvwdbkwbpbgbfcglgmbytagthmuj/Build/Intermediates.noindex/ArchiveIntermediates/VoiceReader/IntermediateBuildFilesPath/VoiceReader.build/Release-iphoneos/VoiceReader-830d9596576bdeff74835997051ea29d-VFS-iphoneos/all-product-headers.yaml

SignatureCollection /Users/runner/Library/Developer/Xcode/DerivedData/VoiceReader-bvwdbkwbpbgbfcglgmbytagthmuj/Build/Intermediates.noindex/ArchiveIntermediates/VoiceReader/BuildProductsPath/Release-iphoneos/YbridOpus.xcframework-ios.signature
    cd /Users/runner/work/voice-message-reader/voice-message-reader/VoiceReader.xcodeproj
    builtin-collectSignature --input /Users/runner/Library/Developer/Xcode/DerivedData/VoiceReader-bvwdbkwbpbgbfcglgmbytagthmuj/SourcePackages/artifacts/opus-swift/YbridOpus/YbridOpus.xcframework --output /Users/runner/Library/Developer/Xcode/DerivedData/VoiceReader-bvwdbkwbpbgbfcglgmbytagthmuj/Build/Intermediates.noindex/ArchiveIntermediates/VoiceReader/BuildProductsPath/Release-iphoneos/YbridOpus.xcframework-ios.signature --info platform ios --info library YbridOpus.framework

SignatureCollection /Users/runner/Library/Developer/Xcode/DerivedData/VoiceReader-bvwdbkwbpbgbfcglgmbytagthmuj/Build/Intermediates.noindex/ArchiveIntermediates/VoiceReader/BuildProductsPath/Release-iphoneos/YbridOgg.xcframework-ios.signature
    cd /Users/runner/work/voice-message-reader/voice-message-reader/VoiceReader.xcodeproj
    builtin-collectSignature --input /Users/runner/Library/Developer/Xcode/DerivedData/VoiceReader-bvwdbkwbpbgbfcglgmbytagthmuj/SourcePackages/artifacts/ogg-swift/YbridOgg/YbridOgg.xcframework --output /Users/runner/Library/Developer/Xcode/DerivedData/VoiceReader-bvwdbkwbpbgbfcglgmbytagthmuj/Build/Intermediates.noindex/ArchiveIntermediates/VoiceReader/BuildProductsPath/Release-iphoneos/YbridOgg.xcframework-ios.signature --info platform ios --info library YbridOgg.framework

CreateBuildDirectory /Users/runner/Library/Developer/Xcode/DerivedData/VoiceReader-bvwdbkwbpbgbfcglgmbytagthmuj/Build/Intermediates.noindex/ArchiveIntermediates/VoiceReader/IntermediateBuildFilesPath/SwiftExplicitPrecompiledModules
    cd /Users/runner/work/voice-message-reader/voice-message-reader/VoiceReader.xcodeproj
    builtin-create-build-directory /Users/runner/Library/Developer/Xcode/DerivedData/VoiceReader-bvwdbkwbpbgbfcglgmbytagthmuj/Build/Intermediates.noindex/ArchiveIntermediates/VoiceReader/IntermediateBuildFilesPath/SwiftExplicitPrecompiledModules

CreateBuildDirectory /Users/runner/Library/Developer/Xcode/DerivedData/VoiceReader-bvwdbkwbpbgbfcglgmbytagthmuj/Build/Intermediates.noindex/ArchiveIntermediates/VoiceReader/IntermediateBuildFilesPath/ExplicitPrecompiledModules
    cd /Users/runner/work/voice-message-reader/voice-message-reader/VoiceReader.xcodeproj
    builtin-create-build-directory /Users/runner/Library/Developer/Xcode/DerivedData/VoiceReader-bvwdbkwbpbgbfcglgmbytagthmuj/Build/Intermediates.noindex/ArchiveIntermediates/VoiceReader/IntermediateBuildFilesPath/ExplicitPrecompiledModules

CreateBuildDirectory /Users/runner/Library/Developer/Xcode/DerivedData/VoiceReader-bvwdbkwbpbgbfcglgmbytagthmuj/Build/Intermediates.noindex/ArchiveIntermediates/VoiceReader/IntermediateBuildFilesPath/EagerLinkingTBDs/Release-iphoneos
    cd /Users/runner/work/voice-message-reader/voice-message-reader/VoiceReader.xcodeproj
    builtin-create-build-directory /Users/runner/Library/Developer/Xcode/DerivedData/VoiceReader-bvwdbkwbpbgbfcglgmbytagthmuj/Build/Intermediates.noindex/ArchiveIntermediates/VoiceReader/IntermediateBuildFilesPath/EagerLinkingTBDs/Release-iphoneos

CreateBuildDirectory /Users/runner/Library/Developer/Xcode/DerivedData/VoiceReader-bvwdbkwbpbgbfcglgmbytagthmuj/Build/Intermediates.noindex/ArchiveIntermediates/VoiceReader/BuildProductsPath/Release-iphoneos
    cd /Users/runner/work/voice-message-reader/voice-message-reader/VoiceReader.xcodeproj
    builtin-create-build-directory /Users/runner/Library/Developer/Xcode/DerivedData/VoiceReader-bvwdbkwbpbgbfcglgmbytagthmuj/Build/Intermediates.noindex/ArchiveIntermediates/VoiceReader/BuildProductsPath/Release-iphoneos

ClangStatCache /Applications/Xcode_26.0.1.app/Contents/Developer/Toolchains/XcodeDefault.xctoolchain/usr/bin/clang-stat-cache /Applications/Xcode_26.0.1.app/Contents/Developer/Platforms/iPhoneOS.platform/Developer/SDKs/iPhoneOS26.0.sdk /Users/runner/Library/Developer/Xcode/DerivedData/SDKStatCaches.noindex/iphoneos26.0-23A339-3885c01c3e6b6a337905948deab2002ee897cee61435230feef45a4748fd4bcc.sdkstatcache
    cd /Users/runner/work/voice-message-reader/voice-message-reader/VoiceReader.xcodeproj
    /Applications/Xcode_26.0.1.app/Contents/Developer/Toolchains/XcodeDefault.xctoolchain/usr/bin/clang-stat-cache /Applications/Xcode_26.0.1.app/Contents/Developer/Platforms/iPhoneOS.platform/Developer/SDKs/iPhoneOS26.0.sdk -o /Users/runner/Library/Developer/Xcode/DerivedData/SDKStatCaches.noindex/iphoneos26.0-23A339-3885c01c3e6b6a337905948deab2002ee897cee61435230feef45a4748fd4bcc.sdkstatcache

ProcessXCFramework /Users/runner/Library/Developer/Xcode/DerivedData/VoiceReader-bvwdbkwbpbgbfcglgmbytagthmuj/SourcePackages/artifacts/opus-swift/YbridOpus/YbridOpus.xcframework /Users/runner/Library/Developer/Xcode/DerivedData/VoiceReader-bvwdbkwbpbgbfcglgmbytagthmuj/Build/Intermediates.noindex/ArchiveIntermediates/VoiceReader/BuildProductsPath/Release-iphoneos/YbridOpus.framework ios
    cd /Users/runner/work/voice-message-reader/voice-message-reader/VoiceReader.xcodeproj
    builtin-process-xcframework --xcframework /Users/runner/Library/Developer/Xcode/DerivedData/VoiceReader-bvwdbkwbpbgbfcglgmbytagthmuj/SourcePackages/artifacts/opus-swift/YbridOpus/YbridOpus.xcframework --platform ios --target-path /Users/runner/Library/Developer/Xcode/DerivedData/VoiceReader-bvwdbkwbpbgbfcglgmbytagthmuj/Build/Intermediates.noindex/ArchiveIntermediates/VoiceReader/BuildProductsPath/Release-iphoneos

ProcessXCFramework /Users/runner/Library/Developer/Xcode/DerivedData/VoiceReader-bvwdbkwbpbgbfcglgmbytagthmuj/SourcePackages/artifacts/ogg-swift/YbridOgg/YbridOgg.xcframework /Users/runner/Library/Developer/Xcode/DerivedData/VoiceReader-bvwdbkwbpbgbfcglgmbytagthmuj/Build/Intermediates.noindex/ArchiveIntermediates/VoiceReader/BuildProductsPath/Release-iphoneos/YbridOgg.framework ios
    cd /Users/runner/work/voice-message-reader/voice-message-reader/VoiceReader.xcodeproj
    builtin-process-xcframework --xcframework /Users/runner/Library/Developer/Xcode/DerivedData/VoiceReader-bvwdbkwbpbgbfcglgmbytagthmuj/SourcePackages/artifacts/ogg-swift/YbridOgg/YbridOgg.xcframework --platform ios --target-path /Users/runner/Library/Developer/Xcode/DerivedData/VoiceReader-bvwdbkwbpbgbfcglgmbytagthmuj/Build/Intermediates.noindex/ArchiveIntermediates/VoiceReader/BuildProductsPath/Release-iphoneos

CreateBuildDirectory /Users/runner/Library/Developer/Xcode/DerivedData/VoiceReader-bvwdbkwbpbgbfcglgmbytagthmuj/Build/Intermediates.noindex/ArchiveIntermediates/VoiceReader/BuildProductsPath/Release-iphoneos/PackageFrameworks
    cd /Users/runner/work/voice-message-reader/voice-message-reader/VoiceReader.xcodeproj
    builtin-create-build-directory /Users/runner/Library/Developer/Xcode/DerivedData/VoiceReader-bvwdbkwbpbgbfcglgmbytagthmuj/Build/Intermediates.noindex/ArchiveIntermediates/VoiceReader/BuildProductsPath/Release-iphoneos/PackageFrameworks

WriteAuxiliaryFile /Users/runner/Library/Developer/Xcode/DerivedData/VoiceReader-bvwdbkwbpbgbfcglgmbytagthmuj/Build/Intermediates.noindex/ArchiveIntermediates/VoiceReader/IntermediateBuildFilesPath/VoiceReader.build/Release-iphoneos/VoiceReaderWidget.build/VoiceReaderWidget.hmap (in target 'VoiceReaderWidget' from project 'VoiceReader')
    cd /Users/runner/work/voice-message-reader/voice-message-reader
    write-file /Users/runner/Library/Developer/Xcode/DerivedData/VoiceReader-bvwdbkwbpbgbfcglgmbytagthmuj/Build/Intermediates.noindex/ArchiveIntermediates/VoiceReader/IntermediateBuildFilesPath/VoiceReader.build/Release-iphoneos/VoiceReaderWidget.build/VoiceReaderWidget.hmap

WriteAuxiliaryFile /Users/runner/Library/Developer/Xcode/DerivedData/VoiceReader-bvwdbkwbpbgbfcglgmbytagthmuj/Build/Intermediates.noindex/ArchiveIntermediates/VoiceReader/IntermediateBuildFilesPath/VoiceReader.build/Release-iphoneos/VoiceReaderWidget.build/VoiceReaderWidget.DependencyStaticMetadataFileList (in target 'VoiceReaderWidget' from project 'VoiceReader')
    cd /Users/runner/work/voice-message-reader/voice-message-reader
    write-file /Users/runner/Library/Developer/Xcode/DerivedData/VoiceReader-bvwdbkwbpbgbfcglgmbytagthmuj/Build/Intermediates.noindex/ArchiveIntermediates/VoiceReader/IntermediateBuildFilesPath/VoiceReader.build/Release-iphoneos/VoiceReaderWidget.build/VoiceReaderWidget.DependencyStaticMetadataFileList

WriteAuxiliaryFile /Users/runner/Library/Developer/Xcode/DerivedData/VoiceReader-bvwdbkwbpbgbfcglgmbytagthmuj/Build/Intermediates.noindex/ArchiveIntermediates/VoiceReader/IntermediateBuildFilesPath/VoiceReader.build/Release-iphoneos/VoiceReaderWidget.build/VoiceReaderWidget.DependencyMetadataFileList (in target 'VoiceReaderWidget' from project 'VoiceReader')
    cd /Users/runner/work/voice-message-reader/voice-message-reader
    write-file /Users/runner/Library/Developer/Xcode/DerivedData/VoiceReader-bvwdbkwbpbgbfcglgmbytagthmuj/Build/Intermediates.noindex/ArchiveIntermediates/VoiceReader/IntermediateBuildFilesPath/VoiceReader.build/Release-iphoneos/VoiceReaderWidget.build/VoiceReaderWidget.DependencyMetadataFileList

WriteAuxiliaryFile /Users/runner/Library/Developer/Xcode/DerivedData/VoiceReader-bvwdbkwbpbgbfcglgmbytagthmuj/Build/Intermediates.noindex/ArchiveIntermediates/VoiceReader/IntermediateBuildFilesPath/VoiceReader.build/Release-iphoneos/VoiceReaderWidget.build/VoiceReaderWidget-project-headers.hmap (in target 'VoiceReaderWidget' from project 'VoiceReader')
    cd /Users/runner/work/voice-message-reader/voice-message-reader
    write-file /Users/runner/Library/Developer/Xcode/DerivedData/VoiceReader-bvwdbkwbpbgbfcglgmbytagthmuj/Build/Intermediates.noindex/ArchiveIntermediates/VoiceReader/IntermediateBuildFilesPath/VoiceReader.build/Release-iphoneos/VoiceReaderWidget.build/VoiceReaderWidget-project-headers.hmap

WriteAuxiliaryFile /Users/runner/Library/Developer/Xcode/DerivedData/VoiceReader-bvwdbkwbpbgbfcglgmbytagthmuj/Build/Intermediates.noindex/ArchiveIntermediates/VoiceReader/IntermediateBuildFilesPath/VoiceReader.build/Release-iphoneos/VoiceReaderWidget.build/VoiceReaderWidget-own-target-headers.hmap (in target 'VoiceReaderWidget' from project 'VoiceReader')
    cd /Users/runner/work/voice-message-reader/voice-message-reader
    write-file /Users/runner/Library/Developer/Xcode/DerivedData/VoiceReader-bvwdbkwbpbgbfcglgmbytagthmuj/Build/Intermediates.noindex/ArchiveIntermediates/VoiceReader/IntermediateBuildFilesPath/VoiceReader.build/Release-iphoneos/VoiceReaderWidget.build/VoiceReaderWidget-own-target-headers.hmap

WriteAuxiliaryFile /Users/runner/Library/Developer/Xcode/DerivedData/VoiceReader-bvwdbkwbpbgbfcglgmbytagthmuj/Build/Intermediates.noindex/ArchiveIntermediates/VoiceReader/IntermediateBuildFilesPath/VoiceReader.build/Release-iphoneos/VoiceReaderWidget.build/VoiceReaderWidget-generated-files.hmap (in target 'VoiceReaderWidget' from project 'VoiceReader')
    cd /Users/runner/work/voice-message-reader/voice-message-reader
    write-file /Users/runner/Library/Developer/Xcode/DerivedData/VoiceReader-bvwdbkwbpbgbfcglgmbytagthmuj/Build/Intermediates.noindex/ArchiveIntermediates/VoiceReader/IntermediateBuildFilesPath/VoiceReader.build/Release-iphoneos/VoiceReaderWidget.build/VoiceReaderWidget-generated-files.hmap

WriteAuxiliaryFile /Users/runner/Library/Developer/Xcode/DerivedData/VoiceReader-bvwdbkwbpbgbfcglgmbytagthmuj/Build/Intermediates.noindex/ArchiveIntermediates/VoiceReader/IntermediateBuildFilesPath/VoiceReader.build/Release-iphoneos/VoiceReaderWidget.build/VoiceReaderWidget-all-target-headers.hmap (in target 'VoiceReaderWidget' from project 'VoiceReader')
    cd /Users/runner/work/voice-message-reader/voice-message-reader
    write-file /Users/runner/Library/Developer/Xcode/DerivedData/VoiceReader-bvwdbkwbpbgbfcglgmbytagthmuj/Build/Intermediates.noindex/ArchiveIntermediates/VoiceReader/IntermediateBuildFilesPath/VoiceReader.build/Release-iphoneos/VoiceReaderWidget.build/VoiceReaderWidget-all-target-headers.hmap

WriteAuxiliaryFile /Users/runner/Library/Developer/Xcode/DerivedData/VoiceReader-bvwdbkwbpbgbfcglgmbytagthmuj/Build/Intermediates.noindex/ArchiveIntermediates/VoiceReader/IntermediateBuildFilesPath/VoiceReader.build/Release-iphoneos/VoiceReaderWidget.build/VoiceReaderWidget-all-non-framework-target-headers.hmap (in target 'VoiceReaderWidget' from project 'VoiceReader')
    cd /Users/runner/work/voice-message-reader/voice-message-reader
    write-file /Users/runner/Library/Developer/Xcode/DerivedData/VoiceReader-bvwdbkwbpbgbfcglgmbytagthmuj/Build/Intermediates.noindex/ArchiveIntermediates/VoiceReader/IntermediateBuildFilesPath/VoiceReader.build/Release-iphoneos/VoiceReaderWidget.build/VoiceReaderWidget-all-non-framework-target-headers.hmap

WriteAuxiliaryFile /Users/runner/Library/Developer/Xcode/DerivedData/VoiceReader-bvwdbkwbpbgbfcglgmbytagthmuj/Build/Intermediates.noindex/ArchiveIntermediates/VoiceReader/IntermediateBuildFilesPath/VoiceReader.build/Release-iphoneos/VoiceReaderWidget.build/Objects-normal/arm64/VoiceReaderWidget_const_extract_protocols.json (in target 'VoiceReaderWidget' from project 'VoiceReader')
    cd /Users/runner/work/voice-message-reader/voice-message-reader
    write-file /Users/runner/Library/Developer/Xcode/DerivedData/VoiceReader-bvwdbkwbpbgbfcglgmbytagthmuj/Build/Intermediates.noindex/ArchiveIntermediates/VoiceReader/IntermediateBuildFilesPath/VoiceReader.build/Release-iphoneos/VoiceReaderWidget.build/Objects-normal/arm64/VoiceReaderWidget_const_extract_protocols.json

WriteAuxiliaryFile /Users/runner/Library/Developer/Xcode/DerivedData/VoiceReader-bvwdbkwbpbgbfcglgmbytagthmuj/Build/Intermediates.noindex/ArchiveIntermediates/VoiceReader/IntermediateBuildFilesPath/VoiceReader.build/Release-iphoneos/VoiceReaderWidget.build/Objects-normal/arm64/VoiceReaderWidget.SwiftFileList (in target 'VoiceReaderWidget' from project 'VoiceReader')
    cd /Users/runner/work/voice-message-reader/voice-message-reader
    write-file /Users/runner/Library/Developer/Xcode/DerivedData/VoiceReader-bvwdbkwbpbgbfcglgmbytagthmuj/Build/Intermediates.noindex/ArchiveIntermediates/VoiceReader/IntermediateBuildFilesPath/VoiceReader.build/Release-iphoneos/VoiceReaderWidget.build/Objects-normal/arm64/VoiceReaderWidget.SwiftFileList

WriteAuxiliaryFile /Users/runner/Library/Developer/Xcode/DerivedData/VoiceReader-bvwdbkwbpbgbfcglgmbytagthmuj/Build/Intermediates.noindex/ArchiveIntermediates/VoiceReader/IntermediateBuildFilesPath/VoiceReader.build/Release-iphoneos/VoiceReaderWidget.build/Objects-normal/arm64/VoiceReaderWidget.SwiftConstValuesFileList (in target 'VoiceReaderWidget' from project 'VoiceReader')
    cd /Users/runner/work/voice-message-reader/voice-message-reader
    write-file /Users/runner/Library/Developer/Xcode/DerivedData/VoiceReader-bvwdbkwbpbgbfcglgmbytagthmuj/Build/Intermediates.noindex/ArchiveIntermediates/VoiceReader/IntermediateBuildFilesPath/VoiceReader.build/Release-iphoneos/VoiceReaderWidget.build/Objects-normal/arm64/VoiceReaderWidget.SwiftConstValuesFileList

WriteAuxiliaryFile /Users/runner/Library/Developer/Xcode/DerivedData/VoiceReader-bvwdbkwbpbgbfcglgmbytagthmuj/Build/Intermediates.noindex/ArchiveIntermediates/VoiceReader/IntermediateBuildFilesPath/VoiceReader.build/Release-iphoneos/VoiceReaderWidget.build/Objects-normal/arm64/VoiceReaderWidget.LinkFileList (in target 'VoiceReaderWidget' from project 'VoiceReader')
    cd /Users/runner/work/voice-message-reader/voice-message-reader
    write-file /Users/runner/Library/Developer/Xcode/DerivedData/VoiceReader-bvwdbkwbpbgbfcglgmbytagthmuj/Build/Intermediates.noindex/ArchiveIntermediates/VoiceReader/IntermediateBuildFilesPath/VoiceReader.build/Release-iphoneos/VoiceReaderWidget.build/Objects-normal/arm64/VoiceReaderWidget.LinkFileList

WriteAuxiliaryFile /Users/runner/Library/Developer/Xcode/DerivedData/VoiceReader-bvwdbkwbpbgbfcglgmbytagthmuj/Build/Intermediates.noindex/ArchiveIntermediates/VoiceReader/IntermediateBuildFilesPath/VoiceReader.build/Release-iphoneos/VoiceReaderWidget.build/Objects-normal/arm64/VoiceReaderWidget-OutputFileMap.json (in target 'VoiceReaderWidget' from project 'VoiceReader')
    cd /Users/runner/work/voice-message-reader/voice-message-reader
    write-file /Users/runner/Library/Developer/Xcode/DerivedData/VoiceReader-bvwdbkwbpbgbfcglgmbytagthmuj/Build/Intermediates.noindex/ArchiveIntermediates/VoiceReader/IntermediateBuildFilesPath/VoiceReader.build/Release-iphoneos/VoiceReaderWidget.build/Objects-normal/arm64/VoiceReaderWidget-OutputFileMap.json

WriteAuxiliaryFile /Users/runner/Library/Developer/Xcode/DerivedData/VoiceReader-bvwdbkwbpbgbfcglgmbytagthmuj/Build/Intermediates.noindex/ArchiveIntermediates/VoiceReader/IntermediateBuildFilesPath/VoiceReader.build/Release-iphoneos/VoiceReaderWidget.build/DerivedSources/Entitlements.plist (in target 'VoiceReaderWidget' from project 'VoiceReader')
    cd /Users/runner/work/voice-message-reader/voice-message-reader
    write-file /Users/runner/Library/Developer/Xcode/DerivedData/VoiceReader-bvwdbkwbpbgbfcglgmbytagthmuj/Build/Intermediates.noindex/ArchiveIntermediates/VoiceReader/IntermediateBuildFilesPath/VoiceReader.build/Release-iphoneos/VoiceReaderWidget.build/DerivedSources/Entitlements.plist

SymLink /Users/runner/Library/Developer/Xcode/DerivedData/VoiceReader-bvwdbkwbpbgbfcglgmbytagthmuj/Build/Intermediates.noindex/ArchiveIntermediates/VoiceReader/BuildProductsPath/Release-iphoneos/VoiceReaderWidget.appex ../../IntermediateBuildFilesPath/UninstalledProducts/iphoneos/VoiceReaderWidget.appex (in target 'VoiceReaderWidget' from project 'VoiceReader')
    cd /Users/runner/work/voice-message-reader/voice-message-reader
    /bin/ln -sfh ../../IntermediateBuildFilesPath/UninstalledProducts/iphoneos/VoiceReaderWidget.appex /Users/runner/Library/Developer/Xcode/DerivedData/VoiceReader-bvwdbkwbpbgbfcglgmbytagthmuj/Build/Intermediates.noindex/ArchiveIntermediates/VoiceReader/BuildProductsPath/Release-iphoneos/VoiceReaderWidget.appex

MkDir /Users/runner/Library/Developer/Xcode/DerivedData/VoiceReader-bvwdbkwbpbgbfcglgmbytagthmuj/Build/Intermediates.noindex/ArchiveIntermediates/VoiceReader/IntermediateBuildFilesPath/UninstalledProducts/iphoneos/VoiceReaderWidget.appex (in target 'VoiceReaderWidget' from project 'VoiceReader')
    cd /Users/runner/work/voice-message-reader/voice-message-reader
    /bin/mkdir -p /Users/runner/Library/Developer/Xcode/DerivedData/VoiceReader-bvwdbkwbpbgbfcglgmbytagthmuj/Build/Intermediates.noindex/ArchiveIntermediates/VoiceReader/IntermediateBuildFilesPath/UninstalledProducts/iphoneos/VoiceReaderWidget.appex

WriteAuxiliaryFile /Users/runner/Library/Developer/Xcode/DerivedData/VoiceReader-bvwdbkwbpbgbfcglgmbytagthmuj/Build/Intermediates.noindex/ArchiveIntermediates/VoiceReader/IntermediateBuildFilesPath/VoiceReader.build/Release-iphoneos/VoiceReader.build/VoiceReader.hmap (in target 'VoiceReader' from project 'VoiceReader')
    cd /Users/runner/work/voice-message-reader/voice-message-reader
    write-file /Users/runner/Library/Developer/Xcode/DerivedData/VoiceReader-bvwdbkwbpbgbfcglgmbytagthmuj/Build/Intermediates.noindex/ArchiveIntermediates/VoiceReader/IntermediateBuildFilesPath/VoiceReader.build/Release-iphoneos/VoiceReader.build/VoiceReader.hmap

WriteAuxiliaryFile /Users/runner/Library/Developer/Xcode/DerivedData/VoiceReader-bvwdbkwbpbgbfcglgmbytagthmuj/Build/Intermediates.noindex/ArchiveIntermediates/VoiceReader/IntermediateBuildFilesPath/VoiceReader.build/Release-iphoneos/VoiceReader.build/VoiceReader.DependencyStaticMetadataFileList (in target 'VoiceReader' from project 'VoiceReader')
    cd /Users/runner/work/voice-message-reader/voice-message-reader
    write-file /Users/runner/Library/Developer/Xcode/DerivedData/VoiceReader-bvwdbkwbpbgbfcglgmbytagthmuj/Build/Intermediates.noindex/ArchiveIntermediates/VoiceReader/IntermediateBuildFilesPath/VoiceReader.build/Release-iphoneos/VoiceReader.build/VoiceReader.DependencyStaticMetadataFileList

WriteAuxiliaryFile /Users/runner/Library/Developer/Xcode/DerivedData/VoiceReader-bvwdbkwbpbgbfcglgmbytagthmuj/Build/Intermediates.noindex/ArchiveIntermediates/VoiceReader/IntermediateBuildFilesPath/VoiceReader.build/Release-iphoneos/VoiceReader.build/VoiceReader.DependencyMetadataFileList (in target 'VoiceReader' from project 'VoiceReader')
    cd /Users/runner/work/voice-message-reader/voice-message-reader
    write-file /Users/runner/Library/Developer/Xcode/DerivedData/VoiceReader-bvwdbkwbpbgbfcglgmbytagthmuj/Build/Intermediates.noindex/ArchiveIntermediates/VoiceReader/IntermediateBuildFilesPath/VoiceReader.build/Release-iphoneos/VoiceReader.build/VoiceReader.DependencyMetadataFileList

WriteAuxiliaryFile /Users/runner/Library/Developer/Xcode/DerivedData/VoiceReader-bvwdbkwbpbgbfcglgmbytagthmuj/Build/Intermediates.noindex/ArchiveIntermediates/VoiceReader/IntermediateBuildFilesPath/VoiceReader.build/Release-iphoneos/VoiceReader.build/VoiceReader-project-headers.hmap (in target 'VoiceReader' from project 'VoiceReader')
    cd /Users/runner/work/voice-message-reader/voice-message-reader
    write-file /Users/runner/Library/Developer/Xcode/DerivedData/VoiceReader-bvwdbkwbpbgbfcglgmbytagthmuj/Build/Intermediates.noindex/ArchiveIntermediates/VoiceReader/IntermediateBuildFilesPath/VoiceReader.build/Release-iphoneos/VoiceReader.build/VoiceReader-project-headers.hmap

WriteAuxiliaryFile /Users/runner/Library/Developer/Xcode/DerivedData/VoiceReader-bvwdbkwbpbgbfcglgmbytagthmuj/Build/Intermediates.noindex/ArchiveIntermediates/VoiceReader/IntermediateBuildFilesPath/VoiceReader.build/Release-iphoneos/VoiceReader.build/VoiceReader-own-target-headers.hmap (in target 'VoiceReader' from project 'VoiceReader')
    cd /Users/runner/work/voice-message-reader/voice-message-reader
    write-file /Users/runner/Library/Developer/Xcode/DerivedData/VoiceReader-bvwdbkwbpbgbfcglgmbytagthmuj/Build/Intermediates.noindex/ArchiveIntermediates/VoiceReader/IntermediateBuildFilesPath/VoiceReader.build/Release-iphoneos/VoiceReader.build/VoiceReader-own-target-headers.hmap

WriteAuxiliaryFile /Users/runner/Library/Developer/Xcode/DerivedData/VoiceReader-bvwdbkwbpbgbfcglgmbytagthmuj/Build/Intermediates.noindex/ArchiveIntermediates/VoiceReader/IntermediateBuildFilesPath/VoiceReader.build/Release-iphoneos/VoiceReader.build/VoiceReader-generated-files.hmap (in target 'VoiceReader' from project 'VoiceReader')
    cd /Users/runner/work/voice-message-reader/voice-message-reader
    write-file /Users/runner/Library/Developer/Xcode/DerivedData/VoiceReader-bvwdbkwbpbgbfcglgmbytagthmuj/Build/Intermediates.noindex/ArchiveIntermediates/VoiceReader/IntermediateBuildFilesPath/VoiceReader.build/Release-iphoneos/VoiceReader.build/VoiceReader-generated-files.hmap

WriteAuxiliaryFile /Users/runner/Library/Developer/Xcode/DerivedData/VoiceReader-bvwdbkwbpbgbfcglgmbytagthmuj/Build/Intermediates.noindex/ArchiveIntermediates/VoiceReader/IntermediateBuildFilesPath/VoiceReader.build/Release-iphoneos/VoiceReader.build/VoiceReader-all-target-headers.hmap (in target 'VoiceReader' from project 'VoiceReader')
    cd /Users/runner/work/voice-message-reader/voice-message-reader
    write-file /Users/runner/Library/Developer/Xcode/DerivedData/VoiceReader-bvwdbkwbpbgbfcglgmbytagthmuj/Build/Intermediates.noindex/ArchiveIntermediates/VoiceReader/IntermediateBuildFilesPath/VoiceReader.build/Release-iphoneos/VoiceReader.build/VoiceReader-all-target-headers.hmap

WriteAuxiliaryFile /Users/runner/Library/Developer/Xcode/DerivedData/VoiceReader-bvwdbkwbpbgbfcglgmbytagthmuj/Build/Intermediates.noindex/ArchiveIntermediates/VoiceReader/IntermediateBuildFilesPath/VoiceReader.build/Release-iphoneos/VoiceReader.build/VoiceReader-all-non-framework-target-headers.hmap (in target 'VoiceReader' from project 'VoiceReader')
    cd /Users/runner/work/voice-message-reader/voice-message-reader
    write-file /Users/runner/Library/Developer/Xcode/DerivedData/VoiceReader-bvwdbkwbpbgbfcglgmbytagthmuj/Build/Intermediates.noindex/ArchiveIntermediates/VoiceReader/IntermediateBuildFilesPath/VoiceReader.build/Release-iphoneos/VoiceReader.build/VoiceReader-all-non-framework-target-headers.hmap

WriteAuxiliaryFile /Users/runner/Library/Developer/Xcode/DerivedData/VoiceReader-bvwdbkwbpbgbfcglgmbytagthmuj/Build/Intermediates.noindex/ArchiveIntermediates/VoiceReader/IntermediateBuildFilesPath/VoiceReader.build/Release-iphoneos/VoiceReader.build/Objects-normal/arm64/VoiceReader_const_extract_protocols.json (in target 'VoiceReader' from project 'VoiceReader')
    cd /Users/runner/work/voice-message-reader/voice-message-reader
    write-file /Users/runner/Library/Developer/Xcode/DerivedData/VoiceReader-bvwdbkwbpbgbfcglgmbytagthmuj/Build/Intermediates.noindex/ArchiveIntermediates/VoiceReader/IntermediateBuildFilesPath/VoiceReader.build/Release-iphoneos/VoiceReader.build/Objects-normal/arm64/VoiceReader_const_extract_protocols.json

WriteAuxiliaryFile /Users/runner/Library/Developer/Xcode/DerivedData/VoiceReader-bvwdbkwbpbgbfcglgmbytagthmuj/Build/Intermediates.noindex/ArchiveIntermediates/VoiceReader/IntermediateBuildFilesPath/VoiceReader.build/Release-iphoneos/VoiceReader.build/Objects-normal/arm64/VoiceReader.SwiftFileList (in target 'VoiceReader' from project 'VoiceReader')
    cd /Users/runner/work/voice-message-reader/voice-message-reader
    write-file /Users/runner/Library/Developer/Xcode/DerivedData/VoiceReader-bvwdbkwbpbgbfcglgmbytagthmuj/Build/Intermediates.noindex/ArchiveIntermediates/VoiceReader/IntermediateBuildFilesPath/VoiceReader.build/Release-iphoneos/VoiceReader.build/Objects-normal/arm64/VoiceReader.SwiftFileList

WriteAuxiliaryFile /Users/runner/Library/Developer/Xcode/DerivedData/VoiceReader-bvwdbkwbpbgbfcglgmbytagthmuj/Build/Intermediates.noindex/ArchiveIntermediates/VoiceReader/IntermediateBuildFilesPath/VoiceReader.build/Release-iphoneos/VoiceReader.build/Objects-normal/arm64/VoiceReader.SwiftConstValuesFileList (in target 'VoiceReader' from project 'VoiceReader')
    cd /Users/runner/work/voice-message-reader/voice-message-reader
    write-file /Users/runner/Library/Developer/Xcode/DerivedData/VoiceReader-bvwdbkwbpbgbfcglgmbytagthmuj/Build/Intermediates.noindex/ArchiveIntermediates/VoiceReader/IntermediateBuildFilesPath/VoiceReader.build/Release-iphoneos/VoiceReader.build/Objects-normal/arm64/VoiceReader.SwiftConstValuesFileList

WriteAuxiliaryFile /Users/runner/Library/Developer/Xcode/DerivedData/VoiceReader-bvwdbkwbpbgbfcglgmbytagthmuj/Build/Intermediates.noindex/ArchiveIntermediates/VoiceReader/IntermediateBuildFilesPath/VoiceReader.build/Release-iphoneos/VoiceReader.build/Objects-normal/arm64/VoiceReader.LinkFileList (in target 'VoiceReader' from project 'VoiceReader')
    cd /Users/runner/work/voice-message-reader/voice-message-reader
    write-file /Users/runner/Library/Developer/Xcode/DerivedData/VoiceReader-bvwdbkwbpbgbfcglgmbytagthmuj/Build/Intermediates.noindex/ArchiveIntermediates/VoiceReader/IntermediateBuildFilesPath/VoiceReader.build/Release-iphoneos/VoiceReader.build/Objects-normal/arm64/VoiceReader.LinkFileList

WriteAuxiliaryFile /Users/runner/Library/Developer/Xcode/DerivedData/VoiceReader-bvwdbkwbpbgbfcglgmbytagthmuj/Build/Intermediates.noindex/ArchiveIntermediates/VoiceReader/IntermediateBuildFilesPath/VoiceReader.build/Release-iphoneos/VoiceReader.build/Objects-normal/arm64/VoiceReader-OutputFileMap.json (in target 'VoiceReader' from project 'VoiceReader')
    cd /Users/runner/work/voice-message-reader/voice-message-reader
    write-file /Users/runner/Library/Developer/Xcode/DerivedData/VoiceReader-bvwdbkwbpbgbfcglgmbytagthmuj/Build/Intermediates.noindex/ArchiveIntermediates/VoiceReader/IntermediateBuildFilesPath/VoiceReader.build/Release-iphoneos/VoiceReader.build/Objects-normal/arm64/VoiceReader-OutputFileMap.json

WriteAuxiliaryFile /Users/runner/Library/Developer/Xcode/DerivedData/VoiceReader-bvwdbkwbpbgbfcglgmbytagthmuj/Build/Intermediates.noindex/ArchiveIntermediates/VoiceReader/IntermediateBuildFilesPath/VoiceReader.build/Release-iphoneos/VoiceReader.build/DerivedSources/Entitlements.plist (in target 'VoiceReader' from project 'VoiceReader')
    cd /Users/runner/work/voice-message-reader/voice-message-reader
    write-file /Users/runner/Library/Developer/Xcode/DerivedData/VoiceReader-bvwdbkwbpbgbfcglgmbytagthmuj/Build/Intermediates.noindex/ArchiveIntermediates/VoiceReader/IntermediateBuildFilesPath/VoiceReader.build/Release-iphoneos/VoiceReader.build/DerivedSources/Entitlements.plist

WriteAuxiliaryFile /Users/runner/Library/Developer/Xcode/DerivedData/VoiceReader-bvwdbkwbpbgbfcglgmbytagthmuj/Build/Intermediates.noindex/ArchiveIntermediates/VoiceReader/IntermediateBuildFilesPath/SwiftOGG.build/Release-iphoneos/SwiftOGG.build/SwiftOGG.modulemap (in target 'SwiftOGG' from project 'SwiftOGG')
    cd /Users/runner/Library/Developer/Xcode/DerivedData/VoiceReader-bvwdbkwbpbgbfcglgmbytagthmuj/SourcePackages/checkouts/swift-ogg
    write-file /Users/runner/Library/Developer/Xcode/DerivedData/VoiceReader-bvwdbkwbpbgbfcglgmbytagthmuj/Build/Intermediates.noindex/ArchiveIntermediates/VoiceReader/IntermediateBuildFilesPath/SwiftOGG.build/Release-iphoneos/SwiftOGG.build/SwiftOGG.modulemap

WriteAuxiliaryFile /Users/runner/Library/Developer/Xcode/DerivedData/VoiceReader-bvwdbkwbpbgbfcglgmbytagthmuj/Build/Intermediates.noindex/ArchiveIntermediates/VoiceReader/IntermediateBuildFilesPath/SwiftOGG.build/Release-iphoneos/SwiftOGG.build/SwiftOGG.DependencyStaticMetadataFileList (in target 'SwiftOGG' from project 'SwiftOGG')
    cd /Users/runner/Library/Developer/Xcode/DerivedData/VoiceReader-bvwdbkwbpbgbfcglgmbytagthmuj/SourcePackages/checkouts/swift-ogg
    write-file /Users/runner/Library/Developer/Xcode/DerivedData/VoiceReader-bvwdbkwbpbgbfcglgmbytagthmuj/Build/Intermediates.noindex/ArchiveIntermediates/VoiceReader/IntermediateBuildFilesPath/SwiftOGG.build/Release-iphoneos/SwiftOGG.build/SwiftOGG.DependencyStaticMetadataFileList

WriteAuxiliaryFile /Users/runner/Library/Developer/Xcode/DerivedData/VoiceReader-bvwdbkwbpbgbfcglgmbytagthmuj/Build/Intermediates.noindex/ArchiveIntermediates/VoiceReader/IntermediateBuildFilesPath/SwiftOGG.build/Release-iphoneos/SwiftOGG.build/SwiftOGG.DependencyMetadataFileList (in target 'SwiftOGG' from project 'SwiftOGG')
    cd /Users/runner/Library/Developer/Xcode/DerivedData/VoiceReader-bvwdbkwbpbgbfcglgmbytagthmuj/SourcePackages/checkouts/swift-ogg
    write-file /Users/runner/Library/Developer/Xcode/DerivedData/VoiceReader-bvwdbkwbpbgbfcglgmbytagthmuj/Build/Intermediates.noindex/ArchiveIntermediates/VoiceReader/IntermediateBuildFilesPath/SwiftOGG.build/Release-iphoneos/SwiftOGG.build/SwiftOGG.DependencyMetadataFileList

WriteAuxiliaryFile /Users/runner/Library/Developer/Xcode/DerivedData/VoiceReader-bvwdbkwbpbgbfcglgmbytagthmuj/Build/Intermediates.noindex/ArchiveIntermediates/VoiceReader/IntermediateBuildFilesPath/SwiftOGG.build/Release-iphoneos/SwiftOGG.build/Objects-normal/arm64/SwiftOGG_const_extract_protocols.json (in target 'SwiftOGG' from project 'SwiftOGG')
    cd /Users/runner/Library/Developer/Xcode/DerivedData/VoiceReader-bvwdbkwbpbgbfcglgmbytagthmuj/SourcePackages/checkouts/swift-ogg
    write-file /Users/runner/Library/Developer/Xcode/DerivedData/VoiceReader-bvwdbkwbpbgbfcglgmbytagthmuj/Build/Intermediates.noindex/ArchiveIntermediates/VoiceReader/IntermediateBuildFilesPath/SwiftOGG.build/Release-iphoneos/SwiftOGG.build/Objects-normal/arm64/SwiftOGG_const_extract_protocols.json

WriteAuxiliaryFile /Users/runner/Library/Developer/Xcode/DerivedData/VoiceReader-bvwdbkwbpbgbfcglgmbytagthmuj/Build/Intermediates.noindex/ArchiveIntermediates/VoiceReader/IntermediateBuildFilesPath/SwiftOGG.build/Release-iphoneos/SwiftOGG.build/Objects-normal/arm64/SwiftOGG.SwiftFileList (in target 'SwiftOGG' from project 'SwiftOGG')
    cd /Users/runner/Library/Developer/Xcode/DerivedData/VoiceReader-bvwdbkwbpbgbfcglgmbytagthmuj/SourcePackages/checkouts/swift-ogg
    write-file /Users/runner/Library/Developer/Xcode/DerivedData/VoiceReader-bvwdbkwbpbgbfcglgmbytagthmuj/Build/Intermediates.noindex/ArchiveIntermediates/VoiceReader/IntermediateBuildFilesPath/SwiftOGG.build/Release-iphoneos/SwiftOGG.build/Objects-normal/arm64/SwiftOGG.SwiftFileList

WriteAuxiliaryFile /Users/runner/Library/Developer/Xcode/DerivedData/VoiceReader-bvwdbkwbpbgbfcglgmbytagthmuj/Build/Intermediates.noindex/ArchiveIntermediates/VoiceReader/IntermediateBuildFilesPath/SwiftOGG.build/Release-iphoneos/SwiftOGG.build/Objects-normal/arm64/SwiftOGG.SwiftConstValuesFileList (in target 'SwiftOGG' from project 'SwiftOGG')
    cd /Users/runner/Library/Developer/Xcode/DerivedData/VoiceReader-bvwdbkwbpbgbfcglgmbytagthmuj/SourcePackages/checkouts/swift-ogg
    write-file /Users/runner/Library/Developer/Xcode/DerivedData/VoiceReader-bvwdbkwbpbgbfcglgmbytagthmuj/Build/Intermediates.noindex/ArchiveIntermediates/VoiceReader/IntermediateBuildFilesPath/SwiftOGG.build/Release-iphoneos/SwiftOGG.build/Objects-normal/arm64/SwiftOGG.SwiftConstValuesFileList

WriteAuxiliaryFile /Users/runner/Library/Developer/Xcode/DerivedData/VoiceReader-bvwdbkwbpbgbfcglgmbytagthmuj/Build/Intermediates.noindex/ArchiveIntermediates/VoiceReader/IntermediateBuildFilesPath/SwiftOGG.build/Release-iphoneos/SwiftOGG.build/Objects-normal/arm64/SwiftOGG.LinkFileList (in target 'SwiftOGG' from project 'SwiftOGG')
    cd /Users/runner/Library/Developer/Xcode/DerivedData/VoiceReader-bvwdbkwbpbgbfcglgmbytagthmuj/SourcePackages/checkouts/swift-ogg
    write-file /Users/runner/Library/Developer/Xcode/DerivedData/VoiceReader-bvwdbkwbpbgbfcglgmbytagthmuj/Build/Intermediates.noindex/ArchiveIntermediates/VoiceReader/IntermediateBuildFilesPath/SwiftOGG.build/Release-iphoneos/SwiftOGG.build/Objects-normal/arm64/SwiftOGG.LinkFileList

WriteAuxiliaryFile /Users/runner/Library/Developer/Xcode/DerivedData/VoiceReader-bvwdbkwbpbgbfcglgmbytagthmuj/Build/Intermediates.noindex/ArchiveIntermediates/VoiceReader/IntermediateBuildFilesPath/SwiftOGG.build/Release-iphoneos/SwiftOGG.build/Objects-normal/arm64/SwiftOGG-OutputFileMap.json (in target 'SwiftOGG' from project 'SwiftOGG')
    cd /Users/runner/Library/Developer/Xcode/DerivedData/VoiceReader-bvwdbkwbpbgbfcglgmbytagthmuj/SourcePackages/checkouts/swift-ogg
    write-file /Users/runner/Library/Developer/Xcode/DerivedData/VoiceReader-bvwdbkwbpbgbfcglgmbytagthmuj/Build/Intermediates.noindex/ArchiveIntermediates/VoiceReader/IntermediateBuildFilesPath/SwiftOGG.build/Release-iphoneos/SwiftOGG.build/Objects-normal/arm64/SwiftOGG-OutputFileMap.json

Copy /Users/runner/Library/Developer/Xcode/DerivedData/VoiceReader-bvwdbkwbpbgbfcglgmbytagthmuj/Build/Intermediates.noindex/ArchiveIntermediates/VoiceReader/IntermediateBuildFilesPath/GeneratedModuleMaps-iphoneos/SwiftOGG.modulemap /Users/runner/Library/Developer/Xcode/DerivedData/VoiceReader-bvwdbkwbpbgbfcglgmbytagthmuj/Build/Intermediates.noindex/ArchiveIntermediates/VoiceReader/IntermediateBuildFilesPath/SwiftOGG.build/Release-iphoneos/SwiftOGG.build/SwiftOGG.modulemap (in target 'SwiftOGG' from project 'SwiftOGG')
    cd /Users/runner/Library/Developer/Xcode/DerivedData/VoiceReader-bvwdbkwbpbgbfcglgmbytagthmuj/SourcePackages/checkouts/swift-ogg
    builtin-copy -exclude .DS_Store -exclude CVS -exclude .svn -exclude .git -exclude .hg -strip-unsigned-binaries -strip-deterministic -strip-tool /Applications/Xcode_26.0.1.app/Contents/Developer/Toolchains/XcodeDefault.xctoolchain/usr/bin/strip -resolve-src-symlinks /Users/runner/Library/Developer/Xcode/DerivedData/VoiceReader-bvwdbkwbpbgbfcglgmbytagthmuj/Build/Intermediates.noindex/ArchiveIntermediates/VoiceReader/IntermediateBuildFilesPath/SwiftOGG.build/Release-iphoneos/SwiftOGG.build/SwiftOGG.modulemap /Users/runner/Library/Developer/Xcode/DerivedData/VoiceReader-bvwdbkwbpbgbfcglgmbytagthmuj/Build/Intermediates.noindex/ArchiveIntermediates/VoiceReader/IntermediateBuildFilesPath/GeneratedModuleMaps-iphoneos

WriteAuxiliaryFile /Users/runner/Library/Developer/Xcode/DerivedData/VoiceReader-bvwdbkwbpbgbfcglgmbytagthmuj/Build/Intermediates.noindex/ArchiveIntermediates/VoiceReader/IntermediateBuildFilesPath/VoiceReader.build/Release-iphoneos/ShareExtension.build/ShareExtension.hmap (in target 'ShareExtension' from project 'VoiceReader')
    cd /Users/runner/work/voice-message-reader/voice-message-reader
    write-file /Users/runner/Library/Developer/Xcode/DerivedData/VoiceReader-bvwdbkwbpbgbfcglgmbytagthmuj/Build/Intermediates.noindex/ArchiveIntermediates/VoiceReader/IntermediateBuildFilesPath/VoiceReader.build/Release-iphoneos/ShareExtension.build/ShareExtension.hmap

WriteAuxiliaryFile /Users/runner/Library/Developer/Xcode/DerivedData/VoiceReader-bvwdbkwbpbgbfcglgmbytagthmuj/Build/Intermediates.noindex/ArchiveIntermediates/VoiceReader/IntermediateBuildFilesPath/VoiceReader.build/Release-iphoneos/ShareExtension.build/ShareExtension.DependencyStaticMetadataFileList (in target 'ShareExtension' from project 'VoiceReader')
    cd /Users/runner/work/voice-message-reader/voice-message-reader
    write-file /Users/runner/Library/Developer/Xcode/DerivedData/VoiceReader-bvwdbkwbpbgbfcglgmbytagthmuj/Build/Intermediates.noindex/ArchiveIntermediates/VoiceReader/IntermediateBuildFilesPath/VoiceReader.build/Release-iphoneos/ShareExtension.build/ShareExtension.DependencyStaticMetadataFileList

WriteAuxiliaryFile /Users/runner/Library/Developer/Xcode/DerivedData/VoiceReader-bvwdbkwbpbgbfcglgmbytagthmuj/Build/Intermediates.noindex/ArchiveIntermediates/VoiceReader/IntermediateBuildFilesPath/VoiceReader.build/Release-iphoneos/ShareExtension.build/ShareExtension.DependencyMetadataFileList (in target 'ShareExtension' from project 'VoiceReader')
    cd /Users/runner/work/voice-message-reader/voice-message-reader
    write-file /Users/runner/Library/Developer/Xcode/DerivedData/VoiceReader-bvwdbkwbpbgbfcglgmbytagthmuj/Build/Intermediates.noindex/ArchiveIntermediates/VoiceReader/IntermediateBuildFilesPath/VoiceReader.build/Release-iphoneos/ShareExtension.build/ShareExtension.DependencyMetadataFileList

WriteAuxiliaryFile /Users/runner/Library/Developer/Xcode/DerivedData/VoiceReader-bvwdbkwbpbgbfcglgmbytagthmuj/Build/Intermediates.noindex/ArchiveIntermediates/VoiceReader/IntermediateBuildFilesPath/VoiceReader.build/Release-iphoneos/ShareExtension.build/ShareExtension-project-headers.hmap (in target 'ShareExtension' from project 'VoiceReader')
    cd /Users/runner/work/voice-message-reader/voice-message-reader
    write-file /Users/runner/Library/Developer/Xcode/DerivedData/VoiceReader-bvwdbkwbpbgbfcglgmbytagthmuj/Build/Intermediates.noindex/ArchiveIntermediates/VoiceReader/IntermediateBuildFilesPath/VoiceReader.build/Release-iphoneos/ShareExtension.build/ShareExtension-project-headers.hmap

WriteAuxiliaryFile /Users/runner/Library/Developer/Xcode/DerivedData/VoiceReader-bvwdbkwbpbgbfcglgmbytagthmuj/Build/Intermediates.noindex/ArchiveIntermediates/VoiceReader/IntermediateBuildFilesPath/VoiceReader.build/Release-iphoneos/ShareExtension.build/ShareExtension-own-target-headers.hmap (in target 'ShareExtension' from project 'VoiceReader')
    cd /Users/runner/work/voice-message-reader/voice-message-reader
    write-file /Users/runner/Library/Developer/Xcode/DerivedData/VoiceReader-bvwdbkwbpbgbfcglgmbytagthmuj/Build/Intermediates.noindex/ArchiveIntermediates/VoiceReader/IntermediateBuildFilesPath/VoiceReader.build/Release-iphoneos/ShareExtension.build/ShareExtension-own-target-headers.hmap

WriteAuxiliaryFile /Users/runner/Library/Developer/Xcode/DerivedData/VoiceReader-bvwdbkwbpbgbfcglgmbytagthmuj/Build/Intermediates.noindex/ArchiveIntermediates/VoiceReader/IntermediateBuildFilesPath/VoiceReader.build/Release-iphoneos/ShareExtension.build/ShareExtension-generated-files.hmap (in target 'ShareExtension' from project 'VoiceReader')
    cd /Users/runner/work/voice-message-reader/voice-message-reader
    write-file /Users/runner/Library/Developer/Xcode/DerivedData/VoiceReader-bvwdbkwbpbgbfcglgmbytagthmuj/Build/Intermediates.noindex/ArchiveIntermediates/VoiceReader/IntermediateBuildFilesPath/VoiceReader.build/Release-iphoneos/ShareExtension.build/ShareExtension-generated-files.hmap

WriteAuxiliaryFile /Users/runner/Library/Developer/Xcode/DerivedData/VoiceReader-bvwdbkwbpbgbfcglgmbytagthmuj/Build/Intermediates.noindex/ArchiveIntermediates/VoiceReader/IntermediateBuildFilesPath/VoiceReader.build/Release-iphoneos/ShareExtension.build/ShareExtension-all-target-headers.hmap (in target 'ShareExtension' from project 'VoiceReader')
    cd /Users/runner/work/voice-message-reader/voice-message-reader
    write-file /Users/runner/Library/Developer/Xcode/DerivedData/VoiceReader-bvwdbkwbpbgbfcglgmbytagthmuj/Build/Intermediates.noindex/ArchiveIntermediates/VoiceReader/IntermediateBuildFilesPath/VoiceReader.build/Release-iphoneos/ShareExtension.build/ShareExtension-all-target-headers.hmap

WriteAuxiliaryFile /Users/runner/Library/Developer/Xcode/DerivedData/VoiceReader-bvwdbkwbpbgbfcglgmbytagthmuj/Build/Intermediates.noindex/ArchiveIntermediates/VoiceReader/IntermediateBuildFilesPath/VoiceReader.build/Release-iphoneos/ShareExtension.build/ShareExtension-all-non-framework-target-headers.hmap (in target 'ShareExtension' from project 'VoiceReader')
    cd /Users/runner/work/voice-message-reader/voice-message-reader
    write-file /Users/runner/Library/Developer/Xcode/DerivedData/VoiceReader-bvwdbkwbpbgbfcglgmbytagthmuj/Build/Intermediates.noindex/ArchiveIntermediates/VoiceReader/IntermediateBuildFilesPath/VoiceReader.build/Release-iphoneos/ShareExtension.build/ShareExtension-all-non-framework-target-headers.hmap

WriteAuxiliaryFile /Users/runner/Library/Developer/Xcode/DerivedData/VoiceReader-bvwdbkwbpbgbfcglgmbytagthmuj/Build/Intermediates.noindex/ArchiveIntermediates/VoiceReader/IntermediateBuildFilesPath/VoiceReader.build/Release-iphoneos/ShareExtension.build/Objects-normal/arm64/ShareExtension_const_extract_protocols.json (in target 'ShareExtension' from project 'VoiceReader')
    cd /Users/runner/work/voice-message-reader/voice-message-reader
    write-file /Users/runner/Library/Developer/Xcode/DerivedData/VoiceReader-bvwdbkwbpbgbfcglgmbytagthmuj/Build/Intermediates.noindex/ArchiveIntermediates/VoiceReader/IntermediateBuildFilesPath/VoiceReader.build/Release-iphoneos/ShareExtension.build/Objects-normal/arm64/ShareExtension_const_extract_protocols.json

WriteAuxiliaryFile /Users/runner/Library/Developer/Xcode/DerivedData/VoiceReader-bvwdbkwbpbgbfcglgmbytagthmuj/Build/Intermediates.noindex/ArchiveIntermediates/VoiceReader/IntermediateBuildFilesPath/VoiceReader.build/Release-iphoneos/ShareExtension.build/Objects-normal/arm64/ShareExtension.SwiftFileList (in target 'ShareExtension' from project 'VoiceReader')
    cd /Users/runner/work/voice-message-reader/voice-message-reader
    write-file /Users/runner/Library/Developer/Xcode/DerivedData/VoiceReader-bvwdbkwbpbgbfcglgmbytagthmuj/Build/Intermediates.noindex/ArchiveIntermediates/VoiceReader/IntermediateBuildFilesPath/VoiceReader.build/Release-iphoneos/ShareExtension.build/Objects-normal/arm64/ShareExtension.SwiftFileList

WriteAuxiliaryFile /Users/runner/Library/Developer/Xcode/DerivedData/VoiceReader-bvwdbkwbpbgbfcglgmbytagthmuj/Build/Intermediates.noindex/ArchiveIntermediates/VoiceReader/IntermediateBuildFilesPath/VoiceReader.build/Release-iphoneos/ShareExtension.build/Objects-normal/arm64/ShareExtension.SwiftConstValuesFileList (in target 'ShareExtension' from project 'VoiceReader')
    cd /Users/runner/work/voice-message-reader/voice-message-reader
    write-file /Users/runner/Library/Developer/Xcode/DerivedData/VoiceReader-bvwdbkwbpbgbfcglgmbytagthmuj/Build/Intermediates.noindex/ArchiveIntermediates/VoiceReader/IntermediateBuildFilesPath/VoiceReader.build/Release-iphoneos/ShareExtension.build/Objects-normal/arm64/ShareExtension.SwiftConstValuesFileList

WriteAuxiliaryFile /Users/runner/Library/Developer/Xcode/DerivedData/VoiceReader-bvwdbkwbpbgbfcglgmbytagthmuj/Build/Intermediates.noindex/ArchiveIntermediates/VoiceReader/IntermediateBuildFilesPath/VoiceReader.build/Release-iphoneos/ShareExtension.build/Objects-normal/arm64/ShareExtension.LinkFileList (in target 'ShareExtension' from project 'VoiceReader')
    cd /Users/runner/work/voice-message-reader/voice-message-reader
    write-file /Users/runner/Library/Developer/Xcode/DerivedData/VoiceReader-bvwdbkwbpbgbfcglgmbytagthmuj/Build/Intermediates.noindex/ArchiveIntermediates/VoiceReader/IntermediateBuildFilesPath/VoiceReader.build/Release-iphoneos/ShareExtension.build/Objects-normal/arm64/ShareExtension.LinkFileList

WriteAuxiliaryFile /Users/runner/Library/Developer/Xcode/DerivedData/VoiceReader-bvwdbkwbpbgbfcglgmbytagthmuj/Build/Intermediates.noindex/ArchiveIntermediates/VoiceReader/IntermediateBuildFilesPath/VoiceReader.build/Release-iphoneos/ShareExtension.build/Objects-normal/arm64/ShareExtension-OutputFileMap.json (in target 'ShareExtension' from project 'VoiceReader')
    cd /Users/runner/work/voice-message-reader/voice-message-reader
    write-file /Users/runner/Library/Developer/Xcode/DerivedData/VoiceReader-bvwdbkwbpbgbfcglgmbytagthmuj/Build/Intermediates.noindex/ArchiveIntermediates/VoiceReader/IntermediateBuildFilesPath/VoiceReader.build/Release-iphoneos/ShareExtension.build/Objects-normal/arm64/ShareExtension-OutputFileMap.json

WriteAuxiliaryFile /Users/runner/Library/Developer/Xcode/DerivedData/VoiceReader-bvwdbkwbpbgbfcglgmbytagthmuj/Build/Intermediates.noindex/ArchiveIntermediates/VoiceReader/IntermediateBuildFilesPath/VoiceReader.build/Release-iphoneos/ShareExtension.build/DerivedSources/Entitlements.plist (in target 'ShareExtension' from project 'VoiceReader')
    cd /Users/runner/work/voice-message-reader/voice-message-reader
    write-file /Users/runner/Library/Developer/Xcode/DerivedData/VoiceReader-bvwdbkwbpbgbfcglgmbytagthmuj/Build/Intermediates.noindex/ArchiveIntermediates/VoiceReader/IntermediateBuildFilesPath/VoiceReader.build/Release-iphoneos/ShareExtension.build/DerivedSources/Entitlements.plist

WriteAuxiliaryFile /Users/runner/Library/Developer/Xcode/DerivedData/VoiceReader-bvwdbkwbpbgbfcglgmbytagthmuj/Build/Intermediates.noindex/ArchiveIntermediates/VoiceReader/IntermediateBuildFilesPath/SwiftOGG.build/Release-iphoneos/Copustools.build/Objects-normal/arm64/Copustools.LinkFileList (in target 'Copustools' from project 'SwiftOGG')
    cd /Users/runner/Library/Developer/Xcode/DerivedData/VoiceReader-bvwdbkwbpbgbfcglgmbytagthmuj/SourcePackages/checkouts/swift-ogg
    write-file /Users/runner/Library/Developer/Xcode/DerivedData/VoiceReader-bvwdbkwbpbgbfcglgmbytagthmuj/Build/Intermediates.noindex/ArchiveIntermediates/VoiceReader/IntermediateBuildFilesPath/SwiftOGG.build/Release-iphoneos/Copustools.build/Objects-normal/arm64/Copustools.LinkFileList

WriteAuxiliaryFile /Users/runner/Library/Developer/Xcode/DerivedData/VoiceReader-bvwdbkwbpbgbfcglgmbytagthmuj/Build/Intermediates.noindex/ArchiveIntermediates/VoiceReader/IntermediateBuildFilesPath/SwiftOGG.build/Release-iphoneos/Copustools.build/Objects-normal/arm64/7187679823f38a2a940e0043cdf9d637-common-args.resp (in target 'Copustools' from project 'SwiftOGG')
    cd /Users/runner/Library/Developer/Xcode/DerivedData/VoiceReader-bvwdbkwbpbgbfcglgmbytagthmuj/SourcePackages/checkouts/swift-ogg
    write-file /Users/runner/Library/Developer/Xcode/DerivedData/VoiceReader-bvwdbkwbpbgbfcglgmbytagthmuj/Build/Intermediates.noindex/ArchiveIntermediates/VoiceReader/IntermediateBuildFilesPath/SwiftOGG.build/Release-iphoneos/Copustools.build/Objects-normal/arm64/7187679823f38a2a940e0043cdf9d637-common-args.resp
-target arm64-apple-ios12.0 -fmodules -gmodules '-fmodules-cache-path=/Users/runner/Library/Developer/Xcode/DerivedData/ModuleCache.noindex' '-fmodule-name=Copustools' -fpascal-strings -Os -DSWIFT_PACKAGE -isysroot /Applications/Xcode_26.0.1.app/Contents/Developer/Platforms/iPhoneOS.platform/Developer/SDKs/iPhoneOS26.0.sdk -g -I/Users/runner/Library/Developer/Xcode/DerivedData/VoiceReader-bvwdbkwbpbgbfcglgmbytagthmuj/Build/Intermediates.noindex/ArchiveIntermediates/VoiceReader/BuildProductsPath/Release-iphoneos/include -I/Users/runner/Library/Developer/Xcode/DerivedData/VoiceReader-bvwdbkwbpbgbfcglgmbytagthmuj/SourcePackages/checkouts/swift-ogg/Sources/SupportingFiles/Dependencies/Copustools/include -I/Users/runner/Library/Developer/Xcode/DerivedData/VoiceReader-bvwdbkwbpbgbfcglgmbytagthmuj/Build/Intermediates.noindex/ArchiveIntermediates/VoiceReader/IntermediateBuildFilesPath/SwiftOGG.build/Release-iphoneos/Copustools.build/DerivedSources-normal/arm64 -I/Users/runner/Library/Developer/Xcode/DerivedData/VoiceReader-bvwdbkwbpbgbfcglgmbytagthmuj/Build/Intermediates.noindex/ArchiveIntermediates/VoiceReader/IntermediateBuildFilesPath/SwiftOGG.build/Release-iphoneos/Copustools.build/DerivedSources/arm64 -I/Users/runner/Library/Developer/Xcode/DerivedData/VoiceReader-bvwdbkwbpbgbfcglgmbytagthmuj/Build/Intermediates.noindex/ArchiveIntermediates/VoiceReader/IntermediateBuildFilesPath/SwiftOGG.build/Release-iphoneos/Copustools.build/DerivedSources -F/Users/runner/Library/Developer/Xcode/DerivedData/VoiceReader-bvwdbkwbpbgbfcglgmbytagthmuj/Build/Intermediates.noindex/ArchiveIntermediates/VoiceReader/BuildProductsPath/Release-iphoneos -iframework /Applications/Xcode_26.0.1.app/Contents/Developer/Platforms/iPhoneOS.platform/Developer/Library/Frameworks -iframework /Applications/Xcode_26.0.1.app/Contents/Developer/Platforms/iPhoneOS.platform/Developer/SDKs/iPhoneOS26.0.sdk/Developer/Library/Frameworks -DXcode

WriteAuxiliaryFile /Users/runner/Library/Developer/Xcode/DerivedData/VoiceReader-bvwdbkwbpbgbfcglgmbytagthmuj/Build/Intermediates.noindex/ArchiveIntermediates/VoiceReader/IntermediateBuildFilesPath/SwiftOGG.build/Release-iphoneos/Copustools.build/Copustools.DependencyStaticMetadataFileList (in target 'Copustools' from project 'SwiftOGG')
    cd /Users/runner/Library/Developer/Xcode/DerivedData/VoiceReader-bvwdbkwbpbgbfcglgmbytagthmuj/SourcePackages/checkouts/swift-ogg
    write-file /Users/runner/Library/Developer/Xcode/DerivedData/VoiceReader-bvwdbkwbpbgbfcglgmbytagthmuj/Build/Intermediates.noindex/ArchiveIntermediates/VoiceReader/IntermediateBuildFilesPath/SwiftOGG.build/Release-iphoneos/Copustools.build/Copustools.DependencyStaticMetadataFileList

WriteAuxiliaryFile /Users/runner/Library/Developer/Xcode/DerivedData/VoiceReader-bvwdbkwbpbgbfcglgmbytagthmuj/Build/Intermediates.noindex/ArchiveIntermediates/VoiceReader/IntermediateBuildFilesPath/SwiftOGG.build/Release-iphoneos/Copustools.build/Copustools.DependencyMetadataFileList (in target 'Copustools' from project 'SwiftOGG')
    cd /Users/runner/Library/Developer/Xcode/DerivedData/VoiceReader-bvwdbkwbpbgbfcglgmbytagthmuj/SourcePackages/checkouts/swift-ogg
    write-file /Users/runner/Library/Developer/Xcode/DerivedData/VoiceReader-bvwdbkwbpbgbfcglgmbytagthmuj/Build/Intermediates.noindex/ArchiveIntermediates/VoiceReader/IntermediateBuildFilesPath/SwiftOGG.build/Release-iphoneos/Copustools.build/Copustools.DependencyMetadataFileList

SymLink /Users/runner/Library/Developer/Xcode/DerivedData/VoiceReader-bvwdbkwbpbgbfcglgmbytagthmuj/Build/Intermediates.noindex/ArchiveIntermediates/VoiceReader/BuildProductsPath/Release-iphoneos/VoiceReader.app ../../InstallationBuildProductsLocation/Applications/VoiceReader.app (in target 'VoiceReader' from project 'VoiceReader')
    cd /Users/runner/work/voice-message-reader/voice-message-reader
    /bin/ln -sfh ../../InstallationBuildProductsLocation/Applications/VoiceReader.app /Users/runner/Library/Developer/Xcode/DerivedData/VoiceReader-bvwdbkwbpbgbfcglgmbytagthmuj/Build/Intermediates.noindex/ArchiveIntermediates/VoiceReader/BuildProductsPath/Release-iphoneos/VoiceReader.app

MkDir /Users/runner/Library/Developer/Xcode/DerivedData/VoiceReader-bvwdbkwbpbgbfcglgmbytagthmuj/Build/Intermediates.noindex/ArchiveIntermediates/VoiceReader/InstallationBuildProductsLocation/Applications/VoiceReader.app/PlugIns (in target 'VoiceReader' from project 'VoiceReader')
    cd /Users/runner/work/voice-message-reader/voice-message-reader
    /bin/mkdir -p /Users/runner/Library/Developer/Xcode/DerivedData/VoiceReader-bvwdbkwbpbgbfcglgmbytagthmuj/Build/Intermediates.noindex/ArchiveIntermediates/VoiceReader/InstallationBuildProductsLocation/Applications/VoiceReader.app/PlugIns

MkDir /Users/runner/Library/Developer/Xcode/DerivedData/VoiceReader-bvwdbkwbpbgbfcglgmbytagthmuj/Build/Intermediates.noindex/ArchiveIntermediates/VoiceReader/InstallationBuildProductsLocation/Applications/VoiceReader.app/Frameworks (in target 'VoiceReader' from project 'VoiceReader')
    cd /Users/runner/work/voice-message-reader/voice-message-reader
    /bin/mkdir -p /Users/runner/Library/Developer/Xcode/DerivedData/VoiceReader-bvwdbkwbpbgbfcglgmbytagthmuj/Build/Intermediates.noindex/ArchiveIntermediates/VoiceReader/InstallationBuildProductsLocation/Applications/VoiceReader.app/Frameworks

MkDir /Users/runner/Library/Developer/Xcode/DerivedData/VoiceReader-bvwdbkwbpbgbfcglgmbytagthmuj/Build/Intermediates.noindex/ArchiveIntermediates/VoiceReader/InstallationBuildProductsLocation/Applications/VoiceReader.app (in target 'VoiceReader' from project 'VoiceReader')
    cd /Users/runner/work/voice-message-reader/voice-message-reader
    /bin/mkdir -p /Users/runner/Library/Developer/Xcode/DerivedData/VoiceReader-bvwdbkwbpbgbfcglgmbytagthmuj/Build/Intermediates.noindex/ArchiveIntermediates/VoiceReader/InstallationBuildProductsLocation/Applications/VoiceReader.app

SymLink /Users/runner/Library/Developer/Xcode/DerivedData/VoiceReader-bvwdbkwbpbgbfcglgmbytagthmuj/Build/Intermediates.noindex/ArchiveIntermediates/VoiceReader/BuildProductsPath/Release-iphoneos/SwiftOGG.o ../../IntermediateBuildFilesPath/UninstalledProducts/iphoneos/SwiftOGG.o (in target 'SwiftOGG' from project 'SwiftOGG')
    cd /Users/runner/Library/Developer/Xcode/DerivedData/VoiceReader-bvwdbkwbpbgbfcglgmbytagthmuj/SourcePackages/checkouts/swift-ogg
    /bin/ln -sfh ../../IntermediateBuildFilesPath/UninstalledProducts/iphoneos/SwiftOGG.o /Users/runner/Library/Developer/Xcode/DerivedData/VoiceReader-bvwdbkwbpbgbfcglgmbytagthmuj/Build/Intermediates.noindex/ArchiveIntermediates/VoiceReader/BuildProductsPath/Release-iphoneos/SwiftOGG.o

SymLink /Users/runner/Library/Developer/Xcode/DerivedData/VoiceReader-bvwdbkwbpbgbfcglgmbytagthmuj/Build/Intermediates.noindex/ArchiveIntermediates/VoiceReader/BuildProductsPath/Release-iphoneos/ShareExtension.appex ../../IntermediateBuildFilesPath/UninstalledProducts/iphoneos/ShareExtension.appex (in target 'ShareExtension' from project 'VoiceReader')
    cd /Users/runner/work/voice-message-reader/voice-message-reader
    /bin/ln -sfh ../../IntermediateBuildFilesPath/UninstalledProducts/iphoneos/ShareExtension.appex /Users/runner/Library/Developer/Xcode/DerivedData/VoiceReader-bvwdbkwbpbgbfcglgmbytagthmuj/Build/Intermediates.noindex/ArchiveIntermediates/VoiceReader/BuildProductsPath/Release-iphoneos/ShareExtension.appex

MkDir /Users/runner/Library/Developer/Xcode/DerivedData/VoiceReader-bvwdbkwbpbgbfcglgmbytagthmuj/Build/Intermediates.noindex/ArchiveIntermediates/VoiceReader/IntermediateBuildFilesPath/UninstalledProducts/iphoneos/ShareExtension.appex (in target 'ShareExtension' from project 'VoiceReader')
    cd /Users/runner/work/voice-message-reader/voice-message-reader
    /bin/mkdir -p /Users/runner/Library/Developer/Xcode/DerivedData/VoiceReader-bvwdbkwbpbgbfcglgmbytagthmuj/Build/Intermediates.noindex/ArchiveIntermediates/VoiceReader/IntermediateBuildFilesPath/UninstalledProducts/iphoneos/ShareExtension.appex

SymLink /Users/runner/Library/Developer/Xcode/DerivedData/VoiceReader-bvwdbkwbpbgbfcglgmbytagthmuj/Build/Intermediates.noindex/ArchiveIntermediates/VoiceReader/BuildProductsPath/Release-iphoneos/Copustools.o ../../IntermediateBuildFilesPath/UninstalledProducts/iphoneos/Copustools.o (in target 'Copustools' from project 'SwiftOGG')
    cd /Users/runner/Library/Developer/Xcode/DerivedData/VoiceReader-bvwdbkwbpbgbfcglgmbytagthmuj/SourcePackages/checkouts/swift-ogg
    /bin/ln -sfh ../../IntermediateBuildFilesPath/UninstalledProducts/iphoneos/Copustools.o /Users/runner/Library/Developer/Xcode/DerivedData/VoiceReader-bvwdbkwbpbgbfcglgmbytagthmuj/Build/Intermediates.noindex/ArchiveIntermediates/VoiceReader/BuildProductsPath/Release-iphoneos/Copustools.o

WriteAuxiliaryFile /Users/runner/Library/Developer/Xcode/DerivedData/VoiceReader-bvwdbkwbpbgbfcglgmbytagthmuj/Build/Intermediates.noindex/ArchiveIntermediates/VoiceReader/IntermediateBuildFilesPath/VoiceReader.build/Release-iphoneos/ActionExtension.build/DerivedSources/Entitlements.plist (in target 'ActionExtension' from project 'VoiceReader')
    cd /Users/runner/work/voice-message-reader/voice-message-reader
    write-file /Users/runner/Library/Developer/Xcode/DerivedData/VoiceReader-bvwdbkwbpbgbfcglgmbytagthmuj/Build/Intermediates.noindex/ArchiveIntermediates/VoiceReader/IntermediateBuildFilesPath/VoiceReader.build/Release-iphoneos/ActionExtension.build/DerivedSources/Entitlements.plist

WriteAuxiliaryFile /Users/runner/Library/Developer/Xcode/DerivedData/VoiceReader-bvwdbkwbpbgbfcglgmbytagthmuj/Build/Intermediates.noindex/ArchiveIntermediates/VoiceReader/IntermediateBuildFilesPath/VoiceReader.build/Release-iphoneos/ActionExtension.build/Objects-normal/arm64/ActionExtension_const_extract_protocols.json (in target 'ActionExtension' from project 'VoiceReader')
    cd /Users/runner/work/voice-message-reader/voice-message-reader
    write-file /Users/runner/Library/Developer/Xcode/DerivedData/VoiceReader-bvwdbkwbpbgbfcglgmbytagthmuj/Build/Intermediates.noindex/ArchiveIntermediates/VoiceReader/IntermediateBuildFilesPath/VoiceReader.build/Release-iphoneos/ActionExtension.build/Objects-normal/arm64/ActionExtension_const_extract_protocols.json

WriteAuxiliaryFile /Users/runner/Library/Developer/Xcode/DerivedData/VoiceReader-bvwdbkwbpbgbfcglgmbytagthmuj/Build/Intermediates.noindex/ArchiveIntermediates/VoiceReader/IntermediateBuildFilesPath/VoiceReader.build/Release-iphoneos/ActionExtension.build/Objects-normal/arm64/ActionExtension.SwiftFileList (in target 'ActionExtension' from project 'VoiceReader')
    cd /Users/runner/work/voice-message-reader/voice-message-reader
    write-file /Users/runner/Library/Developer/Xcode/DerivedData/VoiceReader-bvwdbkwbpbgbfcglgmbytagthmuj/Build/Intermediates.noindex/ArchiveIntermediates/VoiceReader/IntermediateBuildFilesPath/VoiceReader.build/Release-iphoneos/ActionExtension.build/Objects-normal/arm64/ActionExtension.SwiftFileList

WriteAuxiliaryFile /Users/runner/Library/Developer/Xcode/DerivedData/VoiceReader-bvwdbkwbpbgbfcglgmbytagthmuj/Build/Intermediates.noindex/ArchiveIntermediates/VoiceReader/IntermediateBuildFilesPath/VoiceReader.build/Release-iphoneos/ActionExtension.build/Objects-normal/arm64/ActionExtension.SwiftConstValuesFileList (in target 'ActionExtension' from project 'VoiceReader')
    cd /Users/runner/work/voice-message-reader/voice-message-reader
    write-file /Users/runner/Library/Developer/Xcode/DerivedData/VoiceReader-bvwdbkwbpbgbfcglgmbytagthmuj/Build/Intermediates.noindex/ArchiveIntermediates/VoiceReader/IntermediateBuildFilesPath/VoiceReader.build/Release-iphoneos/ActionExtension.build/Objects-normal/arm64/ActionExtension.SwiftConstValuesFileList

WriteAuxiliaryFile /Users/runner/Library/Developer/Xcode/DerivedData/VoiceReader-bvwdbkwbpbgbfcglgmbytagthmuj/Build/Intermediates.noindex/ArchiveIntermediates/VoiceReader/IntermediateBuildFilesPath/VoiceReader.build/Release-iphoneos/ActionExtension.build/Objects-normal/arm64/ActionExtension.LinkFileList (in target 'ActionExtension' from project 'VoiceReader')
    cd /Users/runner/work/voice-message-reader/voice-message-reader
    write-file /Users/runner/Library/Developer/Xcode/DerivedData/VoiceReader-bvwdbkwbpbgbfcglgmbytagthmuj/Build/Intermediates.noindex/ArchiveIntermediates/VoiceReader/IntermediateBuildFilesPath/VoiceReader.build/Release-iphoneos/ActionExtension.build/Objects-normal/arm64/ActionExtension.LinkFileList

WriteAuxiliaryFile /Users/runner/Library/Developer/Xcode/DerivedData/VoiceReader-bvwdbkwbpbgbfcglgmbytagthmuj/Build/Intermediates.noindex/ArchiveIntermediates/VoiceReader/IntermediateBuildFilesPath/VoiceReader.build/Release-iphoneos/ActionExtension.build/Objects-normal/arm64/ActionExtension-OutputFileMap.json (in target 'ActionExtension' from project 'VoiceReader')
    cd /Users/runner/work/voice-message-reader/voice-message-reader
    write-file /Users/runner/Library/Developer/Xcode/DerivedData/VoiceReader-bvwdbkwbpbgbfcglgmbytagthmuj/Build/Intermediates.noindex/ArchiveIntermediates/VoiceReader/IntermediateBuildFilesPath/VoiceReader.build/Release-iphoneos/ActionExtension.build/Objects-normal/arm64/ActionExtension-OutputFileMap.json

WriteAuxiliaryFile /Users/runner/Library/Developer/Xcode/DerivedData/VoiceReader-bvwdbkwbpbgbfcglgmbytagthmuj/Build/Intermediates.noindex/ArchiveIntermediates/VoiceReader/IntermediateBuildFilesPath/VoiceReader.build/Release-iphoneos/ActionExtension.build/ActionExtension.hmap (in target 'ActionExtension' from project 'VoiceReader')
    cd /Users/runner/work/voice-message-reader/voice-message-reader
    write-file /Users/runner/Library/Developer/Xcode/DerivedData/VoiceReader-bvwdbkwbpbgbfcglgmbytagthmuj/Build/Intermediates.noindex/ArchiveIntermediates/VoiceReader/IntermediateBuildFilesPath/VoiceReader.build/Release-iphoneos/ActionExtension.build/ActionExtension.hmap

WriteAuxiliaryFile /Users/runner/Library/Developer/Xcode/DerivedData/VoiceReader-bvwdbkwbpbgbfcglgmbytagthmuj/Build/Intermediates.noindex/ArchiveIntermediates/VoiceReader/IntermediateBuildFilesPath/VoiceReader.build/Release-iphoneos/ActionExtension.build/ActionExtension.DependencyStaticMetadataFileList (in target 'ActionExtension' from project 'VoiceReader')
    cd /Users/runner/work/voice-message-reader/voice-message-reader
    write-file /Users/runner/Library/Developer/Xcode/DerivedData/VoiceReader-bvwdbkwbpbgbfcglgmbytagthmuj/Build/Intermediates.noindex/ArchiveIntermediates/VoiceReader/IntermediateBuildFilesPath/VoiceReader.build/Release-iphoneos/ActionExtension.build/ActionExtension.DependencyStaticMetadataFileList

WriteAuxiliaryFile /Users/runner/Library/Developer/Xcode/DerivedData/VoiceReader-bvwdbkwbpbgbfcglgmbytagthmuj/Build/Intermediates.noindex/ArchiveIntermediates/VoiceReader/IntermediateBuildFilesPath/VoiceReader.build/Release-iphoneos/ActionExtension.build/ActionExtension.DependencyMetadataFileList (in target 'ActionExtension' from project 'VoiceReader')
    cd /Users/runner/work/voice-message-reader/voice-message-reader
    write-file /Users/runner/Library/Developer/Xcode/DerivedData/VoiceReader-bvwdbkwbpbgbfcglgmbytagthmuj/Build/Intermediates.noindex/ArchiveIntermediates/VoiceReader/IntermediateBuildFilesPath/VoiceReader.build/Release-iphoneos/ActionExtension.build/ActionExtension.DependencyMetadataFileList

WriteAuxiliaryFile /Users/runner/Library/Developer/Xcode/DerivedData/VoiceReader-bvwdbkwbpbgbfcglgmbytagthmuj/Build/Intermediates.noindex/ArchiveIntermediates/VoiceReader/IntermediateBuildFilesPath/VoiceReader.build/Release-iphoneos/ActionExtension.build/ActionExtension-project-headers.hmap (in target 'ActionExtension' from project 'VoiceReader')
    cd /Users/runner/work/voice-message-reader/voice-message-reader
    write-file /Users/runner/Library/Developer/Xcode/DerivedData/VoiceReader-bvwdbkwbpbgbfcglgmbytagthmuj/Build/Intermediates.noindex/ArchiveIntermediates/VoiceReader/IntermediateBuildFilesPath/VoiceReader.build/Release-iphoneos/ActionExtension.build/ActionExtension-project-headers.hmap

WriteAuxiliaryFile /Users/runner/Library/Developer/Xcode/DerivedData/VoiceReader-bvwdbkwbpbgbfcglgmbytagthmuj/Build/Intermediates.noindex/ArchiveIntermediates/VoiceReader/IntermediateBuildFilesPath/VoiceReader.build/Release-iphoneos/ActionExtension.build/ActionExtension-own-target-headers.hmap (in target 'ActionExtension' from project 'VoiceReader')
    cd /Users/runner/work/voice-message-reader/voice-message-reader
    write-file /Users/runner/Library/Developer/Xcode/DerivedData/VoiceReader-bvwdbkwbpbgbfcglgmbytagthmuj/Build/Intermediates.noindex/ArchiveIntermediates/VoiceReader/IntermediateBuildFilesPath/VoiceReader.build/Release-iphoneos/ActionExtension.build/ActionExtension-own-target-headers.hmap

WriteAuxiliaryFile /Users/runner/Library/Developer/Xcode/DerivedData/VoiceReader-bvwdbkwbpbgbfcglgmbytagthmuj/Build/Intermediates.noindex/ArchiveIntermediates/VoiceReader/IntermediateBuildFilesPath/VoiceReader.build/Release-iphoneos/ActionExtension.build/ActionExtension-generated-files.hmap (in target 'ActionExtension' from project 'VoiceReader')
    cd /Users/runner/work/voice-message-reader/voice-message-reader
    write-file /Users/runner/Library/Developer/Xcode/DerivedData/VoiceReader-bvwdbkwbpbgbfcglgmbytagthmuj/Build/Intermediates.noindex/ArchiveIntermediates/VoiceReader/IntermediateBuildFilesPath/VoiceReader.build/Release-iphoneos/ActionExtension.build/ActionExtension-generated-files.hmap

WriteAuxiliaryFile /Users/runner/Library/Developer/Xcode/DerivedData/VoiceReader-bvwdbkwbpbgbfcglgmbytagthmuj/Build/Intermediates.noindex/ArchiveIntermediates/VoiceReader/IntermediateBuildFilesPath/VoiceReader.build/Release-iphoneos/ActionExtension.build/ActionExtension-all-target-headers.hmap (in target 'ActionExtension' from project 'VoiceReader')
    cd /Users/runner/work/voice-message-reader/voice-message-reader
    write-file /Users/runner/Library/Developer/Xcode/DerivedData/VoiceReader-bvwdbkwbpbgbfcglgmbytagthmuj/Build/Intermediates.noindex/ArchiveIntermediates/VoiceReader/IntermediateBuildFilesPath/VoiceReader.build/Release-iphoneos/ActionExtension.build/ActionExtension-all-target-headers.hmap

WriteAuxiliaryFile /Users/runner/Library/Developer/Xcode/DerivedData/VoiceReader-bvwdbkwbpbgbfcglgmbytagthmuj/Build/Intermediates.noindex/ArchiveIntermediates/VoiceReader/IntermediateBuildFilesPath/VoiceReader.build/Release-iphoneos/ActionExtension.build/ActionExtension-all-non-framework-target-headers.hmap (in target 'ActionExtension' from project 'VoiceReader')
    cd /Users/runner/work/voice-message-reader/voice-message-reader
    write-file /Users/runner/Library/Developer/Xcode/DerivedData/VoiceReader-bvwdbkwbpbgbfcglgmbytagthmuj/Build/Intermediates.noindex/ArchiveIntermediates/VoiceReader/IntermediateBuildFilesPath/VoiceReader.build/Release-iphoneos/ActionExtension.build/ActionExtension-all-non-framework-target-headers.hmap

SymLink /Users/runner/Library/Developer/Xcode/DerivedData/VoiceReader-bvwdbkwbpbgbfcglgmbytagthmuj/Build/Intermediates.noindex/ArchiveIntermediates/VoiceReader/BuildProductsPath/Release-iphoneos/ActionExtension.appex ../../IntermediateBuildFilesPath/UninstalledProducts/iphoneos/ActionExtension.appex (in target 'ActionExtension' from project 'VoiceReader')
    cd /Users/runner/work/voice-message-reader/voice-message-reader
    /bin/ln -sfh ../../IntermediateBuildFilesPath/UninstalledProducts/iphoneos/ActionExtension.appex /Users/runner/Library/Developer/Xcode/DerivedData/VoiceReader-bvwdbkwbpbgbfcglgmbytagthmuj/Build/Intermediates.noindex/ArchiveIntermediates/VoiceReader/BuildProductsPath/Release-iphoneos/ActionExtension.appex

MkDir /Users/runner/Library/Developer/Xcode/DerivedData/VoiceReader-bvwdbkwbpbgbfcglgmbytagthmuj/Build/Intermediates.noindex/ArchiveIntermediates/VoiceReader/IntermediateBuildFilesPath/UninstalledProducts/iphoneos/ActionExtension.appex (in target 'ActionExtension' from project 'VoiceReader')
    cd /Users/runner/work/voice-message-reader/voice-message-reader
    /bin/mkdir -p /Users/runner/Library/Developer/Xcode/DerivedData/VoiceReader-bvwdbkwbpbgbfcglgmbytagthmuj/Build/Intermediates.noindex/ArchiveIntermediates/VoiceReader/IntermediateBuildFilesPath/UninstalledProducts/iphoneos/ActionExtension.appex

ProcessProductPackaging /Users/runner/work/voice-message-reader/voice-message-reader/Widget/Widget.entitlements /Users/runner/Library/Developer/Xcode/DerivedData/VoiceReader-bvwdbkwbpbgbfcglgmbytagthmuj/Build/Intermediates.noindex/ArchiveIntermediates/VoiceReader/IntermediateBuildFilesPath/VoiceReader.build/Release-iphoneos/VoiceReaderWidget.build/VoiceReaderWidget.appex.xcent (in target 'VoiceReaderWidget' from project 'VoiceReader')
    cd /Users/runner/work/voice-message-reader/voice-message-reader
    
    Entitlements:
    
    {
    "application-identifier" = "QAT93YWVSF.com.noorulain.voicereader.widget";
    "com.apple.developer.team-identifier" = QAT93YWVSF;
    "com.apple.security.application-groups" =     (
        "group.com.noorulain.voicereader"
    );
    "get-task-allow" = 1;
}
    
    builtin-productPackagingUtility /Users/runner/work/voice-message-reader/voice-message-reader/Widget/Widget.entitlements -entitlements -format xml -o /Users/runner/Library/Developer/Xcode/DerivedData/VoiceReader-bvwdbkwbpbgbfcglgmbytagthmuj/Build/Intermediates.noindex/ArchiveIntermediates/VoiceReader/IntermediateBuildFilesPath/VoiceReader.build/Release-iphoneos/VoiceReaderWidget.build/VoiceReaderWidget.appex.xcent

ProcessProductPackaging /Users/runner/Library/Developer/Xcode/UserData/Provisioning\ Profiles/37c2b0d4-2ccd-47c6-9340-3eb24302bba7.mobileprovision /Users/runner/Library/Developer/Xcode/DerivedData/VoiceReader-bvwdbkwbpbgbfcglgmbytagthmuj/Build/Intermediates.noindex/ArchiveIntermediates/VoiceReader/IntermediateBuildFilesPath/UninstalledProducts/iphoneos/VoiceReaderWidget.appex/embedded.mobileprovision (in target 'VoiceReaderWidget' from project 'VoiceReader')
    cd /Users/runner/work/voice-message-reader/voice-message-reader
    builtin-productPackagingUtility /Users/runner/Library/Developer/Xcode/UserData/Provisioning\ Profiles/37c2b0d4-2ccd-47c6-9340-3eb24302bba7.mobileprovision -o /Users/runner/Library/Developer/Xcode/DerivedData/VoiceReader-bvwdbkwbpbgbfcglgmbytagthmuj/Build/Intermediates.noindex/ArchiveIntermediates/VoiceReader/IntermediateBuildFilesPath/UninstalledProducts/iphoneos/VoiceReaderWidget.appex/embedded.mobileprovision

ProcessProductPackagingDER /Users/runner/Library/Developer/Xcode/DerivedData/VoiceReader-bvwdbkwbpbgbfcglgmbytagthmuj/Build/Intermediates.noindex/ArchiveIntermediates/VoiceReader/IntermediateBuildFilesPath/VoiceReader.build/Release-iphoneos/VoiceReaderWidget.build/VoiceReaderWidget.appex.xcent /Users/runner/Library/Developer/Xcode/DerivedData/VoiceReader-bvwdbkwbpbgbfcglgmbytagthmuj/Build/Intermediates.noindex/ArchiveIntermediates/VoiceReader/IntermediateBuildFilesPath/VoiceReader.build/Release-iphoneos/VoiceReaderWidget.build/VoiceReaderWidget.appex.xcent.der (in target 'VoiceReaderWidget' from project 'VoiceReader')
    cd /Users/runner/work/voice-message-reader/voice-message-reader
    /usr/bin/derq query -f xml -i /Users/runner/Library/Developer/Xcode/DerivedData/VoiceReader-bvwdbkwbpbgbfcglgmbytagthmuj/Build/Intermediates.noindex/ArchiveIntermediates/VoiceReader/IntermediateBuildFilesPath/VoiceReader.build/Release-iphoneos/VoiceReaderWidget.build/VoiceReaderWidget.appex.xcent -o /Users/runner/Library/Developer/Xcode/DerivedData/VoiceReader-bvwdbkwbpbgbfcglgmbytagthmuj/Build/Intermediates.noindex/ArchiveIntermediates/VoiceReader/IntermediateBuildFilesPath/VoiceReader.build/Release-iphoneos/VoiceReaderWidget.build/VoiceReaderWidget.appex.xcent.der --raw

ProcessInfoPlistFile /Users/runner/Library/Developer/Xcode/DerivedData/VoiceReader-bvwdbkwbpbgbfcglgmbytagthmuj/Build/Intermediates.noindex/ArchiveIntermediates/VoiceReader/IntermediateBuildFilesPath/UninstalledProducts/iphoneos/VoiceReaderWidget.appex/Info.plist /Users/runner/work/voice-message-reader/voice-message-reader/Widget/Info.plist (in target 'VoiceReaderWidget' from project 'VoiceReader')
    cd /Users/runner/work/voice-message-reader/voice-message-reader
    builtin-infoPlistUtility /Users/runner/work/voice-message-reader/voice-message-reader/Widget/Info.plist -producttype com.apple.product-type.app-extension -expandbuildsettings -format binary -platform iphoneos -requiredArchitecture arm64 -o /Users/runner/Library/Developer/Xcode/DerivedData/VoiceReader-bvwdbkwbpbgbfcglgmbytagthmuj/Build/Intermediates.noindex/ArchiveIntermediates/VoiceReader/IntermediateBuildFilesPath/UninstalledProducts/iphoneos/VoiceReaderWidget.appex/Info.plist

SwiftDriver VoiceReaderWidget normal arm64 com.apple.xcode.tools.swift.compiler (in target 'VoiceReaderWidget' from project 'VoiceReader')
    cd /Users/runner/work/voice-message-reader/voice-message-reader
    builtin-SwiftDriver -- /Applications/Xcode_26.0.1.app/Contents/Developer/Toolchains/XcodeDefault.xctoolchain/usr/bin/swiftc -module-name VoiceReaderWidget -O -whole-module-optimization -enforce-exclusivity\=checked @/Users/runner/Library/Developer/Xcode/DerivedData/VoiceReader-bvwdbkwbpbgbfcglgmbytagthmuj/Build/Intermediates.noindex/ArchiveIntermediates/VoiceReader/IntermediateBuildFilesPath/VoiceReader.build/Release-iphoneos/VoiceReaderWidget.build/Objects-normal/arm64/VoiceReaderWidget.SwiftFileList -enable-bare-slash-regex -enable-experimental-feature DebugDescriptionMacro -sdk /Applications/Xcode_26.0.1.app/Contents/Developer/Platforms/iPhoneOS.platform/Developer/SDKs/iPhoneOS26.0.sdk -target arm64-apple-ios17.0 -g -module-cache-path /Users/runner/Library/Developer/Xcode/DerivedData/ModuleCache.noindex -Xfrontend -serialize-debugging-options -application-extension -swift-version 5 -I /Users/runner/Library/Developer/Xcode/DerivedData/VoiceReader-bvwdbkwbpbgbfcglgmbytagthmuj/Build/Intermediates.noindex/ArchiveIntermediates/VoiceReader/BuildProductsPath/Release-iphoneos -F /Users/runner/Library/Developer/Xcode/DerivedData/VoiceReader-bvwdbkwbpbgbfcglgmbytagthmuj/Build/Intermediates.noindex/ArchiveIntermediates/VoiceReader/BuildProductsPath/Release-iphoneos -c -num-threads 3 -Xcc -ivfsstatcache -Xcc /Users/runner/Library/Developer/Xcode/DerivedData/SDKStatCaches.noindex/iphoneos26.0-23A339-3885c01c3e6b6a337905948deab2002ee897cee61435230feef45a4748fd4bcc.sdkstatcache -output-file-map /Users/runner/Library/Developer/Xcode/DerivedData/VoiceReader-bvwdbkwbpbgbfcglgmbytagthmuj/Build/Intermediates.noindex/ArchiveIntermediates/VoiceReader/IntermediateBuildFilesPath/VoiceReader.build/Release-iphoneos/VoiceReaderWidget.build/Objects-normal/arm64/VoiceReaderWidget-OutputFileMap.json -use-frontend-parseable-output -save-temps -no-color-diagnostics -explicit-module-build -module-cache-path /Users/runner/Library/Developer/Xcode/DerivedData/VoiceReader-bvwdbkwbpbgbfcglgmbytagthmuj/Build/Intermediates.noindex/ArchiveIntermediates/VoiceReader/IntermediateBuildFilesPath/SwiftExplicitPrecompiledModules -clang-scanner-module-cache-path /Users/runner/Library/Developer/Xcode/DerivedData/ModuleCache.noindex -sdk-module-cache-path /Users/runner/Library/Developer/Xcode/DerivedData/ModuleCache.noindex -serialize-diagnostics -emit-dependencies -emit-module -emit-module-path /Users/runner/Library/Developer/Xcode/DerivedData/VoiceReader-bvwdbkwbpbgbfcglgmbytagthmuj/Build/Intermediates.noindex/ArchiveIntermediates/VoiceReader/IntermediateBuildFilesPath/VoiceReader.build/Release-iphoneos/VoiceReaderWidget.build/Objects-normal/arm64/VoiceReaderWidget.swiftmodule -validate-clang-modules-once -clang-build-session-file /Users/runner/Library/Developer/Xcode/DerivedData/ModuleCache.noindex/Session.modulevalidation -Xcc -I/Users/runner/Library/Developer/Xcode/DerivedData/VoiceReader-bvwdbkwbpbgbfcglgmbytagthmuj/Build/Intermediates.noindex/ArchiveIntermediates/VoiceReader/IntermediateBuildFilesPath/VoiceReader.build/Release-iphoneos/VoiceReaderWidget.build/swift-overrides.hmap -emit-const-values -Xfrontend -const-gather-protocols-file -Xfrontend /Users/runner/Library/Developer/Xcode/DerivedData/VoiceReader-bvwdbkwbpbgbfcglgmbytagthmuj/Build/Intermediates.noindex/ArchiveIntermediates/VoiceReader/IntermediateBuildFilesPath/VoiceReader.build/Release-iphoneos/VoiceReaderWidget.build/Objects-normal/arm64/VoiceReaderWidget_const_extract_protocols.json -Xcc -iquote -Xcc /Users/runner/Library/Developer/Xcode/DerivedData/VoiceReader-bvwdbkwbpbgbfcglgmbytagthmuj/Build/Intermediates.noindex/ArchiveIntermediates/VoiceReader/IntermediateBuildFilesPath/VoiceReader.build/Release-iphoneos/VoiceReaderWidget.build/VoiceReaderWidget-generated-files.hmap -Xcc -I/Users/runner/Library/Developer/Xcode/DerivedData/VoiceReader-bvwdbkwbpbgbfcglgmbytagthmuj/Build/Intermediates.noindex/ArchiveIntermediates/VoiceReader/IntermediateBuildFilesPath/VoiceReader.build/Release-iphoneos/VoiceReaderWidget.build/VoiceReaderWidget-own-target-headers.hmap -Xcc -I/Users/runner/Library/Developer/Xcode/DerivedData/VoiceReader-bvwdbkwbpbgbfcglgmbytagthmuj/Build/Intermediates.noindex/ArchiveIntermediates/VoiceReader/IntermediateBuildFilesPath/VoiceReader.build/Release-iphoneos/VoiceReaderWidget.build/VoiceReaderWidget-all-non-framework-target-headers.hmap -Xcc -ivfsoverlay -Xcc /Users/runner/Library/Developer/Xcode/DerivedData/VoiceReader-bvwdbkwbpbgbfcglgmbytagthmuj/Build/Intermediates.noindex/ArchiveIntermediates/VoiceReader/IntermediateBuildFilesPath/VoiceReader.build/Release-iphoneos/VoiceReader-830d9596576bdeff74835997051ea29d-VFS-iphoneos/all-product-headers.yaml -Xcc -iquote -Xcc /Users/runner/Library/Developer/Xcode/DerivedData/VoiceReader-bvwdbkwbpbgbfcglgmbytagthmuj/Build/Intermediates.noindex/ArchiveIntermediates/VoiceReader/IntermediateBuildFilesPath/VoiceReader.build/Release-iphoneos/VoiceReaderWidget.build/VoiceReaderWidget-project-headers.hmap -Xcc -I/Users/runner/Library/Developer/Xcode/DerivedData/VoiceReader-bvwdbkwbpbgbfcglgmbytagthmuj/Build/Intermediates.noindex/ArchiveIntermediates/VoiceReader/BuildProductsPath/Release-iphoneos/include -Xcc -I/Users/runner/Library/Developer/Xcode/DerivedData/VoiceReader-bvwdbkwbpbgbfcglgmbytagthmuj/Build/Intermediates.noindex/ArchiveIntermediates/VoiceReader/IntermediateBuildFilesPath/VoiceReader.build/Release-iphoneos/VoiceReaderWidget.build/DerivedSources-normal/arm64 -Xcc -I/Users/runner/Library/Developer/Xcode/DerivedData/VoiceReader-bvwdbkwbpbgbfcglgmbytagthmuj/Build/Intermediates.noindex/ArchiveIntermediates/VoiceReader/IntermediateBuildFilesPath/VoiceReader.build/Release-iphoneos/VoiceReaderWidget.build/DerivedSources/arm64 -Xcc -I/Users/runner/Library/Developer/Xcode/DerivedData/VoiceReader-bvwdbkwbpbgbfcglgmbytagthmuj/Build/Intermediates.noindex/ArchiveIntermediates/VoiceReader/IntermediateBuildFilesPath/VoiceReader.build/Release-iphoneos/VoiceReaderWidget.build/DerivedSources -emit-objc-header -emit-objc-header-path /Users/runner/Library/Developer/Xcode/DerivedData/VoiceReader-bvwdbkwbpbgbfcglgmbytagthmuj/Build/Intermediates.noindex/ArchiveIntermediates/VoiceReader/IntermediateBuildFilesPath/VoiceReader.build/Release-iphoneos/VoiceReaderWidget.build/Objects-normal/arm64/VoiceReaderWidget-Swift.h -working-directory /Users/runner/work/voice-message-reader/voice-message-reader -no-emit-module-separately-wmo

SwiftDriver SwiftOGG normal arm64 com.apple.xcode.tools.swift.compiler (in target 'SwiftOGG' from project 'SwiftOGG')
    cd /Users/runner/work/voice-message-reader/voice-message-reader/VoiceReader.xcodeproj
    builtin-SwiftDriver -- /Applications/Xcode_26.0.1.app/Contents/Developer/Toolchains/XcodeDefault.xctoolchain/usr/bin/swiftc -module-name SwiftOGG -O -whole-module-optimization -enforce-exclusivity\=checked @/Users/runner/Library/Developer/Xcode/DerivedData/VoiceReader-bvwdbkwbpbgbfcglgmbytagthmuj/Build/Intermediates.noindex/ArchiveIntermediates/VoiceReader/IntermediateBuildFilesPath/SwiftOGG.build/Release-iphoneos/SwiftOGG.build/Objects-normal/arm64/SwiftOGG.SwiftFileList -DSWIFT_PACKAGE -DSWIFT_MODULE_RESOURCE_BUNDLE_UNAVAILABLE -DXcode -plugin-path /Applications/Xcode_26.0.1.app/Contents/Developer/Toolchains/XcodeDefault.xctoolchain/usr/lib/swift/host/plugins/testing -enable-experimental-feature DebugDescriptionMacro -sdk /Applications/Xcode_26.0.1.app/Contents/Developer/Platforms/iPhoneOS.platform/Developer/SDKs/iPhoneOS26.0.sdk -target arm64-apple-ios12.0 -g -module-cache-path /Users/runner/Library/Developer/Xcode/DerivedData/ModuleCache.noindex -Xfrontend -serialize-debugging-options -suppress-warnings -swift-version 5 -I /Users/runner/Library/Developer/Xcode/DerivedData/VoiceReader-bvwdbkwbpbgbfcglgmbytagthmuj/Build/Intermediates.noindex/ArchiveIntermediates/VoiceReader/BuildProductsPath/Release-iphoneos -Isystem /Applications/Xcode_26.0.1.app/Contents/Developer/Platforms/iPhoneOS.platform/Developer/usr/lib -F /Users/runner/Library/Developer/Xcode/DerivedData/VoiceReader-bvwdbkwbpbgbfcglgmbytagthmuj/Build/Intermediates.noindex/ArchiveIntermediates/VoiceReader/BuildProductsPath/Release-iphoneos/PackageFrameworks -F /Users/runner/Library/Developer/Xcode/DerivedData/VoiceReader-bvwdbkwbpbgbfcglgmbytagthmuj/Build/Intermediates.noindex/ArchiveIntermediates/VoiceReader/BuildProductsPath/Release-iphoneos -F /Applications/Xcode_26.0.1.app/Contents/Developer/Platforms/iPhoneOS.platform/Developer/Library/Frameworks -F /Applications/Xcode_26.0.1.app/Contents/Developer/Platforms/iPhoneOS.platform/Developer/SDKs/iPhoneOS26.0.sdk/Developer/Library/Frameworks -c -num-threads 3 -Xcc -ivfsstatcache -Xcc /Users/runner/Library/Developer/Xcode/DerivedData/SDKStatCaches.noindex/iphoneos26.0-23A339-3885c01c3e6b6a337905948deab2002ee897cee61435230feef45a4748fd4bcc.sdkstatcache -output-file-map /Users/runner/Library/Developer/Xcode/DerivedData/VoiceReader-bvwdbkwbpbgbfcglgmbytagthmuj/Build/Intermediates.noindex/ArchiveIntermediates/VoiceReader/IntermediateBuildFilesPath/SwiftOGG.build/Release-iphoneos/SwiftOGG.build/Objects-normal/arm64/SwiftOGG-OutputFileMap.json -use-frontend-parseable-output -save-temps -no-color-diagnostics -explicit-module-build -module-cache-path /Users/runner/Library/Developer/Xcode/DerivedData/VoiceReader-bvwdbkwbpbgbfcglgmbytagthmuj/Build/Intermediates.noindex/ArchiveIntermediates/VoiceReader/IntermediateBuildFilesPath/SwiftExplicitPrecompiledModules -clang-scanner-module-cache-path /Users/runner/Library/Developer/Xcode/DerivedData/ModuleCache.noindex -sdk-module-cache-path /Users/runner/Library/Developer/Xcode/DerivedData/ModuleCache.noindex -serialize-diagnostics -emit-dependencies -emit-module -emit-module-path /Users/runner/Library/Developer/Xcode/DerivedData/VoiceReader-bvwdbkwbpbgbfcglgmbytagthmuj/Build/Intermediates.noindex/ArchiveIntermediates/VoiceReader/IntermediateBuildFilesPath/SwiftOGG.build/Release-iphoneos/SwiftOGG.build/Objects-normal/arm64/SwiftOGG.swiftmodule -validate-clang-modules-once -clang-build-session-file /Users/runner/Library/Developer/Xcode/DerivedData/ModuleCache.noindex/Session.modulevalidation -Xcc -I/Users/runner/Library/Developer/Xcode/DerivedData/VoiceReader-bvwdbkwbpbgbfcglgmbytagthmuj/Build/Intermediates.noindex/ArchiveIntermediates/VoiceReader/IntermediateBuildFilesPath/SwiftOGG.build/Release-iphoneos/SwiftOGG.build/swift-overrides.hmap -emit-const-values -Xfrontend -const-gather-protocols-file -Xfrontend /Users/runner/Library/Developer/Xcode/DerivedData/VoiceReader-bvwdbkwbpbgbfcglgmbytagthmuj/Build/Intermediates.noindex/ArchiveIntermediates/VoiceReader/IntermediateBuildFilesPath/SwiftOGG.build/Release-iphoneos/SwiftOGG.build/Objects-normal/arm64/SwiftOGG_const_extract_protocols.json -Xcc -I/Users/runner/Library/Developer/Xcode/DerivedData/VoiceReader-bvwdbkwbpbgbfcglgmbytagthmuj/SourcePackages/checkouts/swift-ogg/Sources/SupportingFiles/Dependencies/Copustools/include -Xcc -I/Users/runner/Library/Developer/Xcode/DerivedData/VoiceReader-bvwdbkwbpbgbfcglgmbytagthmuj/Build/Intermediates.noindex/ArchiveIntermediates/VoiceReader/BuildProductsPath/Release-iphoneos/include -Xcc -I/Users/runner/Library/Developer/Xcode/DerivedData/VoiceReader-bvwdbkwbpbgbfcglgmbytagthmuj/Build/Intermediates.noindex/ArchiveIntermediates/VoiceReader/IntermediateBuildFilesPath/SwiftOGG.build/Release-iphoneos/SwiftOGG.build/DerivedSources-normal/arm64 -Xcc -I/Users/runner/Library/Developer/Xcode/DerivedData/VoiceReader-bvwdbkwbpbgbfcglgmbytagthmuj/Build/Intermediates.noindex/ArchiveIntermediates/VoiceReader/IntermediateBuildFilesPath/SwiftOGG.build/Release-iphoneos/SwiftOGG.build/DerivedSources/arm64 -Xcc -I/Users/runner/Library/Developer/Xcode/DerivedData/VoiceReader-bvwdbkwbpbgbfcglgmbytagthmuj/Build/Intermediates.noindex/ArchiveIntermediates/VoiceReader/IntermediateBuildFilesPath/SwiftOGG.build/Release-iphoneos/SwiftOGG.build/DerivedSources -Xcc -DSWIFT_PACKAGE -emit-objc-header -emit-objc-header-path /Users/runner/Library/Developer/Xcode/DerivedData/VoiceReader-bvwdbkwbpbgbfcglgmbytagthmuj/Build/Intermediates.noindex/ArchiveIntermediates/VoiceReader/IntermediateBuildFilesPath/SwiftOGG.build/Release-iphoneos/SwiftOGG.build/Objects-normal/arm64/SwiftOGG-Swift.h -working-directory /Users/runner/work/voice-message-reader/voice-message-reader/VoiceReader.xcodeproj -no-emit-module-separately-wmo

ScanDependencies /Users/runner/Library/Developer/Xcode/DerivedData/VoiceReader-bvwdbkwbpbgbfcglgmbytagthmuj/Build/Intermediates.noindex/ArchiveIntermediates/VoiceReader/IntermediateBuildFilesPath/SwiftOGG.build/Release-iphoneos/Copustools.build/Objects-normal/arm64/opus_header.o /Users/runner/Library/Developer/Xcode/DerivedData/VoiceReader-bvwdbkwbpbgbfcglgmbytagthmuj/SourcePackages/checkouts/swift-ogg/Sources/SupportingFiles/Dependencies/Copustools/opus_header.c normal arm64 c com.apple.compilers.llvm.clang.1_0.compiler (in target 'Copustools' from project 'SwiftOGG')
    cd /Users/runner/work/voice-message-reader/voice-message-reader/VoiceReader.xcodeproj
    
    Using response file: /Users/runner/Library/Developer/Xcode/DerivedData/VoiceReader-bvwdbkwbpbgbfcglgmbytagthmuj/Build/Intermediates.noindex/ArchiveIntermediates/VoiceReader/IntermediateBuildFilesPath/SwiftOGG.build/Release-iphoneos/Copustools.build/Objects-normal/arm64/7187679823f38a2a940e0043cdf9d637-common-args.resp
    
    builtin-ScanDependencies -o /Users/runner/Library/Developer/Xcode/DerivedData/VoiceReader-bvwdbkwbpbgbfcglgmbytagthmuj/Build/Intermediates.noindex/ArchiveIntermediates/VoiceReader/IntermediateBuildFilesPath/SwiftOGG.build/Release-iphoneos/Copustools.build/Objects-normal/arm64/opus_header.o.scan -- /Applications/Xcode_26.0.1.app/Contents/Developer/Toolchains/XcodeDefault.xctoolchain/usr/bin/clang -x c -ivfsstatcache /Users/runner/Library/Developer/Xcode/DerivedData/SDKStatCaches.noindex/iphoneos26.0-23A339-3885c01c3e6b6a337905948deab2002ee897cee61435230feef45a4748fd4bcc.sdkstatcache -fmessage-length\=0 -fdiagnostics-show-note-include-stack -fmacro-backtrace-limit\=0 -fno-color-diagnostics -fmodules-prune-interval\=86400 -fmodules-prune-after\=345600 -fbuild-session-file\=/Users/runner/Library/Developer/Xcode/DerivedData/ModuleCache.noindex/Session.modulevalidation -fmodules-validate-once-per-build-session -Wnon-modular-include-in-framework-module -Werror\=non-modular-include-in-framework-module -Wno-trigraphs -Wno-missing-field-initializers -Wno-missing-prototypes -Wno-return-type -Wno-missing-braces -Wparentheses -Wswitch -Wno-unused-function -Wno-unused-label -Wno-unused-parameter -Wno-unused-variable -Wunused-value -Wno-empty-body -Wno-uninitialized -Wno-unknown-pragmas -w -Wno-shadow -Wno-four-char-constants -Wno-conversion -Wno-constant-conversion -Wno-int-conversion -Wno-bool-conversion -Wno-enum-conversion -Wno-float-conversion -Wno-non-literal-null-conversion -Wno-objc-literal-conversion -Wshorten-64-to-32 -Wpointer-sign -Wno-newline-eof -Wno-implicit-fallthrough -fstrict-aliasing -Wdeprecated-declarations -Wno-sign-conversion -Wno-infinite-recursion -Wno-comma -Wno-block-capture-autoreleasing -Wno-strict-prototypes -Wno-semicolon-before-method-body @/Users/runner/Library/Developer/Xcode/DerivedData/VoiceReader-bvwdbkwbpbgbfcglgmbytagthmuj/Build/Intermediates.noindex/ArchiveIntermediates/VoiceReader/IntermediateBuildFilesPath/SwiftOGG.build/Release-iphoneos/Copustools.build/Objects-normal/arm64/7187679823f38a2a940e0043cdf9d637-common-args.resp -MMD -MT dependencies -MF /Users/runner/Library/Developer/Xcode/DerivedData/VoiceReader-bvwdbkwbpbgbfcglgmbytagthmuj/Build/Intermediates.noindex/ArchiveIntermediates/VoiceReader/IntermediateBuildFilesPath/SwiftOGG.build/Release-iphoneos/Copustools.build/Objects-normal/arm64/opus_header.d --serialize-diagnostics /Users/runner/Library/Developer/Xcode/DerivedData/VoiceReader-bvwdbkwbpbgbfcglgmbytagthmuj/Build/Intermediates.noindex/ArchiveIntermediates/VoiceReader/IntermediateBuildFilesPath/SwiftOGG.build/Release-iphoneos/Copustools.build/Objects-normal/arm64/opus_header.dia -c /Users/runner/Library/Developer/Xcode/DerivedData/VoiceReader-bvwdbkwbpbgbfcglgmbytagthmuj/SourcePackages/checkouts/swift-ogg/Sources/SupportingFiles/Dependencies/Copustools/opus_header.c -o /Users/runner/Library/Developer/Xcode/DerivedData/VoiceReader-bvwdbkwbpbgbfcglgmbytagthmuj/Build/Intermediates.noindex/ArchiveIntermediates/VoiceReader/IntermediateBuildFilesPath/SwiftOGG.build/Release-iphoneos/Copustools.build/Objects-normal/arm64/opus_header.o

PrecompileModule /Users/runner/Library/Developer/Xcode/DerivedData/VoiceReader-bvwdbkwbpbgbfcglgmbytagthmuj/Build/Intermediates.noindex/ArchiveIntermediates/VoiceReader/IntermediateBuildFilesPath/ExplicitPrecompiledModules/_AvailabilityInternal-7HJQJ01UR5MIA33RO127QHF51.scan
    cd /
    builtin-precompileModule /Users/runner/Library/Developer/Xcode/DerivedData/VoiceReader-bvwdbkwbpbgbfcglgmbytagthmuj/Build/Intermediates.noindex/ArchiveIntermediates/VoiceReader/IntermediateBuildFilesPath/ExplicitPrecompiledModules/_AvailabilityInternal-7HJQJ01UR5MIA33RO127QHF51.scan

PrecompileModule /Users/runner/Library/Developer/Xcode/DerivedData/VoiceReader-bvwdbkwbpbgbfcglgmbytagthmuj/Build/Intermediates.noindex/ArchiveIntermediates/VoiceReader/IntermediateBuildFilesPath/ExplicitPrecompiledModules/_Builtin_stddef-3ZRWHB2YU1IF9IY03DRO7J2W.scan
    cd /
    builtin-precompileModule /Users/runner/Library/Developer/Xcode/DerivedData/VoiceReader-bvwdbkwbpbgbfcglgmbytagthmuj/Build/Intermediates.noindex/ArchiveIntermediates/VoiceReader/IntermediateBuildFilesPath/ExplicitPrecompiledModules/_Builtin_stddef-3ZRWHB2YU1IF9IY03DRO7J2W.scan

PrecompileModule /Users/runner/Library/Developer/Xcode/DerivedData/VoiceReader-bvwdbkwbpbgbfcglgmbytagthmuj/Build/Intermediates.noindex/ArchiveIntermediates/VoiceReader/IntermediateBuildFilesPath/ExplicitPrecompiledModules/_Builtin_stdarg-HGW1BQZF8EZTUTS21CROG2T2.scan
    cd /
    builtin-precompileModule /Users/runner/Library/Developer/Xcode/DerivedData/VoiceReader-bvwdbkwbpbgbfcglgmbytagthmuj/Build/Intermediates.noindex/ArchiveIntermediates/VoiceReader/IntermediateBuildFilesPath/ExplicitPrecompiledModules/_Builtin_stdarg-HGW1BQZF8EZTUTS21CROG2T2.scan

PrecompileModule /Users/runner/Library/Developer/Xcode/DerivedData/VoiceReader-bvwdbkwbpbgbfcglgmbytagthmuj/Build/Intermediates.noindex/ArchiveIntermediates/VoiceReader/IntermediateBuildFilesPath/ExplicitPrecompiledModules/ptrcheck-4M1FY3YKN3IRRS0U9HLVVRGQV.scan
    cd /
    builtin-precompileModule /Users/runner/Library/Developer/Xcode/DerivedData/VoiceReader-bvwdbkwbpbgbfcglgmbytagthmuj/Build/Intermediates.noindex/ArchiveIntermediates/VoiceReader/IntermediateBuildFilesPath/ExplicitPrecompiledModules/ptrcheck-4M1FY3YKN3IRRS0U9HLVVRGQV.scan

PrecompileModule /Users/runner/Library/Developer/Xcode/DerivedData/VoiceReader-bvwdbkwbpbgbfcglgmbytagthmuj/Build/Intermediates.noindex/ArchiveIntermediates/VoiceReader/IntermediateBuildFilesPath/ExplicitPrecompiledModules/_DarwinFoundation1-C6T2OWZ5FA7XS2BKZ697QM2SW.scan
    cd /
    builtin-precompileModule /Users/runner/Library/Developer/Xcode/DerivedData/VoiceReader-bvwdbkwbpbgbfcglgmbytagthmuj/Build/Intermediates.noindex/ArchiveIntermediates/VoiceReader/IntermediateBuildFilesPath/ExplicitPrecompiledModules/_DarwinFoundation1-C6T2OWZ5FA7XS2BKZ697QM2SW.scan

PrecompileModule /Users/runner/Library/Developer/Xcode/DerivedData/VoiceReader-bvwdbkwbpbgbfcglgmbytagthmuj/Build/Intermediates.noindex/ArchiveIntermediates/VoiceReader/IntermediateBuildFilesPath/ExplicitPrecompiledModules/_DarwinFoundation2-5Z9SP2MONSVAKIK5S2CYS62H.scan
    cd /
    builtin-precompileModule /Users/runner/Library/Developer/Xcode/DerivedData/VoiceReader-bvwdbkwbpbgbfcglgmbytagthmuj/Build/Intermediates.noindex/ArchiveIntermediates/VoiceReader/IntermediateBuildFilesPath/ExplicitPrecompiledModules/_DarwinFoundation2-5Z9SP2MONSVAKIK5S2CYS62H.scan

CompileC /Users/runner/Library/Developer/Xcode/DerivedData/VoiceReader-bvwdbkwbpbgbfcglgmbytagthmuj/Build/Intermediates.noindex/ArchiveIntermediates/VoiceReader/IntermediateBuildFilesPath/SwiftOGG.build/Release-iphoneos/Copustools.build/Objects-normal/arm64/opus_header.o /Users/runner/Library/Developer/Xcode/DerivedData/VoiceReader-bvwdbkwbpbgbfcglgmbytagthmuj/SourcePackages/checkouts/swift-ogg/Sources/SupportingFiles/Dependencies/Copustools/opus_header.c normal arm64 c com.apple.compilers.llvm.clang.1_0.compiler (in target 'Copustools' from project 'SwiftOGG')
    cd /Users/runner/work/voice-message-reader/voice-message-reader/VoiceReader.xcodeproj
    
    Using response file: /Users/runner/Library/Developer/Xcode/DerivedData/VoiceReader-bvwdbkwbpbgbfcglgmbytagthmuj/Build/Intermediates.noindex/ArchiveIntermediates/VoiceReader/IntermediateBuildFilesPath/SwiftOGG.build/Release-iphoneos/Copustools.build/Objects-normal/arm64/7187679823f38a2a940e0043cdf9d637-common-args.resp
    
    /Applications/Xcode_26.0.1.app/Contents/Developer/Toolchains/XcodeDefault.xctoolchain/usr/bin/clang -x c -ivfsstatcache /Users/runner/Library/Developer/Xcode/DerivedData/SDKStatCaches.noindex/iphoneos26.0-23A339-3885c01c3e6b6a337905948deab2002ee897cee61435230feef45a4748fd4bcc.sdkstatcache -fmessage-length\=0 -fdiagnostics-show-note-include-stack -fmacro-backtrace-limit\=0 -fno-color-diagnostics -fmodules-prune-interval\=86400 -fmodules-prune-after\=345600 -fbuild-session-file\=/Users/runner/Library/Developer/Xcode/DerivedData/ModuleCache.noindex/Session.modulevalidation -fmodules-validate-once-per-build-session -Wnon-modular-include-in-framework-module -Werror\=non-modular-include-in-framework-module -Wno-trigraphs -Wno-missing-field-initializers -Wno-missing-prototypes -Wno-return-type -Wno-missing-braces -Wparentheses -Wswitch -Wno-unused-function -Wno-unused-label -Wno-unused-parameter -Wno-unused-variable -Wunused-value -Wno-empty-body -Wno-uninitialized -Wno-unknown-pragmas -w -Wno-shadow -Wno-four-char-constants -Wno-conversion -Wno-constant-conversion -Wno-int-conversion -Wno-bool-conversion -Wno-enum-conversion -Wno-float-conversion -Wno-non-literal-null-conversion -Wno-objc-literal-conversion -Wshorten-64-to-32 -Wpointer-sign -Wno-newline-eof -Wno-implicit-fallthrough -fstrict-aliasing -Wdeprecated-declarations -Wno-sign-conversion -Wno-infinite-recursion -Wno-comma -Wno-block-capture-autoreleasing -Wno-strict-prototypes -Wno-semicolon-before-method-body @/Users/runner/Library/Developer/Xcode/DerivedData/VoiceReader-bvwdbkwbpbgbfcglgmbytagthmuj/Build/Intermediates.noindex/ArchiveIntermediates/VoiceReader/IntermediateBuildFilesPath/SwiftOGG.build/Release-iphoneos/Copustools.build/Objects-normal/arm64/7187679823f38a2a940e0043cdf9d637-common-args.resp -MMD -MT dependencies -MF /Users/runner/Library/Developer/Xcode/DerivedData/VoiceReader-bvwdbkwbpbgbfcglgmbytagthmuj/Build/Intermediates.noindex/ArchiveIntermediates/VoiceReader/IntermediateBuildFilesPath/SwiftOGG.build/Release-iphoneos/Copustools.build/Objects-normal/arm64/opus_header.d --serialize-diagnostics /Users/runner/Library/Developer/Xcode/DerivedData/VoiceReader-bvwdbkwbpbgbfcglgmbytagthmuj/Build/Intermediates.noindex/ArchiveIntermediates/VoiceReader/IntermediateBuildFilesPath/SwiftOGG.build/Release-iphoneos/Copustools.build/Objects-normal/arm64/opus_header.dia -c /Users/runner/Library/Developer/Xcode/DerivedData/VoiceReader-bvwdbkwbpbgbfcglgmbytagthmuj/SourcePackages/checkouts/swift-ogg/Sources/SupportingFiles/Dependencies/Copustools/opus_header.c -o /Users/runner/Library/Developer/Xcode/DerivedData/VoiceReader-bvwdbkwbpbgbfcglgmbytagthmuj/Build/Intermediates.noindex/ArchiveIntermediates/VoiceReader/IntermediateBuildFilesPath/SwiftOGG.build/Release-iphoneos/Copustools.build/Objects-normal/arm64/opus_header.o

Ld /Users/runner/Library/Developer/Xcode/DerivedData/VoiceReader-bvwdbkwbpbgbfcglgmbytagthmuj/Build/Intermediates.noindex/ArchiveIntermediates/VoiceReader/IntermediateBuildFilesPath/UninstalledProducts/iphoneos/Copustools.o normal (in target 'Copustools' from project 'SwiftOGG')
    cd /Users/runner/Library/Developer/Xcode/DerivedData/VoiceReader-bvwdbkwbpbgbfcglgmbytagthmuj/SourcePackages/checkouts/swift-ogg
    /Applications/Xcode_26.0.1.app/Contents/Developer/Toolchains/XcodeDefault.xctoolchain/usr/bin/clang -Xlinker -reproducible -target arm64-apple-ios12.0 -r -isysroot /Applications/Xcode_26.0.1.app/Contents/Developer/Platforms/iPhoneOS.platform/Developer/SDKs/iPhoneOS26.0.sdk -Os -w -L/Users/runner/Library/Developer/Xcode/DerivedData/VoiceReader-bvwdbkwbpbgbfcglgmbytagthmuj/Build/Intermediates.noindex/ArchiveIntermediates/VoiceReader/IntermediateBuildFilesPath/EagerLinkingTBDs/Release-iphoneos -L/Users/runner/Library/Developer/Xcode/DerivedData/VoiceReader-bvwdbkwbpbgbfcglgmbytagthmuj/Build/Intermediates.noindex/ArchiveIntermediates/VoiceReader/BuildProductsPath/Release-iphoneos -L/Applications/Xcode_26.0.1.app/Contents/Developer/Platforms/iPhoneOS.platform/Developer/usr/lib -F/Users/runner/Library/Developer/Xcode/DerivedData/VoiceReader-bvwdbkwbpbgbfcglgmbytagthmuj/Build/Intermediates.noindex/ArchiveIntermediates/VoiceReader/IntermediateBuildFilesPath/EagerLinkingTBDs/Release-iphoneos -F/Users/runner/Library/Developer/Xcode/DerivedData/VoiceReader-bvwdbkwbpbgbfcglgmbytagthmuj/Build/Intermediates.noindex/ArchiveIntermediates/VoiceReader/BuildProductsPath/Release-iphoneos -iframework /Applications/Xcode_26.0.1.app/Contents/Developer/Platforms/iPhoneOS.platform/Developer/Library/Frameworks -iframework /Applications/Xcode_26.0.1.app/Contents/Developer/Platforms/iPhoneOS.platform/Developer/SDKs/iPhoneOS26.0.sdk/Developer/Library/Frameworks -filelist /Users/runner/Library/Developer/Xcode/DerivedData/VoiceReader-bvwdbkwbpbgbfcglgmbytagthmuj/Build/Intermediates.noindex/ArchiveIntermediates/VoiceReader/IntermediateBuildFilesPath/SwiftOGG.build/Release-iphoneos/Copustools.build/Objects-normal/arm64/Copustools.LinkFileList -nostdlib -Xlinker -object_path_lto -Xlinker /Users/runner/Library/Developer/Xcode/DerivedData/VoiceReader-bvwdbkwbpbgbfcglgmbytagthmuj/Build/Intermediates.noindex/ArchiveIntermediates/VoiceReader/IntermediateBuildFilesPath/SwiftOGG.build/Release-iphoneos/Copustools.build/Objects-normal/arm64/Copustools_lto.o -Xlinker -dependency_info -Xlinker /Users/runner/Library/Developer/Xcode/DerivedData/VoiceReader-bvwdbkwbpbgbfcglgmbytagthmuj/Build/Intermediates.noindex/ArchiveIntermediates/VoiceReader/IntermediateBuildFilesPath/SwiftOGG.build/Release-iphoneos/Copustools.build/Objects-normal/arm64/Copustools_dependency_info.dat -o /Users/runner/Library/Developer/Xcode/DerivedData/VoiceReader-bvwdbkwbpbgbfcglgmbytagthmuj/Build/Intermediates.noindex/ArchiveIntermediates/VoiceReader/IntermediateBuildFilesPath/UninstalledProducts/iphoneos/Copustools.o

SetOwnerAndGroup runner:staff /Users/runner/Library/Developer/Xcode/DerivedData/VoiceReader-bvwdbkwbpbgbfcglgmbytagthmuj/Build/Intermediates.noindex/ArchiveIntermediates/VoiceReader/IntermediateBuildFilesPath/UninstalledProducts/iphoneos/Copustools.o (in target 'Copustools' from project 'SwiftOGG')
    cd /Users/runner/Library/Developer/Xcode/DerivedData/VoiceReader-bvwdbkwbpbgbfcglgmbytagthmuj/SourcePackages/checkouts/swift-ogg
    /usr/sbin/chown -RH runner:staff /Users/runner/Library/Developer/Xcode/DerivedData/VoiceReader-bvwdbkwbpbgbfcglgmbytagthmuj/Build/Intermediates.noindex/ArchiveIntermediates/VoiceReader/IntermediateBuildFilesPath/UninstalledProducts/iphoneos/Copustools.o

SetMode u+w,go-w,a+rX /Users/runner/Library/Developer/Xcode/DerivedData/VoiceReader-bvwdbkwbpbgbfcglgmbytagthmuj/Build/Intermediates.noindex/ArchiveIntermediates/VoiceReader/IntermediateBuildFilesPath/UninstalledProducts/iphoneos/Copustools.o (in target 'Copustools' from project 'SwiftOGG')
    cd /Users/runner/Library/Developer/Xcode/DerivedData/VoiceReader-bvwdbkwbpbgbfcglgmbytagthmuj/SourcePackages/checkouts/swift-ogg
    /bin/chmod -RH u+w,go-w,a+rX /Users/runner/Library/Developer/Xcode/DerivedData/VoiceReader-bvwdbkwbpbgbfcglgmbytagthmuj/Build/Intermediates.noindex/ArchiveIntermediates/VoiceReader/IntermediateBuildFilesPath/UninstalledProducts/iphoneos/Copustools.o

RegisterExecutionPolicyException /Users/runner/Library/Developer/Xcode/DerivedData/VoiceReader-bvwdbkwbpbgbfcglgmbytagthmuj/Build/Intermediates.noindex/ArchiveIntermediates/VoiceReader/IntermediateBuildFilesPath/UninstalledProducts/iphoneos/Copustools.o (in target 'Copustools' from project 'SwiftOGG')
    cd /Users/runner/Library/Developer/Xcode/DerivedData/VoiceReader-bvwdbkwbpbgbfcglgmbytagthmuj/SourcePackages/checkouts/swift-ogg
    builtin-RegisterExecutionPolicyException /Users/runner/Library/Developer/Xcode/DerivedData/VoiceReader-bvwdbkwbpbgbfcglgmbytagthmuj/Build/Intermediates.noindex/ArchiveIntermediates/VoiceReader/IntermediateBuildFilesPath/UninstalledProducts/iphoneos/Copustools.o

SwiftDriver\ Compilation VoiceReaderWidget normal arm64 com.apple.xcode.tools.swift.compiler (in target 'VoiceReaderWidget' from project 'VoiceReader')
    cd /Users/runner/work/voice-message-reader/voice-message-reader
    builtin-Swift-Compilation -- /Applications/Xcode_26.0.1.app/Contents/Developer/Toolchains/XcodeDefault.xctoolchain/usr/bin/swiftc -module-name VoiceReaderWidget -O -whole-module-optimization -enforce-exclusivity\=checked @/Users/runner/Library/Developer/Xcode/DerivedData/VoiceReader-bvwdbkwbpbgbfcglgmbytagthmuj/Build/Intermediates.noindex/ArchiveIntermediates/VoiceReader/IntermediateBuildFilesPath/VoiceReader.build/Release-iphoneos/VoiceReaderWidget.build/Objects-normal/arm64/VoiceReaderWidget.SwiftFileList -enable-bare-slash-regex -enable-experimental-feature DebugDescriptionMacro -sdk /Applications/Xcode_26.0.1.app/Contents/Developer/Platforms/iPhoneOS.platform/Developer/SDKs/iPhoneOS26.0.sdk -target arm64-apple-ios17.0 -g -module-cache-path /Users/runner/Library/Developer/Xcode/DerivedData/ModuleCache.noindex -Xfrontend -serialize-debugging-options -application-extension -swift-version 5 -I /Users/runner/Library/Developer/Xcode/DerivedData/VoiceReader-bvwdbkwbpbgbfcglgmbytagthmuj/Build/Intermediates.noindex/ArchiveIntermediates/VoiceReader/BuildProductsPath/Release-iphoneos -F /Users/runner/Library/Developer/Xcode/DerivedData/VoiceReader-bvwdbkwbpbgbfcglgmbytagthmuj/Build/Intermediates.noindex/ArchiveIntermediates/VoiceReader/BuildProductsPath/Release-iphoneos -c -num-threads 3 -Xcc -ivfsstatcache -Xcc /Users/runner/Library/Developer/Xcode/DerivedData/SDKStatCaches.noindex/iphoneos26.0-23A339-3885c01c3e6b6a337905948deab2002ee897cee61435230feef45a4748fd4bcc.sdkstatcache -output-file-map /Users/runner/Library/Developer/Xcode/DerivedData/VoiceReader-bvwdbkwbpbgbfcglgmbytagthmuj/Build/Intermediates.noindex/ArchiveIntermediates/VoiceReader/IntermediateBuildFilesPath/VoiceReader.build/Release-iphoneos/VoiceReaderWidget.build/Objects-normal/arm64/VoiceReaderWidget-OutputFileMap.json -use-frontend-parseable-output -save-temps -no-color-diagnostics -explicit-module-build -module-cache-path /Users/runner/Library/Developer/Xcode/DerivedData/VoiceReader-bvwdbkwbpbgbfcglgmbytagthmuj/Build/Intermediates.noindex/ArchiveIntermediates/VoiceReader/IntermediateBuildFilesPath/SwiftExplicitPrecompiledModules -clang-scanner-module-cache-path /Users/runner/Library/Developer/Xcode/DerivedData/ModuleCache.noindex -sdk-module-cache-path /Users/runner/Library/Developer/Xcode/DerivedData/ModuleCache.noindex -serialize-diagnostics -emit-dependencies -emit-module -emit-module-path /Users/runner/Library/Developer/Xcode/DerivedData/VoiceReader-bvwdbkwbpbgbfcglgmbytagthmuj/Build/Intermediates.noindex/ArchiveIntermediates/VoiceReader/IntermediateBuildFilesPath/VoiceReader.build/Release-iphoneos/VoiceReaderWidget.build/Objects-normal/arm64/VoiceReaderWidget.swiftmodule -validate-clang-modules-once -clang-build-session-file /Users/runner/Library/Developer/Xcode/DerivedData/ModuleCache.noindex/Session.modulevalidation -Xcc -I/Users/runner/Library/Developer/Xcode/DerivedData/VoiceReader-bvwdbkwbpbgbfcglgmbytagthmuj/Build/Intermediates.noindex/ArchiveIntermediates/VoiceReader/IntermediateBuildFilesPath/VoiceReader.build/Release-iphoneos/VoiceReaderWidget.build/swift-overrides.hmap -emit-const-values -Xfrontend -const-gather-protocols-file -Xfrontend /Users/runner/Library/Developer/Xcode/DerivedData/VoiceReader-bvwdbkwbpbgbfcglgmbytagthmuj/Build/Intermediates.noindex/ArchiveIntermediates/VoiceReader/IntermediateBuildFilesPath/VoiceReader.build/Release-iphoneos/VoiceReaderWidget.build/Objects-normal/arm64/VoiceReaderWidget_const_extract_protocols.json -Xcc -iquote -Xcc /Users/runner/Library/Developer/Xcode/DerivedData/VoiceReader-bvwdbkwbpbgbfcglgmbytagthmuj/Build/Intermediates.noindex/ArchiveIntermediates/VoiceReader/IntermediateBuildFilesPath/VoiceReader.build/Release-iphoneos/VoiceReaderWidget.build/VoiceReaderWidget-generated-files.hmap -Xcc -I/Users/runner/Library/Developer/Xcode/DerivedData/VoiceReader-bvwdbkwbpbgbfcglgmbytagthmuj/Build/Intermediates.noindex/ArchiveIntermediates/VoiceReader/IntermediateBuildFilesPath/VoiceReader.build/Release-iphoneos/VoiceReaderWidget.build/VoiceReaderWidget-own-target-headers.hmap -Xcc -I/Users/runner/Library/Developer/Xcode/DerivedData/VoiceReader-bvwdbkwbpbgbfcglgmbytagthmuj/Build/Intermediates.noindex/ArchiveIntermediates/VoiceReader/IntermediateBuildFilesPath/VoiceReader.build/Release-iphoneos/VoiceReaderWidget.build/VoiceReaderWidget-all-non-framework-target-headers.hmap -Xcc -ivfsoverlay -Xcc /Users/runner/Library/Developer/Xcode/DerivedData/VoiceReader-bvwdbkwbpbgbfcglgmbytagthmuj/Build/Intermediates.noindex/ArchiveIntermediates/VoiceReader/IntermediateBuildFilesPath/VoiceReader.build/Release-iphoneos/VoiceReader-830d9596576bdeff74835997051ea29d-VFS-iphoneos/all-product-headers.yaml -Xcc -iquote -Xcc /Users/runner/Library/Developer/Xcode/DerivedData/VoiceReader-bvwdbkwbpbgbfcglgmbytagthmuj/Build/Intermediates.noindex/ArchiveIntermediates/VoiceReader/IntermediateBuildFilesPath/VoiceReader.build/Release-iphoneos/VoiceReaderWidget.build/VoiceReaderWidget-project-headers.hmap -Xcc -I/Users/runner/Library/Developer/Xcode/DerivedData/VoiceReader-bvwdbkwbpbgbfcglgmbytagthmuj/Build/Intermediates.noindex/ArchiveIntermediates/VoiceReader/BuildProductsPath/Release-iphoneos/include -Xcc -I/Users/runner/Library/Developer/Xcode/DerivedData/VoiceReader-bvwdbkwbpbgbfcglgmbytagthmuj/Build/Intermediates.noindex/ArchiveIntermediates/VoiceReader/IntermediateBuildFilesPath/VoiceReader.build/Release-iphoneos/VoiceReaderWidget.build/DerivedSources-normal/arm64 -Xcc -I/Users/runner/Library/Developer/Xcode/DerivedData/VoiceReader-bvwdbkwbpbgbfcglgmbytagthmuj/Build/Intermediates.noindex/ArchiveIntermediates/VoiceReader/IntermediateBuildFilesPath/VoiceReader.build/Release-iphoneos/VoiceReaderWidget.build/DerivedSources/arm64 -Xcc -I/Users/runner/Library/Developer/Xcode/DerivedData/VoiceReader-bvwdbkwbpbgbfcglgmbytagthmuj/Build/Intermediates.noindex/ArchiveIntermediates/VoiceReader/IntermediateBuildFilesPath/VoiceReader.build/Release-iphoneos/VoiceReaderWidget.build/DerivedSources -emit-objc-header -emit-objc-header-path /Users/runner/Library/Developer/Xcode/DerivedData/VoiceReader-bvwdbkwbpbgbfcglgmbytagthmuj/Build/Intermediates.noindex/ArchiveIntermediates/VoiceReader/IntermediateBuildFilesPath/VoiceReader.build/Release-iphoneos/VoiceReaderWidget.build/Objects-normal/arm64/VoiceReaderWidget-Swift.h -working-directory /Users/runner/work/voice-message-reader/voice-message-reader -no-emit-module-separately-wmo

SwiftExplicitDependencyGeneratePcm arm64 /Users/runner/Library/Developer/Xcode/DerivedData/ModuleCache.noindex/_Builtin_float-286J9KS05IJGDQ7G2DNB17YYM.pcm

SwiftExplicitDependencyGeneratePcm arm64 /Users/runner/Library/Developer/Xcode/DerivedData/ModuleCache.noindex/_SwiftConcurrencyShims-DTSXCKWLLL7GBI7KBKULYR6TH.pcm

SwiftExplicitDependencyGeneratePcm arm64 /Users/runner/Library/Developer/Xcode/DerivedData/ModuleCache.noindex/_AvailabilityInternal-ANQ6HTPN039SIEFLWVSJDRGFB.pcm

SwiftExplicitDependencyGeneratePcm arm64 /Users/runner/Library/Developer/Xcode/DerivedData/ModuleCache.noindex/_Builtin_stdarg-5Y7U2J7WDBPQUHKV3OEPGMT0T.pcm

SwiftExplicitDependencyGeneratePcm arm64 /Users/runner/Library/Developer/Xcode/DerivedData/ModuleCache.noindex/ptrauth-56T8ITT0OTZ6ELNTBMTOXIOH4.pcm

SwiftExplicitDependencyGeneratePcm arm64 /Users/runner/Library/Developer/Xcode/DerivedData/ModuleCache.noindex/_Builtin_stddef-5KI8XVGWF45PF2HM0J6DYHGIS.pcm

SwiftExplicitDependencyGeneratePcm arm64 /Users/runner/Library/Developer/Xcode/DerivedData/ModuleCache.noindex/_AvailabilityInternal-5RH4MOL27RPYL69LZNEO2DGMH.pcm

SwiftExplicitDependencyGeneratePcm arm64 /Users/runner/Library/Developer/Xcode/DerivedData/ModuleCache.noindex/_SwiftConcurrencyShims-A9J2MYR1D7AKMU9LOKVMC3Y1G.pcm

SwiftExplicitDependencyGeneratePcm arm64 /Users/runner/Library/Developer/Xcode/DerivedData/ModuleCache.noindex/DeveloperToolsSupport-EICV5YU2S2SX2AVRP2GTQZ1RQ.pcm

SwiftExplicitDependencyGeneratePcm arm64 /Users/runner/Library/Developer/Xcode/DerivedData/ModuleCache.noindex/SwiftShims-8UNGSFMGRDX0OK3UWGWZZ5884.pcm

SwiftExplicitDependencyGeneratePcm arm64 /Users/runner/Library/Developer/Xcode/DerivedData/ModuleCache.noindex/_Builtin_stdbool-EZMPRLC7HU360I64Y7TW9HVH4.pcm

SwiftExplicitDependencyGeneratePcm arm64 /Users/runner/Library/Developer/Xcode/DerivedData/ModuleCache.noindex/ptrcheck-6IKQJ2JX7DZX8QISIIZVRZ951.pcm

SwiftExplicitDependencyGeneratePcm arm64 /Users/runner/Library/Developer/Xcode/DerivedData/ModuleCache.noindex/_Builtin_float-AKMV7394W2DIHGNSM80Z63G2T.pcm

SwiftExplicitDependencyGeneratePcm arm64 /Users/runner/Library/Developer/Xcode/DerivedData/ModuleCache.noindex/_Builtin_stdarg-9LBCL7QS9GTQHS9UWSC04GV65.pcm

SwiftExplicitDependencyGeneratePcm arm64 /Users/runner/Library/Developer/Xcode/DerivedData/ModuleCache.noindex/_Builtin_stddef-8W83B6CN586QPVCMGARL3ILPC.pcm

SwiftExplicitDependencyGeneratePcm arm64 /Users/runner/Library/Developer/Xcode/DerivedData/ModuleCache.noindex/ActivityKit-383TTAJ1M19Y7DE5MZYB3XJXA.pcm

SwiftExplicitDependencyGeneratePcm arm64 /Users/runner/Library/Developer/Xcode/DerivedData/ModuleCache.noindex/ptrcheck-A5EJ08RJOP89FIDENFQ42ADD5.pcm

SwiftExplicitDependencyGeneratePcm arm64 /Users/runner/Library/Developer/Xcode/DerivedData/ModuleCache.noindex/SwiftShims-A9XZFEFSB960ZYB15ECMLUWNQ.pcm

SwiftExplicitDependencyGeneratePcm arm64 /Users/runner/Library/Developer/Xcode/DerivedData/ModuleCache.noindex/_Builtin_stdbool-5YJ9SVPQWMGE40ER4JXZ2OQNK.pcm

SwiftExplicitDependencyGeneratePcm arm64 /Users/runner/Library/Developer/Xcode/DerivedData/ModuleCache.noindex/_DarwinFoundation1-1DY95OTDAMT0U75B7NU2PIKR2.pcm

SwiftExplicitDependencyGeneratePcm arm64 /Users/runner/Library/Developer/Xcode/DerivedData/ModuleCache.noindex/DeveloperToolsSupport-4WQ7S9ZBZYECQHEMAI7QMLDV.pcm

SwiftExplicitDependencyGeneratePcm arm64 /Users/runner/Library/Developer/Xcode/DerivedData/ModuleCache.noindex/_DarwinFoundation1-C1ZDKFE06JLI4305DG328EUC.pcm

SwiftExplicitDependencyGeneratePcm arm64 /Users/runner/Library/Developer/Xcode/DerivedData/ModuleCache.noindex/ptrauth-5K1F4PE0M5DV47D0HVGMNSVQM.pcm

SwiftDriver\ Compilation SwiftOGG normal arm64 com.apple.xcode.tools.swift.compiler (in target 'SwiftOGG' from project 'SwiftOGG')
    cd /Users/runner/work/voice-message-reader/voice-message-reader/VoiceReader.xcodeproj
    builtin-Swift-Compilation -- /Applications/Xcode_26.0.1.app/Contents/Developer/Toolchains/XcodeDefault.xctoolchain/usr/bin/swiftc -module-name SwiftOGG -O -whole-module-optimization -enforce-exclusivity\=checked @/Users/runner/Library/Developer/Xcode/DerivedData/VoiceReader-bvwdbkwbpbgbfcglgmbytagthmuj/Build/Intermediates.noindex/ArchiveIntermediates/VoiceReader/IntermediateBuildFilesPath/SwiftOGG.build/Release-iphoneos/SwiftOGG.build/Objects-normal/arm64/SwiftOGG.SwiftFileList -DSWIFT_PACKAGE -DSWIFT_MODULE_RESOURCE_BUNDLE_UNAVAILABLE -DXcode -plugin-path /Applications/Xcode_26.0.1.app/Contents/Developer/Toolchains/XcodeDefault.xctoolchain/usr/lib/swift/host/plugins/testing -enable-experimental-feature DebugDescriptionMacro -sdk /Applications/Xcode_26.0.1.app/Contents/Developer/Platforms/iPhoneOS.platform/Developer/SDKs/iPhoneOS26.0.sdk -target arm64-apple-ios12.0 -g -module-cache-path /Users/runner/Library/Developer/Xcode/DerivedData/ModuleCache.noindex -Xfrontend -serialize-debugging-options -suppress-warnings -swift-version 5 -I /Users/runner/Library/Developer/Xcode/DerivedData/VoiceReader-bvwdbkwbpbgbfcglgmbytagthmuj/Build/Intermediates.noindex/ArchiveIntermediates/VoiceReader/BuildProductsPath/Release-iphoneos -Isystem /Applications/Xcode_26.0.1.app/Contents/Developer/Platforms/iPhoneOS.platform/Developer/usr/lib -F /Users/runner/Library/Developer/Xcode/DerivedData/VoiceReader-bvwdbkwbpbgbfcglgmbytagthmuj/Build/Intermediates.noindex/ArchiveIntermediates/VoiceReader/BuildProductsPath/Release-iphoneos/PackageFrameworks -F /Users/runner/Library/Developer/Xcode/DerivedData/VoiceReader-bvwdbkwbpbgbfcglgmbytagthmuj/Build/Intermediates.noindex/ArchiveIntermediates/VoiceReader/BuildProductsPath/Release-iphoneos -F /Applications/Xcode_26.0.1.app/Contents/Developer/Platforms/iPhoneOS.platform/Developer/Library/Frameworks -F /Applications/Xcode_26.0.1.app/Contents/Developer/Platforms/iPhoneOS.platform/Developer/SDKs/iPhoneOS26.0.sdk/Developer/Library/Frameworks -c -num-threads 3 -Xcc -ivfsstatcache -Xcc /Users/runner/Library/Developer/Xcode/DerivedData/SDKStatCaches.noindex/iphoneos26.0-23A339-3885c01c3e6b6a337905948deab2002ee897cee61435230feef45a4748fd4bcc.sdkstatcache -output-file-map /Users/runner/Library/Developer/Xcode/DerivedData/VoiceReader-bvwdbkwbpbgbfcglgmbytagthmuj/Build/Intermediates.noindex/ArchiveIntermediates/VoiceReader/IntermediateBuildFilesPath/SwiftOGG.build/Release-iphoneos/SwiftOGG.build/Objects-normal/arm64/SwiftOGG-OutputFileMap.json -use-frontend-parseable-output -save-temps -no-color-diagnostics -explicit-module-build -module-cache-path /Users/runner/Library/Developer/Xcode/DerivedData/VoiceReader-bvwdbkwbpbgbfcglgmbytagthmuj/Build/Intermediates.noindex/ArchiveIntermediates/VoiceReader/IntermediateBuildFilesPath/SwiftExplicitPrecompiledModules -clang-scanner-module-cache-path /Users/runner/Library/Developer/Xcode/DerivedData/ModuleCache.noindex -sdk-module-cache-path /Users/runner/Library/Developer/Xcode/DerivedData/ModuleCache.noindex -serialize-diagnostics -emit-dependencies -emit-module -emit-module-path /Users/runner/Library/Developer/Xcode/DerivedData/VoiceReader-bvwdbkwbpbgbfcglgmbytagthmuj/Build/Intermediates.noindex/ArchiveIntermediates/VoiceReader/IntermediateBuildFilesPath/SwiftOGG.build/Release-iphoneos/SwiftOGG.build/Objects-normal/arm64/SwiftOGG.swiftmodule -validate-clang-modules-once -clang-build-session-file /Users/runner/Library/Developer/Xcode/DerivedData/ModuleCache.noindex/Session.modulevalidation -Xcc -I/Users/runner/Library/Developer/Xcode/DerivedData/VoiceReader-bvwdbkwbpbgbfcglgmbytagthmuj/Build/Intermediates.noindex/ArchiveIntermediates/VoiceReader/IntermediateBuildFilesPath/SwiftOGG.build/Release-iphoneos/SwiftOGG.build/swift-overrides.hmap -emit-const-values -Xfrontend -const-gather-protocols-file -Xfrontend /Users/runner/Library/Developer/Xcode/DerivedData/VoiceReader-bvwdbkwbpbgbfcglgmbytagthmuj/Build/Intermediates.noindex/ArchiveIntermediates/VoiceReader/IntermediateBuildFilesPath/SwiftOGG.build/Release-iphoneos/SwiftOGG.build/Objects-normal/arm64/SwiftOGG_const_extract_protocols.json -Xcc -I/Users/runner/Library/Developer/Xcode/DerivedData/VoiceReader-bvwdbkwbpbgbfcglgmbytagthmuj/SourcePackages/checkouts/swift-ogg/Sources/SupportingFiles/Dependencies/Copustools/include -Xcc -I/Users/runner/Library/Developer/Xcode/DerivedData/VoiceReader-bvwdbkwbpbgbfcglgmbytagthmuj/Build/Intermediates.noindex/ArchiveIntermediates/VoiceReader/BuildProductsPath/Release-iphoneos/include -Xcc -I/Users/runner/Library/Developer/Xcode/DerivedData/VoiceReader-bvwdbkwbpbgbfcglgmbytagthmuj/Build/Intermediates.noindex/ArchiveIntermediates/VoiceReader/IntermediateBuildFilesPath/SwiftOGG.build/Release-iphoneos/SwiftOGG.build/DerivedSources-normal/arm64 -Xcc -I/Users/runner/Library/Developer/Xcode/DerivedData/VoiceReader-bvwdbkwbpbgbfcglgmbytagthmuj/Build/Intermediates.noindex/ArchiveIntermediates/VoiceReader/IntermediateBuildFilesPath/SwiftOGG.build/Release-iphoneos/SwiftOGG.build/DerivedSources/arm64 -Xcc -I/Users/runner/Library/Developer/Xcode/DerivedData/VoiceReader-bvwdbkwbpbgbfcglgmbytagthmuj/Build/Intermediates.noindex/ArchiveIntermediates/VoiceReader/IntermediateBuildFilesPath/SwiftOGG.build/Release-iphoneos/SwiftOGG.build/DerivedSources -Xcc -DSWIFT_PACKAGE -emit-objc-header -emit-objc-header-path /Users/runner/Library/Developer/Xcode/DerivedData/VoiceReader-bvwdbkwbpbgbfcglgmbytagthmuj/Build/Intermediates.noindex/ArchiveIntermediates/VoiceReader/IntermediateBuildFilesPath/SwiftOGG.build/Release-iphoneos/SwiftOGG.build/Objects-normal/arm64/SwiftOGG-Swift.h -working-directory /Users/runner/work/voice-message-reader/voice-message-reader/VoiceReader.xcodeproj -no-emit-module-separately-wmo

SwiftExplicitDependencyGeneratePcm arm64 /Users/runner/Library/Developer/Xcode/DerivedData/ModuleCache.noindex/ExtensionFoundation-D6KNNXNA06K8C82HVYMTC4UER.pcm

SwiftExplicitDependencyGeneratePcm arm64 /Users/runner/Library/Developer/Xcode/DerivedData/ModuleCache.noindex/_DarwinFoundation2-9K6SUJJM4JXWTNLAJHRG21C1C.pcm

SwiftExplicitDependencyGeneratePcm arm64 /Users/runner/Library/Developer/Xcode/DerivedData/ModuleCache.noindex/_DarwinFoundation2-2UM7G33I6D5BQLBUH6QMSPYKJ.pcm

SwiftExplicitDependencyGeneratePcm arm64 /Users/runner/Library/Developer/Xcode/DerivedData/ModuleCache.noindex/_Builtin_limits-5CQSPFAT0AN9FHGZEK7AWB5YI.pcm

SwiftExplicitDependencyGeneratePcm arm64 /Users/runner/Library/Developer/Xcode/DerivedData/ModuleCache.noindex/_Builtin_limits-AFL1WKV755E0AEABR1HJKU2II.pcm

SwiftExplicitDependencyGeneratePcm arm64 /Users/runner/Library/Developer/Xcode/DerivedData/ModuleCache.noindex/_Builtin_tgmath-5UCMCHW71YB1D41FWACJFGHOC.pcm

SwiftExplicitDependencyGeneratePcm arm64 /Users/runner/Library/Developer/Xcode/DerivedData/VoiceReader-bvwdbkwbpbgbfcglgmbytagthmuj/Build/Intermediates.noindex/ArchiveIntermediates/VoiceReader/IntermediateBuildFilesPath/SwiftExplicitPrecompiledModules/Copustools-BT4MOOJ4ZJ84P3ZU1XG83BH5S.pcm

SwiftExplicitDependencyGeneratePcm arm64 /Users/runner/Library/Developer/Xcode/DerivedData/ModuleCache.noindex/_Builtin_stdint-53PJL3EM8FH3AXIVHHMDR9M5U.pcm

SwiftExplicitDependencyGeneratePcm arm64 /Users/runner/Library/Developer/Xcode/DerivedData/ModuleCache.noindex/sys_types-26AHWOYK0IZRHLTM2H3POF4EP.pcm

SwiftExplicitDependencyGeneratePcm arm64 /Users/runner/Library/Developer/Xcode/DerivedData/ModuleCache.noindex/_Builtin_tgmath-79PZZURZ3D25EE6E4XULR8HUH.pcm

SwiftExplicitDependencyGeneratePcm arm64 /Users/runner/Library/Developer/Xcode/DerivedData/ModuleCache.noindex/sys_types-1VWP43TRUIJ5QO1W1PZC5JVTG.pcm

SwiftExplicitDependencyGeneratePcm arm64 /Users/runner/Library/Developer/Xcode/DerivedData/ModuleCache.noindex/_Builtin_stdatomic-CACP7VSVPJZSLUOFCJZBWB6NC.pcm

SwiftExplicitDependencyGeneratePcm arm64 /Users/runner/Library/Developer/Xcode/DerivedData/ModuleCache.noindex/_Builtin_intrinsics-AOPXPCKX4LM297BVXQ5MW0L6.pcm

SwiftExplicitDependencyGeneratePcm arm64 /Users/runner/Library/Developer/Xcode/DerivedData/ModuleCache.noindex/_DarwinFoundation3-5OLZ6HIOYHMVYAHHWLOJOBQJA.pcm

SwiftExplicitDependencyGeneratePcm arm64 /Users/runner/Library/Developer/Xcode/DerivedData/ModuleCache.noindex/_Builtin_stdint-2JMS4AGPKA1ZATD7I7X3I6QBN.pcm

SwiftExplicitDependencyGeneratePcm arm64 /Users/runner/Library/Developer/Xcode/DerivedData/ModuleCache.noindex/_Builtin_intrinsics-88K2RJQFGUGS2NLI2Q26Y5DX5.pcm

SwiftExplicitDependencyGeneratePcm arm64 /Users/runner/Library/Developer/Xcode/DerivedData/ModuleCache.noindex/_DarwinFoundation3-GU1BF5G49LXQ54PWRZ30117B.pcm

SwiftExplicitDependencyGeneratePcm arm64 /Users/runner/Library/Developer/Xcode/DerivedData/ModuleCache.noindex/_Builtin_inttypes-3OMDGLSFAT1DQ89TOSXNQX8YN.pcm

SwiftExplicitDependencyGeneratePcm arm64 /Users/runner/Library/Developer/Xcode/DerivedData/ModuleCache.noindex/_Builtin_stdatomic-F1PGA3BEFM4ZT2QIWLNRYMMTV.pcm

SwiftExplicitDependencyGeneratePcm arm64 /Users/runner/Library/Developer/Xcode/DerivedData/ModuleCache.noindex/simd-BQ7B8HO529HFOSXQ5FVXQF6DI.pcm

SwiftExplicitDependencyGeneratePcm arm64 /Users/runner/Library/Developer/Xcode/DerivedData/ModuleCache.noindex/Darwin-6T003TP0I93PLXD4TOITY70HN.pcm

SwiftExplicitDependencyGeneratePcm arm64 /Users/runner/Library/Developer/Xcode/DerivedData/ModuleCache.noindex/simd-961IYBAENR6SN8JOIZ7R8U8ES.pcm

SwiftExplicitDependencyGeneratePcm arm64 /Users/runner/Library/Developer/Xcode/DerivedData/ModuleCache.noindex/_Builtin_inttypes-552BJQJMJO5GFBC4LNPPQ086L.pcm

SwiftExplicitDependencyGeneratePcm arm64 /Users/runner/Library/Developer/Xcode/DerivedData/ModuleCache.noindex/ObjectiveC-253DRA0T9GS9T01U51UAEXU0T.pcm

SwiftExplicitDependencyGeneratePcm arm64 /Users/runner/Library/Developer/Xcode/DerivedData/ModuleCache.noindex/Darwin-DARC555YXRHIRW4719E97K83Z.pcm

SwiftExplicitDependencyGeneratePcm arm64 /Users/runner/Library/Developer/Xcode/DerivedData/ModuleCache.noindex/MachO-97WEJRSYRS8FQGWV09DO86N5A.pcm

SwiftExplicitDependencyGeneratePcm arm64 /Users/runner/Library/Developer/Xcode/DerivedData/ModuleCache.noindex/Spatial-DZRF8HQE6LK1DTU0G4ZZRXN6C.pcm

SwiftExplicitDependencyGeneratePcm arm64 /Users/runner/Library/Developer/Xcode/DerivedData/ModuleCache.noindex/os_object-CSXZDFUTQ5A5CGGOYAPOXY3G0.pcm

SwiftExplicitDependencyGeneratePcm arm64 /Users/runner/Library/Developer/Xcode/DerivedData/ModuleCache.noindex/os_workgroup-BC6O5KBE1V1SH4MS6Y1FV2SUK.pcm

SwiftExplicitDependencyGeneratePcm arm64 /Users/runner/Library/Developer/Xcode/DerivedData/ModuleCache.noindex/Dispatch-3NIHYXUA2N4P6DN17O3CNEJVG.pcm

SwiftExplicitDependencyGeneratePcm arm64 /Users/runner/Library/Developer/Xcode/DerivedData/ModuleCache.noindex/dnssd-BY58JKPU4IJI42IH7JNC82SZX.pcm

SwiftExplicitDependencyGeneratePcm arm64 /Users/runner/Library/Developer/Xcode/DerivedData/ModuleCache.noindex/XPC-BACH7346W9EMERDFKYBTHRF2T.pcm

SwiftExplicitDependencyGeneratePcm arm64 /Users/runner/Library/Developer/Xcode/DerivedData/ModuleCache.noindex/CoreFoundation-11A8T33HU5L2N9I4R4M1K8T2J.pcm

SwiftExplicitDependencyGeneratePcm arm64 /Users/runner/Library/Developer/Xcode/DerivedData/ModuleCache.noindex/MachO-3115ASEBJHGXFABIF4C04VLHX.pcm

SwiftExplicitDependencyGeneratePcm arm64 /Users/runner/Library/Developer/Xcode/DerivedData/ModuleCache.noindex/ObjectiveC-7T8RE50019R9I403LL4J7RLLU.pcm

SwiftExplicitDependencyGeneratePcm arm64 /Users/runner/Library/Developer/Xcode/DerivedData/ModuleCache.noindex/os-66TL83LD1J6Z7XKOE8BKWS62H.pcm

SwiftExplicitDependencyGeneratePcm arm64 /Users/runner/Library/Developer/Xcode/DerivedData/ModuleCache.noindex/os_object-4WJF195CA9YPQ55K29XFOPHV1.pcm

SwiftExplicitDependencyGeneratePcm arm64 /Users/runner/Library/Developer/Xcode/DerivedData/ModuleCache.noindex/Security-7PDUOQBODV8CZY044NWD3ULNU.pcm

SwiftExplicitDependencyGeneratePcm arm64 /Users/runner/Library/Developer/Xcode/DerivedData/ModuleCache.noindex/CFNetwork-874HC2707Q8PTGN5ZJ3KN4F13.pcm

SwiftExplicitDependencyGeneratePcm arm64 /Users/runner/Library/Developer/Xcode/DerivedData/ModuleCache.noindex/os_workgroup-3K90UTB5RXHQN8GRX4YJXRAEK.pcm

SwiftExplicitDependencyGeneratePcm arm64 /Users/runner/Library/Developer/Xcode/DerivedData/ModuleCache.noindex/CoreAudioTypes-4AD7OY20CNR0VIMW0B60FD7O7.pcm

SwiftExplicitDependencyGeneratePcm arm64 /Users/runner/Library/Developer/Xcode/DerivedData/ModuleCache.noindex/CoreGraphics-AOHMKX8GGME6P9E4INJMYXBOE.pcm

SwiftExplicitDependencyGeneratePcm arm64 /Users/runner/Library/Developer/Xcode/DerivedData/ModuleCache.noindex/Dispatch-29K33OS41KY3TD12V3FP0F6AM.pcm

SwiftExplicitDependencyGeneratePcm arm64 /Users/runner/Library/Developer/Xcode/DerivedData/ModuleCache.noindex/Foundation-ABUX676I6LF3OWTEB5FZZCRGY.pcm

SwiftExplicitDependencyGeneratePcm arm64 /Users/runner/Library/Developer/Xcode/DerivedData/ModuleCache.noindex/CoreAudio-2ZNLE73CRENREMT6QXZOWVSN2.pcm

SwiftExplicitDependencyGeneratePcm arm64 /Users/runner/Library/Developer/Xcode/DerivedData/ModuleCache.noindex/dnssd-9LQ7I6916YJN3GQSRPNV5QARH.pcm

SwiftExplicitDependencyGeneratePcm arm64 /Users/runner/Library/Developer/Xcode/DerivedData/ModuleCache.noindex/XPC-A8CU9R1XNMDZYTPQ7PQO4Y9AQ.pcm

SwiftExplicitDependencyGeneratePcm arm64 /Users/runner/Library/Developer/Xcode/DerivedData/ModuleCache.noindex/ImageIO-3KQ4I6RU1T28NRNZ26QTVF02C.pcm

SwiftExplicitDependencyGeneratePcm arm64 /Users/runner/Library/Developer/Xcode/DerivedData/ModuleCache.noindex/CoreText-L3HD4C69Z56X3S8SWKO40VHA.pcm

SwiftExplicitDependencyGeneratePcm arm64 /Users/runner/Library/Developer/Xcode/DerivedData/ModuleCache.noindex/os-4JXH7Q5AX7EFV8NUFGJQ6DY6H.pcm

SwiftExplicitDependencyGeneratePcm arm64 /Users/runner/Library/Developer/Xcode/DerivedData/ModuleCache.noindex/CoreFoundation-7QUGA357STDOQ0UW61DLTIP3C.pcm

SwiftExplicitDependencyGeneratePcm arm64 /Users/runner/Library/Developer/Xcode/DerivedData/ModuleCache.noindex/DataDetection-5XCQBBOYQ67KDWPPNNP1Z0K6U.pcm

SwiftExplicitDependencyGeneratePcm arm64 /Users/runner/Library/Developer/Xcode/DerivedData/ModuleCache.noindex/Symbols-CXC6DCS8HYZYQ0RYNK98IGYA9.pcm

SwiftExplicitDependencyGeneratePcm arm64 /Users/runner/Library/Developer/Xcode/DerivedData/ModuleCache.noindex/FileProvider-1Z0P2WJDXWQDWIAGKORTD050B.pcm

SwiftExplicitDependencyGeneratePcm arm64 /Users/runner/Library/Developer/Xcode/DerivedData/ModuleCache.noindex/Accessibility-47BL0B2KZVUH2C0WGAHCVMFUA.pcm

SwiftExplicitDependencyGeneratePcm arm64 /Users/runner/Library/Developer/Xcode/DerivedData/ModuleCache.noindex/CFNetwork-22PJ5MJ78JISPOM2BQ0VLKTOA.pcm

SwiftExplicitDependencyGeneratePcm arm64 /Users/runner/Library/Developer/Xcode/DerivedData/ModuleCache.noindex/IOSurface-ABDKE91H6WHVIU3J1D1B73ZXE.pcm

SwiftExplicitDependencyGeneratePcm arm64 /Users/runner/Library/Developer/Xcode/DerivedData/ModuleCache.noindex/UserNotifications-BIFDTUJQ80DTXWA7UBMUS0DES.pcm

SwiftExplicitDependencyGeneratePcm arm64 /Users/runner/Library/Developer/Xcode/DerivedData/ModuleCache.noindex/CoreTransferable-43YUT4OO692QL7KTIQHJL3MT2.pcm

SwiftExplicitDependencyGeneratePcm arm64 /Users/runner/Library/Developer/Xcode/DerivedData/ModuleCache.noindex/UniformTypeIdentifiers-2S9VP1BLCMFR9WVVHHOQV8BUI.pcm

SwiftExplicitDependencyGeneratePcm arm64 /Users/runner/Library/Developer/Xcode/DerivedData/ModuleCache.noindex/OpenGLES-8A4POT1CHAKQ0PRHDWHHXJT6F.pcm

SwiftExplicitDependencyGeneratePcm arm64 /Users/runner/Library/Developer/Xcode/DerivedData/ModuleCache.noindex/Metal-872V4X9W17V8DS84P8HDSCUJ0.pcm

SwiftExplicitDependencyGeneratePcm arm64 /Users/runner/Library/Developer/Xcode/DerivedData/ModuleCache.noindex/Network-4ZK9PH4E7JJP6YI5EDCPWCF7X.pcm

SwiftExplicitDependencyGeneratePcm arm64 /Users/runner/Library/Developer/Xcode/DerivedData/ModuleCache.noindex/CoreGraphics-37Y8HPJC9N3GTOFCHXKUQ1YHZ.pcm

SwiftExplicitDependencyGeneratePcm arm64 /Users/runner/Library/Developer/Xcode/DerivedData/ModuleCache.noindex/UIUtilities-6NUXZK2CS26KPPBTKC6POY7VG.pcm

SwiftExplicitDependencyGeneratePcm arm64 /Users/runner/Library/Developer/Xcode/DerivedData/ModuleCache.noindex/AVRouting-2DHKFU43O8Z46SKUUJ93S0JMC.pcm

SwiftExplicitDependencyGeneratePcm arm64 /Users/runner/Library/Developer/Xcode/DerivedData/ModuleCache.noindex/CoreMIDI-ARI8U6V9QGGTWDRO2RAS79SKN.pcm

SwiftExplicitDependencyGeneratePcm arm64 /Users/runner/Library/Developer/Xcode/DerivedData/ModuleCache.noindex/CoreText-80LP8RCZPE7T4OL3J0EIB84IK.pcm

SwiftExplicitDependencyGeneratePcm arm64 /Users/runner/Library/Developer/Xcode/DerivedData/ModuleCache.noindex/ImageIO-C7HPYJG8PMW76TG0JWKQWI43O.pcm

SwiftExplicitDependencyGeneratePcm arm64 /Users/runner/Library/Developer/Xcode/DerivedData/ModuleCache.noindex/CoreVideo-3I5KSL284JVCMOYQI1AFH1OQB.pcm

SwiftExplicitDependencyGeneratePcm arm64 /Users/runner/Library/Developer/Xcode/DerivedData/ModuleCache.noindex/OSLog-1QYDR5IH7OIH2T4SZCNLTRDX1.pcm

SwiftExplicitDependencyGeneratePcm arm64 /Users/runner/Library/Developer/Xcode/DerivedData/ModuleCache.noindex/AudioToolbox-CW6VK7A8B4HYKUW357KR49SUY.pcm

SwiftExplicitDependencyGeneratePcm arm64 /Users/runner/Library/Developer/Xcode/DerivedData/ModuleCache.noindex/Security-72KAG602GSUFRFCA2KRT8UKXS.pcm

SwiftExplicitDependencyGeneratePcm arm64 /Users/runner/Library/Developer/Xcode/DerivedData/ModuleCache.noindex/QuartzCore-26YGKC9430R0947NM2QPQN3HI.pcm

SwiftExplicitDependencyGeneratePcm arm64 /Users/runner/Library/Developer/Xcode/DerivedData/ModuleCache.noindex/CoreImage-OEOHNIBEKIMCM43Y9MUHCC8E.pcm

SwiftExplicitDependencyGeneratePcm arm64 /Users/runner/Library/Developer/Xcode/DerivedData/ModuleCache.noindex/Foundation-44F7XYD94LLDPU3OPOG21CU5L.pcm

SwiftExplicitDependencyGeneratePcm arm64 /Users/runner/Library/Developer/Xcode/DerivedData/ModuleCache.noindex/CoreMedia-2SBSL9P5Y95PXMKE1YJZ8X9HC.pcm

SwiftExplicitDependencyGeneratePcm arm64 /Users/runner/Library/Developer/Xcode/DerivedData/ModuleCache.noindex/SwiftUICore-F1SPLU9UQ3ROK9ULXK2T8RDRA.pcm

SwiftExplicitDependencyGeneratePcm arm64 /Users/runner/Library/Developer/Xcode/DerivedData/ModuleCache.noindex/UIKit-1C58HKY39N0NORER4KLNQGCD8.pcm

SwiftExplicitDependencyGeneratePcm arm64 /Users/runner/Library/Developer/Xcode/DerivedData/ModuleCache.noindex/MediaToolbox-8KM0TV1I26WAPCDFEXMK6Y6TJ.pcm

SwiftExplicitDependencyGeneratePcm arm64 /Users/runner/Library/Developer/Xcode/DerivedData/ModuleCache.noindex/AVFAudio-BQQ9NZ8Q3KPIZ0XFSZ8F4UPYQ.pcm

SwiftExplicitDependencyGeneratePcm arm64 /Users/runner/Library/Developer/Xcode/DerivedData/ModuleCache.noindex/AVFoundation-DAFTGH8W76AMNQ5LO6EIIV2HD.pcm

SwiftExplicitDependencyGeneratePcm arm64 /Users/runner/Library/Developer/Xcode/DerivedData/ModuleCache.noindex/_LocationEssentials-B8QFNCL1UUBVOBGR7OJDGBJC6.pcm

SwiftExplicitDependencyGeneratePcm arm64 /Users/runner/Library/Developer/Xcode/DerivedData/ModuleCache.noindex/CoreTransferable-SH2P9F1WP463TOX9QOAF1MBO.pcm

SwiftExplicitDependencyGeneratePcm arm64 /Users/runner/Library/Developer/Xcode/DerivedData/ModuleCache.noindex/IOSurface-54X9GTKFTHCM3ZFDH4KVO5HF9.pcm

SwiftExplicitDependencyGeneratePcm arm64 /Users/runner/Library/Developer/Xcode/DerivedData/ModuleCache.noindex/CoreData-3N82X5H3KP0BYU9O9LZ74Z78B.pcm

SwiftExplicitDependencyGeneratePcm arm64 /Users/runner/Library/Developer/Xcode/DerivedData/ModuleCache.noindex/OpenGLES-73PNM92E1EV6F7813FNIZQH29.pcm

SwiftExplicitDependencyGeneratePcm arm64 /Users/runner/Library/Developer/Xcode/DerivedData/ModuleCache.noindex/OSLog-18KAN2BGIP5V4SN331DAHWAIJ.pcm

SwiftExplicitDependencyGeneratePcm arm64 /Users/runner/Library/Developer/Xcode/DerivedData/ModuleCache.noindex/UIUtilities-6OKSBM3E5UO0TT49EQGKOS8NN.pcm

SwiftExplicitDependencyGeneratePcm arm64 /Users/runner/Library/Developer/Xcode/DerivedData/ModuleCache.noindex/DataDetection-TVIMRJOPADK3HMFW7J6N2VY7.pcm

SwiftExplicitDependencyGeneratePcm arm64 /Users/runner/Library/Developer/Xcode/DerivedData/ModuleCache.noindex/CoreLocation-5Q44I1O2X8AWKGUM07RCDOA5B.pcm

SwiftExplicitDependencyGeneratePcm arm64 /Users/runner/Library/Developer/Xcode/DerivedData/ModuleCache.noindex/UniformTypeIdentifiers-DOOWWOTW5DYFGN7QHIDHF8T6Q.pcm

SwiftExplicitDependencyGeneratePcm arm64 /Users/runner/Library/Developer/Xcode/DerivedData/ModuleCache.noindex/RelevanceKit-5YZCYANUUBTWMG80TZ8981DCI.pcm

SwiftExplicitDependencyGeneratePcm arm64 /Users/runner/Library/Developer/Xcode/DerivedData/ModuleCache.noindex/Metal-55OVH4QBFRTFHRHWNHC3JYU68.pcm

SwiftExplicitDependencyGeneratePcm arm64 /Users/runner/Library/Developer/Xcode/DerivedData/ModuleCache.noindex/CoreSpotlight-AXHKQH4A5ID0W9A3WJGJAYO1H.pcm

SwiftExplicitDependencyGeneratePcm arm64 /Users/runner/Library/Developer/Xcode/DerivedData/VoiceReader-bvwdbkwbpbgbfcglgmbytagthmuj/Build/Intermediates.noindex/ArchiveIntermediates/VoiceReader/IntermediateBuildFilesPath/SwiftExplicitPrecompiledModules/YbridOgg-7EC3TEWWQCJA5VLECIABVQ84W.pcm

SwiftExplicitDependencyGeneratePcm arm64 /Users/runner/Library/Developer/Xcode/DerivedData/ModuleCache.noindex/Network-B6OYS5GLB72YZK88SXNTIOVBX.pcm

SwiftExplicitDependencyGeneratePcm arm64 /Users/runner/Library/Developer/Xcode/DerivedData/ModuleCache.noindex/WidgetKit-18BPIMHAJENSQEQ1AX1JNCUMS.pcm

SwiftExplicitDependencyGeneratePcm arm64 /Users/runner/Library/Developer/Xcode/DerivedData/ModuleCache.noindex/Symbols-CTZPK5U4FJ4KLVKBY0UZFL86Y.pcm

SwiftExplicitDependencyGeneratePcm arm64 /Users/runner/Library/Developer/Xcode/DerivedData/ModuleCache.noindex/Accessibility-EB2PJEGZIREWZV3GIBBKKWMP9.pcm

SwiftExplicitDependencyGeneratePcm arm64 /Users/runner/Library/Developer/Xcode/DerivedData/ModuleCache.noindex/FileProvider-DIE1ZLLFGWT3NB1NN0CJE8K5T.pcm

SwiftExplicitDependencyGeneratePcm arm64 /Users/runner/Library/Developer/Xcode/DerivedData/ModuleCache.noindex/CoreVideo-1OYSTHVY70YL6JQERM0AJOGQE.pcm

SwiftExplicitDependencyGeneratePcm arm64 /Users/runner/Library/Developer/Xcode/DerivedData/ModuleCache.noindex/AppIntents-4ATG3VVBP8SSZFCJX9PEVKF49.pcm

SwiftExplicitDependencyGeneratePcm arm64 /Users/runner/Library/Developer/Xcode/DerivedData/ModuleCache.noindex/UserNotifications-BVV3T146G6CYTRI7MREIZZ1V2.pcm

SwiftExplicitDependencyGeneratePcm arm64 /Users/runner/Library/Developer/Xcode/DerivedData/VoiceReader-bvwdbkwbpbgbfcglgmbytagthmuj/Build/Intermediates.noindex/ArchiveIntermediates/VoiceReader/IntermediateBuildFilesPath/SwiftExplicitPrecompiledModules/YbridOpus-5Q718IUQQITLWRJRPGDXR4RQX.pcm

SwiftExplicitDependencyGeneratePcm arm64 /Users/runner/Library/Developer/Xcode/DerivedData/ModuleCache.noindex/CoreImage-EQ0JF68BT3Z07TA8N3UTK3NFY.pcm

SwiftExplicitDependencyGeneratePcm arm64 /Users/runner/Library/Developer/Xcode/DerivedData/ModuleCache.noindex/QuartzCore-ACK15AMOD3I9MROWCDP0VRCD3.pcm

SwiftExplicitDependencyGeneratePcm arm64 /Users/runner/Library/Developer/Xcode/DerivedData/ModuleCache.noindex/Intents-2XH0F74H4FEZE1D1OPZBUA0HX.pcm

SwiftCompile normal arm64 Compiling\ OGGConverter.swift,\ OGGDecoder.swift,\ OGGEncoder.swift,\ OpusError.swift /Users/runner/Library/Developer/Xcode/DerivedData/VoiceReader-bvwdbkwbpbgbfcglgmbytagthmuj/SourcePackages/checkouts/swift-ogg/Sources/SwiftOgg/OGGConverter.swift /Users/runner/Library/Developer/Xcode/DerivedData/VoiceReader-bvwdbkwbpbgbfcglgmbytagthmuj/SourcePackages/checkouts/swift-ogg/Sources/SwiftOgg/OGGDecoder.swift /Users/runner/Library/Developer/Xcode/DerivedData/VoiceReader-bvwdbkwbpbgbfcglgmbytagthmuj/SourcePackages/checkouts/swift-ogg/Sources/SwiftOgg/OGGEncoder.swift /Users/runner/Library/Developer/Xcode/DerivedData/VoiceReader-bvwdbkwbpbgbfcglgmbytagthmuj/SourcePackages/checkouts/swift-ogg/Sources/SwiftOgg/OpusError.swift /Applications/Xcode_26.0.1.app/Contents/Developer/Toolchains/XcodeDefault.xctoolchain/usr/lib/swift/iphoneos/prebuilt-modules/26.0/CoreMIDI.swiftmodule/arm64e-apple-ios.swiftmodule /Applications/Xcode_26.0.1.app/Contents/Developer/Toolchains/XcodeDefault.xctoolchain/usr/lib/swift/iphoneos/prebuilt-modules/26.0/Distributed.swiftmodule/arm64e-apple-ios.swiftmodule /Applications/Xcode_26.0.1.app/Contents/Developer/Toolchains/XcodeDefault.xctoolchain/usr/lib/swift/iphoneos/prebuilt-modules/26.0/AudioToolbox.swiftmodule/arm64e-apple-ios.swiftmodule /Applications/Xcode_26.0.1.app/Contents/Developer/Toolchains/XcodeDefault.xctoolchain/usr/lib/swift/iphoneos/prebuilt-modules/26.0/OSLog.swiftmodule/arm64e-apple-ios.swiftmodule /Applications/Xcode_26.0.1.app/Contents/Developer/Toolchains/XcodeDefault.xctoolchain/usr/lib/swift/iphoneos/prebuilt-modules/26.0/CoreImage.swiftmodule/arm64e-apple-ios.swiftmodule /Applications/Xcode_26.0.1.app/Contents/Developer/Toolchains/XcodeDefault.xctoolchain/usr/lib/swift/iphoneos/prebuilt-modules/26.0/Combine.swiftmodule/arm64e-apple-ios.swiftmodule /Applications/Xcode_26.0.1.app/Contents/Developer/Toolchains/XcodeDefault.xctoolchain/usr/lib/swift/iphoneos/prebuilt-modules/26.0/Accessibility.swiftmodule/arm64e-apple-ios.swiftmodule /Applications/Xcode_26.0.1.app/Contents/Developer/Toolchains/XcodeDefault.xctoolchain/usr/lib/swift/iphoneos/prebuilt-modules/26.0/CoreMedia.swiftmodule/arm64e-apple-ios.swiftmodule /Applications/Xcode_26.0.1.app/Contents/Developer/Toolchains/XcodeDefault.xctoolchain/usr/lib/swift/iphoneos/prebuilt-modules/26.0/XPC.swiftmodule/arm64e-apple-ios.swiftmodule /Applications/Xcode_26.0.1.app/Contents/Developer/Toolchains/XcodeDefault.xctoolchain/usr/lib/swift/iphoneos/prebuilt-modules/26.0/DataDetection.swiftmodule/arm64e-apple-ios.swiftmodule /Applications/Xcode_26.0.1.app/Contents/Developer/Toolchains/XcodeDefault.xctoolchain/usr/lib/swift/iphoneos/prebuilt-modules/26.0/_DarwinFoundation3.swiftmodule/arm64e-apple-ios.swiftmodule /Applications/Xcode_26.0.1.app/Contents/Developer/Toolchains/XcodeDefault.xctoolchain/usr/lib/swift/iphoneos/prebuilt-modules/26.0/DeveloperToolsSupport.swiftmodule/arm64e-apple-ios.swiftmodule /Applications/Xcode_26.0.1.app/Contents/Developer/Toolchains/XcodeDefault.xctoolchain/usr/lib/swift/iphoneos/prebuilt-modules/26.0/AVFAudio.swiftmodule/arm64e-apple-ios.swiftmodule /Applications/Xcode_26.0.1.app/Contents/Developer/Toolchains/XcodeDefault.xctoolchain/usr/lib/swift/iphoneos/prebuilt-modules/26.0/UniformTypeIdentifiers.swiftmodule/arm64e-apple-ios.swiftmodule /Applications/Xcode_26.0.1.app/Contents/Developer/Toolchains/XcodeDefault.xctoolchain/usr/lib/swift/iphoneos/prebuilt-modules/26.0/CoreTransferable.swiftmodule/arm64e-apple-ios.swiftmodule /Applications/Xcode_26.0.1.app/Contents/Developer/Toolchains/XcodeDefault.xctoolchain/usr/lib/swift/iphoneos/prebuilt-modules/26.0/Network.swiftmodule/arm64e-apple-ios.swiftmodule /Applications/Xcode_26.0.1.app/Contents/Developer/Toolchains/XcodeDefault.xctoolchain/usr/lib/swift/iphoneos/prebuilt-modules/26.0/System.swiftmodule/arm64e-apple-ios.swiftmodule /Applications/Xcode_26.0.1.app/Contents/Developer/Toolchains/XcodeDefault.xctoolchain/usr/lib/swift/iphoneos/prebuilt-modules/26.0/QuartzCore.swiftmodule/arm64e-apple-ios.swiftmodule /Applications/Xcode_26.0.1.app/Contents/Developer/Toolchains/XcodeDefault.xctoolchain/usr/lib/swift/iphoneos/prebuilt-modules/26.0/UIKit.swiftmodule/arm64e-apple-ios.swiftmodule /Applications/Xcode_26.0.1.app/Contents/Developer/Toolchains/XcodeDefault.xctoolchain/usr/lib/swift/iphoneos/prebuilt-modules/26.0/CoreText.swiftmodule/arm64e-apple-ios.swiftmodule /Applications/Xcode_26.0.1.app/Contents/Developer/Toolchains/XcodeDefault.xctoolchain/usr/lib/swift/iphoneos/prebuilt-modules/26.0/_StringProcessing.swiftmodule/arm64e-apple-ios.swiftmodule /Applications/Xcode_26.0.1.app/Contents/Developer/Toolchains/XcodeDefault.xctoolchain/usr/lib/swift/iphoneos/prebuilt-modules/26.0/FileProvider.swiftmodule/arm64e-apple-ios.swiftmodule /Applications/Xcode_26.0.1.app/Contents/Developer/Toolchains/XcodeDefault.xctoolchain/usr/lib/swift/iphoneos/prebuilt-modules/26.0/Symbols.swiftmodule/arm64e-apple-ios.swiftmodule /Applications/Xcode_26.0.1.app/Contents/Developer/Toolchains/XcodeDefault.xctoolchain/usr/lib/swift/iphoneos/prebuilt-modules/26.0/CoreFoundation.swiftmodule/arm64e-apple-ios.swiftmodule /Applications/Xcode_26.0.1.app/Contents/Developer/Toolchains/XcodeDefault.xctoolchain/usr/lib/swift/iphoneos/prebuilt-modules/26.0/_Builtin_float.swiftmodule/arm64e-apple-ios.swiftmodule /Applications/Xcode_26.0.1.app/Contents/Developer/Toolchains/XcodeDefault.xctoolchain/usr/lib/swift/iphoneos/prebuilt-modules/26.0/_DarwinFoundation1.swiftmodule/arm64e-apple-ios.swiftmodule /Applications/Xcode_26.0.1.app/Contents/Developer/Toolchains/XcodeDefault.xctoolchain/usr/lib/swift/iphoneos/prebuilt-modules/26.0/CoreAudio.swiftmodule/arm64e-apple-ios.swiftmodule /Applications/Xcode_26.0.1.app/Contents/Developer/Toolchains/XcodeDefault.xctoolchain/usr/lib/swift/iphoneos/prebuilt-modules/26.0/CoreGraphics.swiftmodule/arm64e-apple-ios.swiftmodule /Applications/Xcode_26.0.1.app/Contents/Developer/Toolchains/XcodeDefault.xctoolchain/usr/lib/swift/iphoneos/prebuilt-modules/26.0/SwiftUICore.swiftmodule/arm64e-apple-ios.swiftmodule /Applications/Xcode_26.0.1.app/Contents/Developer/Toolchains/XcodeDefault.xctoolchain/usr/lib/swift/iphoneos/prebuilt-modules/26.0/Observation.swiftmodule/arm64e-apple-ios.swiftmodule /Applications/Xcode_26.0.1.app/Contents/Developer/Toolchains/XcodeDefault.xctoolchain/usr/lib/swift/iphoneos/prebuilt-modules/26.0/_Concurrency.swiftmodule/arm64e-apple-ios.swiftmodule /Applications/Xcode_26.0.1.app/Contents/Developer/Toolchains/XcodeDefault.xctoolchain/usr/lib/swift/iphoneos/prebuilt-modules/26.0/Dispatch.swiftmodule/arm64e-apple-ios.swiftmodule /Applications/Xcode_26.0.1.app/Contents/Developer/Toolchains/XcodeDefault.xctoolchain/usr/lib/swift/iphoneos/prebuilt-modules/26.0/Swift.swiftmodule/arm64e-apple-ios.swiftmodule /Applications/Xcode_26.0.1.app/Contents/Developer/Toolchains/XcodeDefault.xctoolchain/usr/lib/swift/iphoneos/prebuilt-modules/26.0/os.swiftmodule/arm64e-apple-ios.swiftmodule /Applications/Xcode_26.0.1.app/Contents/Developer/Toolchains/XcodeDefault.xctoolchain/usr/lib/swift/iphoneos/prebuilt-modules/26.0/simd.swiftmodule/arm64e-apple-ios.swiftmodule /Applications/Xcode_26.0.1.app/Contents/Developer/Toolchains/XcodeDefault.xctoolchain/usr/lib/swift/iphoneos/prebuilt-modules/26.0/_DarwinFoundation2.swiftmodule/arm64e-apple-ios.swiftmodule /Applications/Xcode_26.0.1.app/Contents/Developer/Toolchains/XcodeDefault.xctoolchain/usr/lib/swift/iphoneos/prebuilt-modules/26.0/Metal.swiftmodule/arm64e-apple-ios.swiftmodule /Applications/Xcode_26.0.1.app/Contents/Developer/Toolchains/XcodeDefault.xctoolchain/usr/lib/swift/iphoneos/prebuilt-modules/26.0/ObjectiveC.swiftmodule/arm64e-apple-ios.swiftmodule /Applications/Xcode_26.0.1.app/Contents/Developer/Toolchains/XcodeDefault.xctoolchain/usr/lib/swift/iphoneos/prebuilt-modules/26.0/CoreVideo.swiftmodule/arm64e-apple-ios.swiftmodule /Applications/Xcode_26.0.1.app/Contents/Developer/Toolchains/XcodeDefault.xctoolchain/usr/lib/swift/iphoneos/prebuilt-modules/26.0/AVFoundation.swiftmodule/arm64e-apple-ios.swiftmodule /Applications/Xcode_26.0.1.app/Contents/Developer/Toolchains/XcodeDefault.xctoolchain/usr/lib/swift/iphoneos/prebuilt-modules/26.0/Darwin.swiftmodule/arm64e-apple-ios.swiftmodule /Applications/Xcode_26.0.1.app/Contents/Developer/Toolchains/XcodeDefault.xctoolchain/usr/lib/swift/iphoneos/prebuilt-modules/26.0/Foundation.swiftmodule/arm64e-apple-ios.swiftmodule /Applications/Xcode_26.0.1.app/Contents/Developer/Toolchains/XcodeDefault.xctoolchain/usr/lib/swift/iphoneos/prebuilt-modules/26.0/Synchronization.swiftmodule/arm64e-apple-ios.swiftmodule /Users/runner/Library/Developer/Xcode/DerivedData/ModuleCache.noindex/DataDetection-5XCQBBOYQ67KDWPPNNP1Z0K6U.pcm /Users/runner/Library/Developer/Xcode/DerivedData/ModuleCache.noindex/DeveloperToolsSupport-4WQ7S9ZBZYECQHEMAI7QMLDV.pcm /Users/runner/Library/Developer/Xcode/DerivedData/ModuleCache.noindex/_Builtin_stdarg-9LBCL7QS9GTQHS9UWSC04GV65.pcm /Users/runner/Library/Developer/Xcode/DerivedData/ModuleCache.noindex/OSLog-1QYDR5IH7OIH2T4SZCNLTRDX1.pcm /Users/runner/Library/Developer/Xcode/DerivedData/ModuleCache.noindex/simd-BQ7B8HO529HFOSXQ5FVXQF6DI.pcm /Users/runner/Library/Developer/Xcode/DerivedData/ModuleCache.noindex/Accessibility-47BL0B2KZVUH2C0WGAHCVMFUA.pcm /Users/runner/Library/Developer/Xcode/DerivedData/ModuleCache.noindex/Security-7PDUOQBODV8CZY044NWD3ULNU.pcm /Users/runner/Library/Developer/Xcode/DerivedData/ModuleCache.noindex/CoreGraphics-AOHMKX8GGME6P9E4INJMYXBOE.pcm /Users/runner/Library/Developer/Xcode/DerivedData/ModuleCache.noindex/Network-4ZK9PH4E7JJP6YI5EDCPWCF7X.pcm /Users/runner/Library/Developer/Xcode/DerivedData/ModuleCache.noindex/_Builtin_float-AKMV7394W2DIHGNSM80Z63G2T.pcm /Users/runner/Library/Developer/Xcode/DerivedData/ModuleCache.noindex/UniformTypeIdentifiers-2S9VP1BLCMFR9WVVHHOQV8BUI.pcm /Users/runner/Library/Developer/Xcode/DerivedData/ModuleCache.noindex/SwiftShims-A9XZFEFSB960ZYB15ECMLUWNQ.pcm /Users/runner/Library/Developer/Xcode/DerivedData/ModuleCache.noindex/CFNetwork-874HC2707Q8PTGN5ZJ3KN4F13.pcm /Users/runner/Library/Developer/Xcode/DerivedData/ModuleCache.noindex/CoreTransferable-43YUT4OO692QL7KTIQHJL3MT2.pcm /Users/runner/Library/Developer/Xcode/DerivedData/ModuleCache.noindex/FileProvider-1Z0P2WJDXWQDWIAGKORTD050B.pcm /Users/runner/Library/Developer/Xcode/DerivedData/ModuleCache.noindex/_SwiftConcurrencyShims-A9J2MYR1D7AKMU9LOKVMC3Y1G.pcm /Users/runner/Library/Developer/Xcode/DerivedData/ModuleCache.noindex/MachO-97WEJRSYRS8FQGWV09DO86N5A.pcm /Users/runner/Library/Developer/Xcode/DerivedData/ModuleCache.noindex/AudioToolbox-CW6VK7A8B4HYKUW357KR49SUY.pcm /Users/runner/Library/Developer/Xcode/DerivedData/ModuleCache.noindex/SwiftUICore-F1SPLU9UQ3ROK9ULXK2T8RDRA.pcm /Users/runner/Library/Developer/Xcode/DerivedData/ModuleCache.noindex/dnssd-BY58JKPU4IJI42IH7JNC82SZX.pcm /Users/runner/Library/Developer/Xcode/DerivedData/VoiceReader-bvwdbkwbpbgbfcglgmbytagthmuj/Build/Intermediates.noindex/ArchiveIntermediates/VoiceReader/IntermediateBuildFilesPath/SwiftExplicitPrecompiledModules/YbridOgg-7EC3TEWWQCJA5VLECIABVQ84W.pcm /Users/runner/Library/Developer/Xcode/DerivedData/ModuleCache.noindex/AVFoundation-DAFTGH8W76AMNQ5LO6EIIV2HD.pcm /Users/runner/Library/Developer/Xcode/DerivedData/ModuleCache.noindex/ptrcheck-6IKQJ2JX7DZX8QISIIZVRZ951.pcm /Users/runner/Library/Developer/Xcode/DerivedData/ModuleCache.noindex/Symbols-CXC6DCS8HYZYQ0RYNK98IGYA9.pcm /Users/runner/Library/Developer/Xcode/DerivedData/ModuleCache.noindex/_Builtin_limits-5CQSPFAT0AN9FHGZEK7AWB5YI.pcm /Users/runner/Library/Developer/Xcode/DerivedData/ModuleCache.noindex/UIKit-1C58HKY39N0NORER4KLNQGCD8.pcm /Users/runner/Library/Developer/Xcode/DerivedData/ModuleCache.noindex/_DarwinFoundation1-1DY95OTDAMT0U75B7NU2PIKR2.pcm /Users/runner/Library/Developer/Xcode/DerivedData/ModuleCache.noindex/XPC-BACH7346W9EMERDFKYBTHRF2T.pcm /Users/runner/Library/Developer/Xcode/DerivedData/ModuleCache.noindex/UIUtilities-6NUXZK2CS26KPPBTKC6POY7VG.pcm /Users/runner/Library/Developer/Xcode/DerivedData/VoiceReader-bvwdbkwbpbgbfcglgmbytagthmuj/Build/Intermediates.noindex/ArchiveIntermediates/VoiceReader/IntermediateBuildFilesPath/SwiftExplicitPrecompiledModules/Copustools-BT4MOOJ4ZJ84P3ZU1XG83BH5S.pcm /Users/runner/Library/Developer/Xcode/DerivedData/ModuleCache.noindex/os_object-CSXZDFUTQ5A5CGGOYAPOXY3G0.pcm /Users/runner/Library/Developer/Xcode/DerivedData/ModuleCache.noindex/ImageIO-3KQ4I6RU1T28NRNZ26QTVF02C.pcm /Users/runner/Library/Developer/Xcode/DerivedData/ModuleCache.noindex/sys_types-26AHWOYK0IZRHLTM2H3POF4EP.pcm /Users/runner/Library/Developer/Xcode/DerivedData/ModuleCache.noindex/Darwin-6T003TP0I93PLXD4TOITY70HN.pcm /Users/runner/Library/Developer/Xcode/DerivedData/ModuleCache.noindex/Metal-872V4X9W17V8DS84P8HDSCUJ0.pcm /Users/runner/Library/Developer/Xcode/DerivedData/ModuleCache.noindex/OpenGLES-8A4POT1CHAKQ0PRHDWHHXJT6F.pcm /Users/runner/Library/Developer/Xcode/DerivedData/ModuleCache.noindex/AVFAudio-BQQ9NZ8Q3KPIZ0XFSZ8F4UPYQ.pcm /Users/runner/Library/Developer/Xcode/DerivedData/ModuleCache.noindex/CoreText-L3HD4C69Z56X3S8SWKO40VHA.pcm /Users/runner/Library/Developer/Xcode/DerivedData/ModuleCache.noindex/os-66TL83LD1J6Z7XKOE8BKWS62H.pcm /Users/runner/Library/Developer/Xcode/DerivedData/ModuleCache.noindex/os_workgroup-BC6O5KBE1V1SH4MS6Y1FV2SUK.pcm /Users/runner/Library/Developer/Xcode/DerivedData/ModuleCache.noindex/MediaToolbox-8KM0TV1I26WAPCDFEXMK6Y6TJ.pcm /Users/runner/Library/Developer/Xcode/DerivedData/ModuleCache.noindex/CoreAudioTypes-4AD7OY20CNR0VIMW0B60FD7O7.pcm /Users/runner/Library/Developer/Xcode/DerivedData/ModuleCache.noindex/_Builtin_stdint-53PJL3EM8FH3AXIVHHMDR9M5U.pcm /Users/runner/Library/Developer/Xcode/DerivedData/ModuleCache.noindex/_DarwinFoundation2-2UM7G33I6D5BQLBUH6QMSPYKJ.pcm /Users/runner/Library/Developer/Xcode/DerivedData/ModuleCache.noindex/CoreAudio-2ZNLE73CRENREMT6QXZOWVSN2.pcm /Users/runner/Library/Developer/Xcode/DerivedData/ModuleCache.noindex/_DarwinFoundation3-5OLZ6HIOYHMVYAHHWLOJOBQJA.pcm /Users/runner/Library/Developer/Xcode/DerivedData/ModuleCache.noindex/ObjectiveC-253DRA0T9GS9T01U51UAEXU0T.pcm /Users/runner/Library/Developer/Xcode/DerivedData/ModuleCache.noindex/AVRouting-2DHKFU43O8Z46SKUUJ93S0JMC.pcm /Users/runner/Library/Developer/Xcode/DerivedData/ModuleCache.noindex/ptrauth-5K1F4PE0M5DV47D0HVGMNSVQM.pcm /Users/runner/Library/Developer/Xcode/DerivedData/VoiceReader-bvwdbkwbpbgbfcglgmbytagthmuj/Build/Intermediates.noindex/ArchiveIntermediates/VoiceReader/IntermediateBuildFilesPath/SwiftExplicitPrecompiledModules/YbridOpus-5Q718IUQQITLWRJRPGDXR4RQX.pcm /Users/runner/Library/Developer/Xcode/DerivedData/ModuleCache.noindex/Dispatch-3NIHYXUA2N4P6DN17O3CNEJVG.pcm /Users/runner/Library/Developer/Xcode/DerivedData/ModuleCache.noindex/IOSurface-ABDKE91H6WHVIU3J1D1B73ZXE.pcm /Users/runner/Library/Developer/Xcode/DerivedData/ModuleCache.noindex/Foundation-ABUX676I6LF3OWTEB5FZZCRGY.pcm /Users/runner/Library/Developer/Xcode/DerivedData/ModuleCache.noindex/CoreMIDI-ARI8U6V9QGGTWDRO2RAS79SKN.pcm /Users/runner/Library/Developer/Xcode/DerivedData/ModuleCache.noindex/CoreImage-OEOHNIBEKIMCM43Y9MUHCC8E.pcm /Users/runner/Library/Developer/Xcode/DerivedData/ModuleCache.noindex/_Builtin_intrinsics-AOPXPCKX4LM297BVXQ5MW0L6.pcm /Users/runner/Library/Developer/Xcode/DerivedData/ModuleCache.noindex/_Builtin_stdatomic-CACP7VSVPJZSLUOFCJZBWB6NC.pcm /Users/runner/Library/Developer/Xcode/DerivedData/ModuleCache.noindex/_Builtin_inttypes-3OMDGLSFAT1DQ89TOSXNQX8YN.pcm /Users/runner/Library/Developer/Xcode/DerivedData/ModuleCache.noindex/CoreMedia-2SBSL9P5Y95PXMKE1YJZ8X9HC.pcm /Users/runner/Library/Developer/Xcode/DerivedData/ModuleCache.noindex/_AvailabilityInternal-5RH4MOL27RPYL69LZNEO2DGMH.pcm /Users/runner/Library/Developer/Xcode/DerivedData/ModuleCache.noindex/CoreFoundation-11A8T33HU5L2N9I4R4M1K8T2J.pcm /Users/runner/Library/Developer/Xcode/DerivedData/ModuleCache.noindex/_Builtin_stddef-8W83B6CN586QPVCMGARL3ILPC.pcm /Users/runner/Library/Developer/Xcode/DerivedData/ModuleCache.noindex/CoreVideo-3I5KSL284JVCMOYQI1AFH1OQB.pcm /Users/runner/Library/Developer/Xcode/DerivedData/ModuleCache.noindex/_Builtin_stdbool-EZMPRLC7HU360I64Y7TW9HVH4.pcm /Users/runner/Library/Developer/Xcode/DerivedData/ModuleCache.noindex/_Builtin_tgmath-5UCMCHW71YB1D41FWACJFGHOC.pcm /Users/runner/Library/Developer/Xcode/DerivedData/ModuleCache.noindex/QuartzCore-26YGKC9430R0947NM2QPQN3HI.pcm /Users/runner/Library/Developer/Xcode/DerivedData/ModuleCache.noindex/UserNotifications-BIFDTUJQ80DTXWA7UBMUS0DES.pcm /Users/runner/Library/Developer/Xcode/DerivedData/VoiceReader-bvwdbkwbpbgbfcglgmbytagthmuj/Build/Intermediates.noindex/ArchiveIntermediates/VoiceReader/IntermediateBuildFilesPath/SwiftOGG.build/Release-iphoneos/SwiftOGG.build/Objects-normal/arm64/SwiftOGG-dependencies-1.json (in target 'SwiftOGG' from project 'SwiftOGG')
CompileSwift normal arm64 (in target 'SwiftOGG' from project 'SwiftOGG')
    cd /Users/runner/work/voice-message-reader/voice-message-reader/VoiceReader.xcodeproj
    

SwiftExplicitDependencyGeneratePcm arm64 /Users/runner/Library/Developer/Xcode/DerivedData/ModuleCache.noindex/SwiftUICore-7YNNUDYXXVZDBHN5RNTTQ5COM.pcm

SwiftExplicitDependencyGeneratePcm arm64 /Users/runner/Library/Developer/Xcode/DerivedData/ModuleCache.noindex/UIKit-6Z24CC1V5QR7BL81GB0Y7843M.pcm

SwiftExplicitDependencyGeneratePcm arm64 /Users/runner/Library/Developer/Xcode/DerivedData/ModuleCache.noindex/SwiftUI-ER6394IIVGQLL6HMG2246YE98.pcm

SwiftCompile normal arm64 Compiling\ AppGroup.swift,\ Models.swift,\ VoiceReaderWidget.swift /Users/runner/work/voice-message-reader/voice-message-reader/Shared/AppGroup.swift /Users/runner/work/voice-message-reader/voice-message-reader/Shared/Models.swift /Users/runner/work/voice-message-reader/voice-message-reader/Widget/VoiceReaderWidget.swift /Applications/Xcode_26.0.1.app/Contents/Developer/Toolchains/XcodeDefault.xctoolchain/usr/lib/swift/iphoneos/prebuilt-modules/26.0/_Concurrency.swiftmodule/arm64e-apple-ios.swiftmodule /Applications/Xcode_26.0.1.app/Contents/Developer/Toolchains/XcodeDefault.xctoolchain/usr/lib/swift/iphoneos/prebuilt-modules/26.0/OSLog.swiftmodule/arm64e-apple-ios.swiftmodule /Applications/Xcode_26.0.1.app/Contents/Developer/Toolchains/XcodeDefault.xctoolchain/usr/lib/swift/iphoneos/prebuilt-modules/26.0/UniformTypeIdentifiers.swiftmodule/arm64e-apple-ios.swiftmodule /Applications/Xcode_26.0.1.app/Contents/Developer/Toolchains/XcodeDefault.xctoolchain/usr/lib/swift/iphoneos/prebuilt-modules/26.0/Observation.swiftmodule/arm64e-apple-ios.swiftmodule /Applications/Xcode_26.0.1.app/Contents/Developer/Toolchains/XcodeDefault.xctoolchain/usr/lib/swift/iphoneos/prebuilt-modules/26.0/ExtensionFoundation.swiftmodule/arm64e-apple-ios.swiftmodule /Applications/Xcode_26.0.1.app/Contents/Developer/Toolchains/XcodeDefault.xctoolchain/usr/lib/swift/iphoneos/prebuilt-modules/26.0/os.swiftmodule/arm64e-apple-ios.swiftmodule /Applications/Xcode_26.0.1.app/Contents/Developer/Toolchains/XcodeDefault.xctoolchain/usr/lib/swift/iphoneos/prebuilt-modules/26.0/DeveloperToolsSupport.swiftmodule/arm64e-apple-ios.swiftmodule /Applications/Xcode_26.0.1.app/Contents/Developer/Toolchains/XcodeDefault.xctoolchain/usr/lib/swift/iphoneos/prebuilt-modules/26.0/Distributed.swiftmodule/arm64e-apple-ios.swiftmodule /Applications/Xcode_26.0.1.app/Contents/Developer/Toolchains/XcodeDefault.xctoolchain/usr/lib/swift/iphoneos/prebuilt-modules/26.0/ActivityKit.swiftmodule/arm64e-apple-ios.swiftmodule /Applications/Xcode_26.0.1.app/Contents/Developer/Toolchains/XcodeDefault.xctoolchain/usr/lib/swift/iphoneos/prebuilt-modules/26.0/_AppIntents_SwiftUI.swiftmodule/arm64e-apple-ios.swiftmodule /Applications/Xcode_26.0.1.app/Contents/Developer/Toolchains/XcodeDefault.xctoolchain/usr/lib/swift/iphoneos/prebuilt-modules/26.0/Spatial.swiftmodule/arm64e-apple-ios.swiftmodule /Applications/Xcode_26.0.1.app/Contents/Developer/Toolchains/XcodeDefault.xctoolchain/usr/lib/swift/iphoneos/prebuilt-modules/26.0/_Builtin_float.swiftmodule/arm64e-apple-ios.swiftmodule /Applications/Xcode_26.0.1.app/Contents/Developer/Toolchains/XcodeDefault.xctoolchain/usr/lib/swift/iphoneos/prebuilt-modules/26.0/SwiftUI.swiftmodule/arm64e-apple-ios.swiftmodule /Applications/Xcode_26.0.1.app/Contents/Developer/Toolchains/XcodeDefault.xctoolchain/usr/lib/swift/iphoneos/prebuilt-modules/26.0/Metal.swiftmodule/arm64e-apple-ios.swiftmodule /Applications/Xcode_26.0.1.app/Contents/Developer/Toolchains/XcodeDefault.xctoolchain/usr/lib/swift/iphoneos/prebuilt-modules/26.0/AppIntents.swiftmodule/arm64e-apple-ios.swiftmodule /Applications/Xcode_26.0.1.app/Contents/Developer/Toolchains/XcodeDefault.xctoolchain/usr/lib/swift/iphoneos/prebuilt-modules/26.0/CoreData.swiftmodule/arm64e-apple-ios.swiftmodule /Applications/Xcode_26.0.1.app/Contents/Developer/Toolchains/XcodeDefault.xctoolchain/usr/lib/swift/iphoneos/prebuilt-modules/26.0/CoreSpotlight.swiftmodule/arm64e-apple-ios.swiftmodule /Applications/Xcode_26.0.1.app/Contents/Developer/Toolchains/XcodeDefault.xctoolchain/usr/lib/swift/iphoneos/prebuilt-modules/26.0/CoreFoundation.swiftmodule/arm64e-apple-ios.swiftmodule /Applications/Xcode_26.0.1.app/Contents/Developer/Toolchains/XcodeDefault.xctoolchain/usr/lib/swift/iphoneos/prebuilt-modules/26.0/simd.swiftmodule/arm64e-apple-ios.swiftmodule /Applications/Xcode_26.0.1.app/Contents/Developer/Toolchains/XcodeDefault.xctoolchain/usr/lib/swift/iphoneos/prebuilt-modules/26.0/UIKit.swiftmodule/arm64e-apple-ios.swiftmodule /Applications/Xcode_26.0.1.app/Contents/Developer/Toolchains/XcodeDefault.xctoolchain/usr/lib/swift/iphoneos/prebuilt-modules/26.0/CoreText.swiftmodule/arm64e-apple-ios.swiftmodule /Applications/Xcode_26.0.1.app/Contents/Developer/Toolchains/XcodeDefault.xctoolchain/usr/lib/swift/iphoneos/prebuilt-modules/26.0/CoreLocation.swiftmodule/arm64e-apple-ios.swiftmodule /Applications/Xcode_26.0.1.app/Contents/Developer/Toolchains/XcodeDefault.xctoolchain/usr/lib/swift/iphoneos/prebuilt-modules/26.0/DataDetection.swiftmodule/arm64e-apple-ios.swiftmodule /Applications/Xcode_26.0.1.app/Contents/Developer/Toolchains/XcodeDefault.xctoolchain/usr/lib/swift/iphoneos/prebuilt-modules/26.0/Accessibility.swiftmodule/arm64e-apple-ios.swiftmodule /Applications/Xcode_26.0.1.app/Contents/Developer/Toolchains/XcodeDefault.xctoolchain/usr/lib/swift/iphoneos/prebuilt-modules/26.0/XPC.swiftmodule/arm64e-apple-ios.swiftmodule /Applications/Xcode_26.0.1.app/Contents/Developer/Toolchains/XcodeDefault.xctoolchain/usr/lib/swift/iphoneos/prebuilt-modules/26.0/_DarwinFoundation1.swiftmodule/arm64e-apple-ios.swiftmodule /Applications/Xcode_26.0.1.app/Contents/Developer/Toolchains/XcodeDefault.xctoolchain/usr/lib/swift/iphoneos/prebuilt-modules/26.0/CoreImage.swiftmodule/arm64e-apple-ios.swiftmodule /Applications/Xcode_26.0.1.app/Contents/Developer/Toolchains/XcodeDefault.xctoolchain/usr/lib/swift/iphoneos/prebuilt-modules/26.0/Darwin.swiftmodule/arm64e-apple-ios.swiftmodule /Applications/Xcode_26.0.1.app/Contents/Developer/Toolchains/XcodeDefault.xctoolchain/usr/lib/swift/iphoneos/prebuilt-modules/26.0/_DarwinFoundation2.swiftmodule/arm64e-apple-ios.swiftmodule /Applications/Xcode_26.0.1.app/Contents/Developer/Toolchains/XcodeDefault.xctoolchain/usr/lib/swift/iphoneos/prebuilt-modules/26.0/Swift.swiftmodule/arm64e-apple-ios.swiftmodule /Applications/Xcode_26.0.1.app/Contents/Developer/Toolchains/XcodeDefault.xctoolchain/usr/lib/swift/iphoneos/prebuilt-modules/26.0/FileProvider.swiftmodule/arm64e-apple-ios.swiftmodule /Applications/Xcode_26.0.1.app/Contents/Developer/Toolchains/XcodeDefault.xctoolchain/usr/lib/swift/iphoneos/prebuilt-modules/26.0/QuartzCore.swiftmodule/arm64e-apple-ios.swiftmodule /Applications/Xcode_26.0.1.app/Contents/Developer/Toolchains/XcodeDefault.xctoolchain/usr/lib/swift/iphoneos/prebuilt-modules/26.0/CoreTransferable.swiftmodule/arm64e-apple-ios.swiftmodule /Applications/Xcode_26.0.1.app/Contents/Developer/Toolchains/XcodeDefault.xctoolchain/usr/lib/swift/iphoneos/prebuilt-modules/26.0/CoreGraphics.swiftmodule/arm64e-apple-ios.swiftmodule /Applications/Xcode_26.0.1.app/Contents/Developer/Toolchains/XcodeDefault.xctoolchain/usr/lib/swift/iphoneos/prebuilt-modules/26.0/Intents.swiftmodule/arm64e-apple-ios.swiftmodule /Applications/Xcode_26.0.1.app/Contents/Developer/Toolchains/XcodeDefault.xctoolchain/usr/lib/swift/iphoneos/prebuilt-modules/26.0/_DarwinFoundation3.swiftmodule/arm64e-apple-ios.swiftmodule /Applications/Xcode_26.0.1.app/Contents/Developer/Toolchains/XcodeDefault.xctoolchain/usr/lib/swift/iphoneos/prebuilt-modules/26.0/Dispatch.swiftmodule/arm64e-apple-ios.swiftmodule /Applications/Xcode_26.0.1.app/Contents/Developer/Toolchains/XcodeDefault.xctoolchain/usr/lib/swift/iphoneos/prebuilt-modules/26.0/Network.swiftmodule/arm64e-apple-ios.swiftmodule /Applications/Xcode_26.0.1.app/Contents/Developer/Toolchains/XcodeDefault.xctoolchain/usr/lib/swift/iphoneos/prebuilt-modules/26.0/Combine.swiftmodule/arm64e-apple-ios.swiftmodule /Applications/Xcode_26.0.1.app/Contents/Developer/Toolchains/XcodeDefault.xctoolchain/usr/lib/swift/iphoneos/prebuilt-modules/26.0/_StringProcessing.swiftmodule/arm64e-apple-ios.swiftmodule /Applications/Xcode_26.0.1.app/Contents/Developer/Toolchains/XcodeDefault.xctoolchain/usr/lib/swift/iphoneos/prebuilt-modules/26.0/SwiftUICore.swiftmodule/arm64e-apple-ios.swiftmodule /Applications/Xcode_26.0.1.app/Contents/Developer/Toolchains/XcodeDefault.xctoolchain/usr/lib/swift/iphoneos/prebuilt-modules/26.0/ObjectiveC.swiftmodule/arm64e-apple-ios.swiftmodule /Applications/Xcode_26.0.1.app/Contents/Developer/Toolchains/XcodeDefault.xctoolchain/usr/lib/swift/iphoneos/prebuilt-modules/26.0/WidgetKit.swiftmodule/arm64e-apple-ios.swiftmodule /Applications/Xcode_26.0.1.app/Contents/Developer/Toolchains/XcodeDefault.xctoolchain/usr/lib/swift/iphoneos/prebuilt-modules/26.0/Foundation.swiftmodule/arm64e-apple-ios.swiftmodule /Applications/Xcode_26.0.1.app/Contents/Developer/Toolchains/XcodeDefault.xctoolchain/usr/lib/swift/iphoneos/prebuilt-modules/26.0/System.swiftmodule/arm64e-apple-ios.swiftmodule /Applications/Xcode_26.0.1.app/Contents/Developer/Toolchains/XcodeDefault.xctoolchain/usr/lib/swift/iphoneos/prebuilt-modules/26.0/RelevanceKit.swiftmodule/arm64e-apple-ios.swiftmodule /Applications/Xcode_26.0.1.app/Contents/Developer/Toolchains/XcodeDefault.xctoolchain/usr/lib/swift/iphoneos/prebuilt-modules/26.0/Symbols.swiftmodule/arm64e-apple-ios.swiftmodule /Applications/Xcode_26.0.1.app/Contents/Developer/Toolchains/XcodeDefault.xctoolchain/usr/lib/swift/iphoneos/prebuilt-modules/26.0/CoreVideo.swiftmodule/arm64e-apple-ios.swiftmodule /Users/runner/Library/Developer/Xcode/DerivedData/ModuleCache.noindex/_DarwinFoundation1-C1ZDKFE06JLI4305DG328EUC.pcm /Users/runner/Library/Developer/Xcode/DerivedData/ModuleCache.noindex/CoreLocation-5Q44I1O2X8AWKGUM07RCDOA5B.pcm /Users/runner/Library/Developer/Xcode/DerivedData/ModuleCache.noindex/_SwiftConcurrencyShims-DTSXCKWLLL7GBI7KBKULYR6TH.pcm /Users/runner/Library/Developer/Xcode/DerivedData/ModuleCache.noindex/IOSurface-54X9GTKFTHCM3ZFDH4KVO5HF9.pcm /Users/runner/Library/Developer/Xcode/DerivedData/ModuleCache.noindex/DataDetection-TVIMRJOPADK3HMFW7J6N2VY7.pcm /Users/runner/Library/Developer/Xcode/DerivedData/ModuleCache.noindex/Spatial-DZRF8HQE6LK1DTU0G4ZZRXN6C.pcm /Users/runner/Library/Developer/Xcode/DerivedData/ModuleCache.noindex/ActivityKit-383TTAJ1M19Y7DE5MZYB3XJXA.pcm /Users/runner/Library/Developer/Xcode/DerivedData/ModuleCache.noindex/CoreSpotlight-AXHKQH4A5ID0W9A3WJGJAYO1H.pcm /Users/runner/Library/Developer/Xcode/DerivedData/ModuleCache.noindex/QuartzCore-ACK15AMOD3I9MROWCDP0VRCD3.pcm /Users/runner/Library/Developer/Xcode/DerivedData/ModuleCache.noindex/CoreTransferable-SH2P9F1WP463TOX9QOAF1MBO.pcm /Users/runner/Library/Developer/Xcode/DerivedData/ModuleCache.noindex/CoreFoundation-7QUGA357STDOQ0UW61DLTIP3C.pcm /Users/runner/Library/Developer/Xcode/DerivedData/ModuleCache.noindex/_Builtin_stdatomic-F1PGA3BEFM4ZT2QIWLNRYMMTV.pcm /Users/runner/Library/Developer/Xcode/DerivedData/ModuleCache.noindex/_Builtin_float-286J9KS05IJGDQ7G2DNB17YYM.pcm /Users/runner/Library/Developer/Xcode/DerivedData/ModuleCache.noindex/_AvailabilityInternal-ANQ6HTPN039SIEFLWVSJDRGFB.pcm /Users/runner/Library/Developer/Xcode/DerivedData/ModuleCache.noindex/CoreText-80LP8RCZPE7T4OL3J0EIB84IK.pcm /Users/runner/Library/Developer/Xcode/DerivedData/ModuleCache.noindex/OpenGLES-73PNM92E1EV6F7813FNIZQH29.pcm /Users/runner/Library/Developer/Xcode/DerivedData/ModuleCache.noindex/CoreData-3N82X5H3KP0BYU9O9LZ74Z78B.pcm /Users/runner/Library/Developer/Xcode/DerivedData/ModuleCache.noindex/UniformTypeIdentifiers-DOOWWOTW5DYFGN7QHIDHF8T6Q.pcm /Users/runner/Library/Developer/Xcode/DerivedData/ModuleCache.noindex/Network-B6OYS5GLB72YZK88SXNTIOVBX.pcm /Users/runner/Library/Developer/Xcode/DerivedData/ModuleCache.noindex/SwiftUICore-7YNNUDYXXVZDBHN5RNTTQ5COM.pcm /Users/runner/Library/Developer/Xcode/DerivedData/ModuleCache.noindex/RelevanceKit-5YZCYANUUBTWMG80TZ8981DCI.pcm /Users/runner/Library/Developer/Xcode/DerivedData/ModuleCache.noindex/_Builtin_tgmath-79PZZURZ3D25EE6E4XULR8HUH.pcm /Users/runner/Library/Developer/Xcode/DerivedData/ModuleCache.noindex/CoreVideo-1OYSTHVY70YL6JQERM0AJOGQE.pcm /Users/runner/Library/Developer/Xcode/DerivedData/ModuleCache.noindex/_Builtin_stddef-5KI8XVGWF45PF2HM0J6DYHGIS.pcm /Users/runner/Library/Developer/Xcode/DerivedData/ModuleCache.noindex/UIKit-6Z24CC1V5QR7BL81GB0Y7843M.pcm /Users/runner/Library/Developer/Xcode/DerivedData/ModuleCache.noindex/_LocationEssentials-B8QFNCL1UUBVOBGR7OJDGBJC6.pcm /Users/runner/Library/Developer/Xcode/DerivedData/ModuleCache.noindex/os_object-4WJF195CA9YPQ55K29XFOPHV1.pcm /Users/runner/Library/Developer/Xcode/DerivedData/ModuleCache.noindex/simd-961IYBAENR6SN8JOIZ7R8U8ES.pcm /Users/runner/Library/Developer/Xcode/DerivedData/ModuleCache.noindex/dnssd-9LQ7I6916YJN3GQSRPNV5QARH.pcm /Users/runner/Library/Developer/Xcode/DerivedData/ModuleCache.noindex/_Builtin_stdarg-5Y7U2J7WDBPQUHKV3OEPGMT0T.pcm /Users/runner/Library/Developer/Xcode/DerivedData/ModuleCache.noindex/Foundation-44F7XYD94LLDPU3OPOG21CU5L.pcm /Users/runner/Library/Developer/Xcode/DerivedData/ModuleCache.noindex/UIUtilities-6OKSBM3E5UO0TT49EQGKOS8NN.pcm /Users/runner/Library/Developer/Xcode/DerivedData/ModuleCache.noindex/ObjectiveC-7T8RE50019R9I403LL4J7RLLU.pcm /Users/runner/Library/Developer/Xcode/DerivedData/ModuleCache.noindex/_Builtin_inttypes-552BJQJMJO5GFBC4LNPPQ086L.pcm /Users/runner/Library/Developer/Xcode/DerivedData/ModuleCache.noindex/Symbols-CTZPK5U4FJ4KLVKBY0UZFL86Y.pcm /Users/runner/Library/Developer/Xcode/DerivedData/ModuleCache.noindex/ptrcheck-A5EJ08RJOP89FIDENFQ42ADD5.pcm /Users/runner/Library/Developer/Xcode/DerivedData/ModuleCache.noindex/sys_types-1VWP43TRUIJ5QO1W1PZC5JVTG.pcm /Users/runner/Library/Developer/Xcode/DerivedData/ModuleCache.noindex/CoreImage-EQ0JF68BT3Z07TA8N3UTK3NFY.pcm /Users/runner/Library/Developer/Xcode/DerivedData/ModuleCache.noindex/ptrauth-56T8ITT0OTZ6ELNTBMTOXIOH4.pcm /Users/runner/Library/Developer/Xcode/DerivedData/ModuleCache.noindex/SwiftUI-ER6394IIVGQLL6HMG2246YE98.pcm /Users/runner/Library/Developer/Xcode/DerivedData/ModuleCache.noindex/WidgetKit-18BPIMHAJENSQEQ1AX1JNCUMS.pcm /Users/runner/Library/Developer/Xcode/DerivedData/ModuleCache.noindex/os-4JXH7Q5AX7EFV8NUFGJQ6DY6H.pcm /Users/runner/Library/Developer/Xcode/DerivedData/ModuleCache.noindex/CoreGraphics-37Y8HPJC9N3GTOFCHXKUQ1YHZ.pcm /Users/runner/Library/Developer/Xcode/DerivedData/ModuleCache.noindex/_DarwinFoundation3-GU1BF5G49LXQ54PWRZ30117B.pcm /Users/runner/Library/Developer/Xcode/DerivedData/ModuleCache.noindex/Intents-2XH0F74H4FEZE1D1OPZBUA0HX.pcm /Users/runner/Library/Developer/Xcode/DerivedData/ModuleCache.noindex/_Builtin_intrinsics-88K2RJQFGUGS2NLI2Q26Y5DX5.pcm /Users/runner/Library/Developer/Xcode/DerivedData/ModuleCache.noindex/MachO-3115ASEBJHGXFABIF4C04VLHX.pcm /Users/runner/Library/Developer/Xcode/DerivedData/ModuleCache.noindex/_DarwinFoundation2-9K6SUJJM4JXWTNLAJHRG21C1C.pcm /Users/runner/Library/Developer/Xcode/DerivedData/ModuleCache.noindex/CFNetwork-22PJ5MJ78JISPOM2BQ0VLKTOA.pcm /Users/runner/Library/Developer/Xcode/DerivedData/ModuleCache.noindex/_Builtin_limits-AFL1WKV755E0AEABR1HJKU2II.pcm /Users/runner/Library/Developer/Xcode/DerivedData/ModuleCache.noindex/ImageIO-C7HPYJG8PMW76TG0JWKQWI43O.pcm /Users/runner/Library/Developer/Xcode/DerivedData/ModuleCache.noindex/Dispatch-29K33OS41KY3TD12V3FP0F6AM.pcm /Users/runner/Library/Developer/Xcode/DerivedData/ModuleCache.noindex/SwiftShims-8UNGSFMGRDX0OK3UWGWZZ5884.pcm /Users/runner/Library/Developer/Xcode/DerivedData/ModuleCache.noindex/UserNotifications-BVV3T146G6CYTRI7MREIZZ1V2.pcm /Users/runner/Library/Developer/Xcode/DerivedData/ModuleCache.noindex/FileProvider-DIE1ZLLFGWT3NB1NN0CJE8K5T.pcm /Users/runner/Library/Developer/Xcode/DerivedData/ModuleCache.noindex/Metal-55OVH4QBFRTFHRHWNHC3JYU68.pcm /Users/runner/Library/Developer/Xcode/DerivedData/ModuleCache.noindex/DeveloperToolsSupport-EICV5YU2S2SX2AVRP2GTQZ1RQ.pcm /Users/runner/Library/Developer/Xcode/DerivedData/ModuleCache.noindex/_Builtin_stdint-2JMS4AGPKA1ZATD7I7X3I6QBN.pcm /Users/runner/Library/Developer/Xcode/DerivedData/ModuleCache.noindex/OSLog-18KAN2BGIP5V4SN331DAHWAIJ.pcm /Users/runner/Library/Developer/Xcode/DerivedData/ModuleCache.noindex/_Builtin_stdbool-5YJ9SVPQWMGE40ER4JXZ2OQNK.pcm /Users/runner/Library/Developer/Xcode/DerivedData/ModuleCache.noindex/os_workgroup-3K90UTB5RXHQN8GRX4YJXRAEK.pcm /Users/runner/Library/Developer/Xcode/DerivedData/ModuleCache.noindex/AppIntents-4ATG3VVBP8SSZFCJX9PEVKF49.pcm /Users/runner/Library/Developer/Xcode/DerivedData/ModuleCache.noindex/ExtensionFoundation-D6KNNXNA06K8C82HVYMTC4UER.pcm /Users/runner/Library/Developer/Xcode/DerivedData/ModuleCache.noindex/XPC-A8CU9R1XNMDZYTPQ7PQO4Y9AQ.pcm /Users/runner/Library/Developer/Xcode/DerivedData/ModuleCache.noindex/Darwin-DARC555YXRHIRW4719E97K83Z.pcm /Users/runner/Library/Developer/Xcode/DerivedData/ModuleCache.noindex/Security-72KAG602GSUFRFCA2KRT8UKXS.pcm /Users/runner/Library/Developer/Xcode/DerivedData/ModuleCache.noindex/Accessibility-EB2PJEGZIREWZV3GIBBKKWMP9.pcm /Users/runner/Library/Developer/Xcode/DerivedData/VoiceReader-bvwdbkwbpbgbfcglgmbytagthmuj/Build/Intermediates.noindex/ArchiveIntermediates/VoiceReader/IntermediateBuildFilesPath/VoiceReader.build/Release-iphoneos/VoiceReaderWidget.build/Objects-normal/arm64/VoiceReaderWidget-dependencies-1.json (in target 'VoiceReaderWidget' from project 'VoiceReader')
CompileSwift normal arm64 (in target 'VoiceReaderWidget' from project 'VoiceReader')
    cd /Users/runner/work/voice-message-reader/voice-message-reader
    

SwiftDriverJobDiscovery normal arm64 Compiling OGGConverter.swift, OGGDecoder.swift, OGGEncoder.swift, OpusError.swift (in target 'SwiftOGG' from project 'SwiftOGG')

SwiftDriver\ Compilation\ Requirements SwiftOGG normal arm64 com.apple.xcode.tools.swift.compiler (in target 'SwiftOGG' from project 'SwiftOGG')
    cd /Users/runner/work/voice-message-reader/voice-message-reader/VoiceReader.xcodeproj
    builtin-Swift-Compilation-Requirements -- /Applications/Xcode_26.0.1.app/Contents/Developer/Toolchains/XcodeDefault.xctoolchain/usr/bin/swiftc -module-name SwiftOGG -O -whole-module-optimization -enforce-exclusivity\=checked @/Users/runner/Library/Developer/Xcode/DerivedData/VoiceReader-bvwdbkwbpbgbfcglgmbytagthmuj/Build/Intermediates.noindex/ArchiveIntermediates/VoiceReader/IntermediateBuildFilesPath/SwiftOGG.build/Release-iphoneos/SwiftOGG.build/Objects-normal/arm64/SwiftOGG.SwiftFileList -DSWIFT_PACKAGE -DSWIFT_MODULE_RESOURCE_BUNDLE_UNAVAILABLE -DXcode -plugin-path /Applications/Xcode_26.0.1.app/Contents/Developer/Toolchains/XcodeDefault.xctoolchain/usr/lib/swift/host/plugins/testing -enable-experimental-feature DebugDescriptionMacro -sdk /Applications/Xcode_26.0.1.app/Contents/Developer/Platforms/iPhoneOS.platform/Developer/SDKs/iPhoneOS26.0.sdk -target arm64-apple-ios12.0 -g -module-cache-path /Users/runner/Library/Developer/Xcode/DerivedData/ModuleCache.noindex -Xfrontend -serialize-debugging-options -suppress-warnings -swift-version 5 -I /Users/runner/Library/Developer/Xcode/DerivedData/VoiceReader-bvwdbkwbpbgbfcglgmbytagthmuj/Build/Intermediates.noindex/ArchiveIntermediates/VoiceReader/BuildProductsPath/Release-iphoneos -Isystem /Applications/Xcode_26.0.1.app/Contents/Developer/Platforms/iPhoneOS.platform/Developer/usr/lib -F /Users/runner/Library/Developer/Xcode/DerivedData/VoiceReader-bvwdbkwbpbgbfcglgmbytagthmuj/Build/Intermediates.noindex/ArchiveIntermediates/VoiceReader/BuildProductsPath/Release-iphoneos/PackageFrameworks -F /Users/runner/Library/Developer/Xcode/DerivedData/VoiceReader-bvwdbkwbpbgbfcglgmbytagthmuj/Build/Intermediates.noindex/ArchiveIntermediates/VoiceReader/BuildProductsPath/Release-iphoneos -F /Applications/Xcode_26.0.1.app/Contents/Developer/Platforms/iPhoneOS.platform/Developer/Library/Frameworks -F /Applications/Xcode_26.0.1.app/Contents/Developer/Platforms/iPhoneOS.platform/Developer/SDKs/iPhoneOS26.0.sdk/Developer/Library/Frameworks -c -num-threads 3 -Xcc -ivfsstatcache -Xcc /Users/runner/Library/Developer/Xcode/DerivedData/SDKStatCaches.noindex/iphoneos26.0-23A339-3885c01c3e6b6a337905948deab2002ee897cee61435230feef45a4748fd4bcc.sdkstatcache -output-file-map /Users/runner/Library/Developer/Xcode/DerivedData/VoiceReader-bvwdbkwbpbgbfcglgmbytagthmuj/Build/Intermediates.noindex/ArchiveIntermediates/VoiceReader/IntermediateBuildFilesPath/SwiftOGG.build/Release-iphoneos/SwiftOGG.build/Objects-normal/arm64/SwiftOGG-OutputFileMap.json -use-frontend-parseable-output -save-temps -no-color-diagnostics -explicit-module-build -module-cache-path /Users/runner/Library/Developer/Xcode/DerivedData/VoiceReader-bvwdbkwbpbgbfcglgmbytagthmuj/Build/Intermediates.noindex/ArchiveIntermediates/VoiceReader/IntermediateBuildFilesPath/SwiftExplicitPrecompiledModules -clang-scanner-module-cache-path /Users/runner/Library/Developer/Xcode/DerivedData/ModuleCache.noindex -sdk-module-cache-path /Users/runner/Library/Developer/Xcode/DerivedData/ModuleCache.noindex -serialize-diagnostics -emit-dependencies -emit-module -emit-module-path /Users/runner/Library/Developer/Xcode/DerivedData/VoiceReader-bvwdbkwbpbgbfcglgmbytagthmuj/Build/Intermediates.noindex/ArchiveIntermediates/VoiceReader/IntermediateBuildFilesPath/SwiftOGG.build/Release-iphoneos/SwiftOGG.build/Objects-normal/arm64/SwiftOGG.swiftmodule -validate-clang-modules-once -clang-build-session-file /Users/runner/Library/Developer/Xcode/DerivedData/ModuleCache.noindex/Session.modulevalidation -Xcc -I/Users/runner/Library/Developer/Xcode/DerivedData/VoiceReader-bvwdbkwbpbgbfcglgmbytagthmuj/Build/Intermediates.noindex/ArchiveIntermediates/VoiceReader/IntermediateBuildFilesPath/SwiftOGG.build/Release-iphoneos/SwiftOGG.build/swift-overrides.hmap -emit-const-values -Xfrontend -const-gather-protocols-file -Xfrontend /Users/runner/Library/Developer/Xcode/DerivedData/VoiceReader-bvwdbkwbpbgbfcglgmbytagthmuj/Build/Intermediates.noindex/ArchiveIntermediates/VoiceReader/IntermediateBuildFilesPath/SwiftOGG.build/Release-iphoneos/SwiftOGG.build/Objects-normal/arm64/SwiftOGG_const_extract_protocols.json -Xcc -I/Users/runner/Library/Developer/Xcode/DerivedData/VoiceReader-bvwdbkwbpbgbfcglgmbytagthmuj/SourcePackages/checkouts/swift-ogg/Sources/SupportingFiles/Dependencies/Copustools/include -Xcc -I/Users/runner/Library/Developer/Xcode/DerivedData/VoiceReader-bvwdbkwbpbgbfcglgmbytagthmuj/Build/Intermediates.noindex/ArchiveIntermediates/VoiceReader/BuildProductsPath/Release-iphoneos/include -Xcc -I/Users/runner/Library/Developer/Xcode/DerivedData/VoiceReader-bvwdbkwbpbgbfcglgmbytagthmuj/Build/Intermediates.noindex/ArchiveIntermediates/VoiceReader/IntermediateBuildFilesPath/SwiftOGG.build/Release-iphoneos/SwiftOGG.build/DerivedSources-normal/arm64 -Xcc -I/Users/runner/Library/Developer/Xcode/DerivedData/VoiceReader-bvwdbkwbpbgbfcglgmbytagthmuj/Build/Intermediates.noindex/ArchiveIntermediates/VoiceReader/IntermediateBuildFilesPath/SwiftOGG.build/Release-iphoneos/SwiftOGG.build/DerivedSources/arm64 -Xcc -I/Users/runner/Library/Developer/Xcode/DerivedData/VoiceReader-bvwdbkwbpbgbfcglgmbytagthmuj/Build/Intermediates.noindex/ArchiveIntermediates/VoiceReader/IntermediateBuildFilesPath/SwiftOGG.build/Release-iphoneos/SwiftOGG.build/DerivedSources -Xcc -DSWIFT_PACKAGE -emit-objc-header -emit-objc-header-path /Users/runner/Library/Developer/Xcode/DerivedData/VoiceReader-bvwdbkwbpbgbfcglgmbytagthmuj/Build/Intermediates.noindex/ArchiveIntermediates/VoiceReader/IntermediateBuildFilesPath/SwiftOGG.build/Release-iphoneos/SwiftOGG.build/Objects-normal/arm64/SwiftOGG-Swift.h -working-directory /Users/runner/work/voice-message-reader/voice-message-reader/VoiceReader.xcodeproj -no-emit-module-separately-wmo

SwiftDriverJobDiscovery normal arm64 Compiling AppGroup.swift, Models.swift, VoiceReaderWidget.swift (in target 'VoiceReaderWidget' from project 'VoiceReader')

SwiftDriver\ Compilation\ Requirements VoiceReaderWidget normal arm64 com.apple.xcode.tools.swift.compiler (in target 'VoiceReaderWidget' from project 'VoiceReader')
    cd /Users/runner/work/voice-message-reader/voice-message-reader
    builtin-Swift-Compilation-Requirements -- /Applications/Xcode_26.0.1.app/Contents/Developer/Toolchains/XcodeDefault.xctoolchain/usr/bin/swiftc -module-name VoiceReaderWidget -O -whole-module-optimization -enforce-exclusivity\=checked @/Users/runner/Library/Developer/Xcode/DerivedData/VoiceReader-bvwdbkwbpbgbfcglgmbytagthmuj/Build/Intermediates.noindex/ArchiveIntermediates/VoiceReader/IntermediateBuildFilesPath/VoiceReader.build/Release-iphoneos/VoiceReaderWidget.build/Objects-normal/arm64/VoiceReaderWidget.SwiftFileList -enable-bare-slash-regex -enable-experimental-feature DebugDescriptionMacro -sdk /Applications/Xcode_26.0.1.app/Contents/Developer/Platforms/iPhoneOS.platform/Developer/SDKs/iPhoneOS26.0.sdk -target arm64-apple-ios17.0 -g -module-cache-path /Users/runner/Library/Developer/Xcode/DerivedData/ModuleCache.noindex -Xfrontend -serialize-debugging-options -application-extension -swift-version 5 -I /Users/runner/Library/Developer/Xcode/DerivedData/VoiceReader-bvwdbkwbpbgbfcglgmbytagthmuj/Build/Intermediates.noindex/ArchiveIntermediates/VoiceReader/BuildProductsPath/Release-iphoneos -F /Users/runner/Library/Developer/Xcode/DerivedData/VoiceReader-bvwdbkwbpbgbfcglgmbytagthmuj/Build/Intermediates.noindex/ArchiveIntermediates/VoiceReader/BuildProductsPath/Release-iphoneos -c -num-threads 3 -Xcc -ivfsstatcache -Xcc /Users/runner/Library/Developer/Xcode/DerivedData/SDKStatCaches.noindex/iphoneos26.0-23A339-3885c01c3e6b6a337905948deab2002ee897cee61435230feef45a4748fd4bcc.sdkstatcache -output-file-map /Users/runner/Library/Developer/Xcode/DerivedData/VoiceReader-bvwdbkwbpbgbfcglgmbytagthmuj/Build/Intermediates.noindex/ArchiveIntermediates/VoiceReader/IntermediateBuildFilesPath/VoiceReader.build/Release-iphoneos/VoiceReaderWidget.build/Objects-normal/arm64/VoiceReaderWidget-OutputFileMap.json -use-frontend-parseable-output -save-temps -no-color-diagnostics -explicit-module-build -module-cache-path /Users/runner/Library/Developer/Xcode/DerivedData/VoiceReader-bvwdbkwbpbgbfcglgmbytagthmuj/Build/Intermediates.noindex/ArchiveIntermediates/VoiceReader/IntermediateBuildFilesPath/SwiftExplicitPrecompiledModules -clang-scanner-module-cache-path /Users/runner/Library/Developer/Xcode/DerivedData/ModuleCache.noindex -sdk-module-cache-path /Users/runner/Library/Developer/Xcode/DerivedData/ModuleCache.noindex -serialize-diagnostics -emit-dependencies -emit-module -emit-module-path /Users/runner/Library/Developer/Xcode/DerivedData/VoiceReader-bvwdbkwbpbgbfcglgmbytagthmuj/Build/Intermediates.noindex/ArchiveIntermediates/VoiceReader/IntermediateBuildFilesPath/VoiceReader.build/Release-iphoneos/VoiceReaderWidget.build/Objects-normal/arm64/VoiceReaderWidget.swiftmodule -validate-clang-modules-once -clang-build-session-file /Users/runner/Library/Developer/Xcode/DerivedData/ModuleCache.noindex/Session.modulevalidation -Xcc -I/Users/runner/Library/Developer/Xcode/DerivedData/VoiceReader-bvwdbkwbpbgbfcglgmbytagthmuj/Build/Intermediates.noindex/ArchiveIntermediates/VoiceReader/IntermediateBuildFilesPath/VoiceReader.build/Release-iphoneos/VoiceReaderWidget.build/swift-overrides.hmap -emit-const-values -Xfrontend -const-gather-protocols-file -Xfrontend /Users/runner/Library/Developer/Xcode/DerivedData/VoiceReader-bvwdbkwbpbgbfcglgmbytagthmuj/Build/Intermediates.noindex/ArchiveIntermediates/VoiceReader/IntermediateBuildFilesPath/VoiceReader.build/Release-iphoneos/VoiceReaderWidget.build/Objects-normal/arm64/VoiceReaderWidget_const_extract_protocols.json -Xcc -iquote -Xcc /Users/runner/Library/Developer/Xcode/DerivedData/VoiceReader-bvwdbkwbpbgbfcglgmbytagthmuj/Build/Intermediates.noindex/ArchiveIntermediates/VoiceReader/IntermediateBuildFilesPath/VoiceReader.build/Release-iphoneos/VoiceReaderWidget.build/VoiceReaderWidget-generated-files.hmap -Xcc -I/Users/runner/Library/Developer/Xcode/DerivedData/VoiceReader-bvwdbkwbpbgbfcglgmbytagthmuj/Build/Intermediates.noindex/ArchiveIntermediates/VoiceReader/IntermediateBuildFilesPath/VoiceReader.build/Release-iphoneos/VoiceReaderWidget.build/VoiceReaderWidget-own-target-headers.hmap -Xcc -I/Users/runner/Library/Developer/Xcode/DerivedData/VoiceReader-bvwdbkwbpbgbfcglgmbytagthmuj/Build/Intermediates.noindex/ArchiveIntermediates/VoiceReader/IntermediateBuildFilesPath/VoiceReader.build/Release-iphoneos/VoiceReaderWidget.build/VoiceReaderWidget-all-non-framework-target-headers.hmap -Xcc -ivfsoverlay -Xcc /Users/runner/Library/Developer/Xcode/DerivedData/VoiceReader-bvwdbkwbpbgbfcglgmbytagthmuj/Build/Intermediates.noindex/ArchiveIntermediates/VoiceReader/IntermediateBuildFilesPath/VoiceReader.build/Release-iphoneos/VoiceReader-830d9596576bdeff74835997051ea29d-VFS-iphoneos/all-product-headers.yaml -Xcc -iquote -Xcc /Users/runner/Library/Developer/Xcode/DerivedData/VoiceReader-bvwdbkwbpbgbfcglgmbytagthmuj/Build/Intermediates.noindex/ArchiveIntermediates/VoiceReader/IntermediateBuildFilesPath/VoiceReader.build/Release-iphoneos/VoiceReaderWidget.build/VoiceReaderWidget-project-headers.hmap -Xcc -I/Users/runner/Library/Developer/Xcode/DerivedData/VoiceReader-bvwdbkwbpbgbfcglgmbytagthmuj/Build/Intermediates.noindex/ArchiveIntermediates/VoiceReader/BuildProductsPath/Release-iphoneos/include -Xcc -I/Users/runner/Library/Developer/Xcode/DerivedData/VoiceReader-bvwdbkwbpbgbfcglgmbytagthmuj/Build/Intermediates.noindex/ArchiveIntermediates/VoiceReader/IntermediateBuildFilesPath/VoiceReader.build/Release-iphoneos/VoiceReaderWidget.build/DerivedSources-normal/arm64 -Xcc -I/Users/runner/Library/Developer/Xcode/DerivedData/VoiceReader-bvwdbkwbpbgbfcglgmbytagthmuj/Build/Intermediates.noindex/ArchiveIntermediates/VoiceReader/IntermediateBuildFilesPath/VoiceReader.build/Release-iphoneos/VoiceReaderWidget.build/DerivedSources/arm64 -Xcc -I/Users/runner/Library/Developer/Xcode/DerivedData/VoiceReader-bvwdbkwbpbgbfcglgmbytagthmuj/Build/Intermediates.noindex/ArchiveIntermediates/VoiceReader/IntermediateBuildFilesPath/VoiceReader.build/Release-iphoneos/VoiceReaderWidget.build/DerivedSources -emit-objc-header -emit-objc-header-path /Users/runner/Library/Developer/Xcode/DerivedData/VoiceReader-bvwdbkwbpbgbfcglgmbytagthmuj/Build/Intermediates.noindex/ArchiveIntermediates/VoiceReader/IntermediateBuildFilesPath/VoiceReader.build/Release-iphoneos/VoiceReaderWidget.build/Objects-normal/arm64/VoiceReaderWidget-Swift.h -working-directory /Users/runner/work/voice-message-reader/voice-message-reader -no-emit-module-separately-wmo

SwiftMergeGeneratedHeaders /Users/runner/Library/Developer/Xcode/DerivedData/VoiceReader-bvwdbkwbpbgbfcglgmbytagthmuj/Build/Intermediates.noindex/ArchiveIntermediates/VoiceReader/IntermediateBuildFilesPath/GeneratedModuleMaps-iphoneos/SwiftOGG-Swift.h /Users/runner/Library/Developer/Xcode/DerivedData/VoiceReader-bvwdbkwbpbgbfcglgmbytagthmuj/Build/Intermediates.noindex/ArchiveIntermediates/VoiceReader/IntermediateBuildFilesPath/SwiftOGG.build/Release-iphoneos/SwiftOGG.build/Objects-normal/arm64/SwiftOGG-Swift.h (in target 'SwiftOGG' from project 'SwiftOGG')
    cd /Users/runner/Library/Developer/Xcode/DerivedData/VoiceReader-bvwdbkwbpbgbfcglgmbytagthmuj/SourcePackages/checkouts/swift-ogg
    builtin-swiftHeaderTool -arch arm64 /Users/runner/Library/Developer/Xcode/DerivedData/VoiceReader-bvwdbkwbpbgbfcglgmbytagthmuj/Build/Intermediates.noindex/ArchiveIntermediates/VoiceReader/IntermediateBuildFilesPath/SwiftOGG.build/Release-iphoneos/SwiftOGG.build/Objects-normal/arm64/SwiftOGG-Swift.h -o /Users/runner/Library/Developer/Xcode/DerivedData/VoiceReader-bvwdbkwbpbgbfcglgmbytagthmuj/Build/Intermediates.noindex/ArchiveIntermediates/VoiceReader/IntermediateBuildFilesPath/GeneratedModuleMaps-iphoneos/SwiftOGG-Swift.h

Copy /Users/runner/Library/Developer/Xcode/DerivedData/VoiceReader-bvwdbkwbpbgbfcglgmbytagthmuj/Build/Intermediates.noindex/ArchiveIntermediates/VoiceReader/BuildProductsPath/Release-iphoneos/SwiftOGG.swiftmodule/arm64-apple-ios.swiftmodule /Users/runner/Library/Developer/Xcode/DerivedData/VoiceReader-bvwdbkwbpbgbfcglgmbytagthmuj/Build/Intermediates.noindex/ArchiveIntermediates/VoiceReader/IntermediateBuildFilesPath/SwiftOGG.build/Release-iphoneos/SwiftOGG.build/Objects-normal/arm64/SwiftOGG.swiftmodule (in target 'SwiftOGG' from project 'SwiftOGG')
    cd /Users/runner/Library/Developer/Xcode/DerivedData/VoiceReader-bvwdbkwbpbgbfcglgmbytagthmuj/SourcePackages/checkouts/swift-ogg
    builtin-copy -exclude .DS_Store -exclude CVS -exclude .svn -exclude .git -exclude .hg -strip-unsigned-binaries -strip-deterministic -strip-tool /Applications/Xcode_26.0.1.app/Contents/Developer/Toolchains/XcodeDefault.xctoolchain/usr/bin/strip -resolve-src-symlinks -rename /Users/runner/Library/Developer/Xcode/DerivedData/VoiceReader-bvwdbkwbpbgbfcglgmbytagthmuj/Build/Intermediates.noindex/ArchiveIntermediates/VoiceReader/IntermediateBuildFilesPath/SwiftOGG.build/Release-iphoneos/SwiftOGG.build/Objects-normal/arm64/SwiftOGG.swiftmodule /Users/runner/Library/Developer/Xcode/DerivedData/VoiceReader-bvwdbkwbpbgbfcglgmbytagthmuj/Build/Intermediates.noindex/ArchiveIntermediates/VoiceReader/BuildProductsPath/Release-iphoneos/SwiftOGG.swiftmodule/arm64-apple-ios.swiftmodule

Copy /Users/runner/Library/Developer/Xcode/DerivedData/VoiceReader-bvwdbkwbpbgbfcglgmbytagthmuj/Build/Intermediates.noindex/ArchiveIntermediates/VoiceReader/BuildProductsPath/Release-iphoneos/SwiftOGG.swiftmodule/arm64-apple-ios.swiftdoc /Users/runner/Library/Developer/Xcode/DerivedData/VoiceReader-bvwdbkwbpbgbfcglgmbytagthmuj/Build/Intermediates.noindex/ArchiveIntermediates/VoiceReader/IntermediateBuildFilesPath/SwiftOGG.build/Release-iphoneos/SwiftOGG.build/Objects-normal/arm64/SwiftOGG.swiftdoc (in target 'SwiftOGG' from project 'SwiftOGG')
    cd /Users/runner/Library/Developer/Xcode/DerivedData/VoiceReader-bvwdbkwbpbgbfcglgmbytagthmuj/SourcePackages/checkouts/swift-ogg
    builtin-copy -exclude .DS_Store -exclude CVS -exclude .svn -exclude .git -exclude .hg -strip-unsigned-binaries -strip-deterministic -strip-tool /Applications/Xcode_26.0.1.app/Contents/Developer/Toolchains/XcodeDefault.xctoolchain/usr/bin/strip -resolve-src-symlinks -rename /Users/runner/Library/Developer/Xcode/DerivedData/VoiceReader-bvwdbkwbpbgbfcglgmbytagthmuj/Build/Intermediates.noindex/ArchiveIntermediates/VoiceReader/IntermediateBuildFilesPath/SwiftOGG.build/Release-iphoneos/SwiftOGG.build/Objects-normal/arm64/SwiftOGG.swiftdoc /Users/runner/Library/Developer/Xcode/DerivedData/VoiceReader-bvwdbkwbpbgbfcglgmbytagthmuj/Build/Intermediates.noindex/ArchiveIntermediates/VoiceReader/BuildProductsPath/Release-iphoneos/SwiftOGG.swiftmodule/arm64-apple-ios.swiftdoc

Copy /Users/runner/Library/Developer/Xcode/DerivedData/VoiceReader-bvwdbkwbpbgbfcglgmbytagthmuj/Build/Intermediates.noindex/ArchiveIntermediates/VoiceReader/BuildProductsPath/Release-iphoneos/SwiftOGG.swiftmodule/arm64-apple-ios.abi.json /Users/runner/Library/Developer/Xcode/DerivedData/VoiceReader-bvwdbkwbpbgbfcglgmbytagthmuj/Build/Intermediates.noindex/ArchiveIntermediates/VoiceReader/IntermediateBuildFilesPath/SwiftOGG.build/Release-iphoneos/SwiftOGG.build/Objects-normal/arm64/SwiftOGG.abi.json (in target 'SwiftOGG' from project 'SwiftOGG')
    cd /Users/runner/Library/Developer/Xcode/DerivedData/VoiceReader-bvwdbkwbpbgbfcglgmbytagthmuj/SourcePackages/checkouts/swift-ogg
    builtin-copy -exclude .DS_Store -exclude CVS -exclude .svn -exclude .git -exclude .hg -strip-unsigned-binaries -strip-deterministic -strip-tool /Applications/Xcode_26.0.1.app/Contents/Developer/Toolchains/XcodeDefault.xctoolchain/usr/bin/strip -resolve-src-symlinks -rename /Users/runner/Library/Developer/Xcode/DerivedData/VoiceReader-bvwdbkwbpbgbfcglgmbytagthmuj/Build/Intermediates.noindex/ArchiveIntermediates/VoiceReader/IntermediateBuildFilesPath/SwiftOGG.build/Release-iphoneos/SwiftOGG.build/Objects-normal/arm64/SwiftOGG.abi.json /Users/runner/Library/Developer/Xcode/DerivedData/VoiceReader-bvwdbkwbpbgbfcglgmbytagthmuj/Build/Intermediates.noindex/ArchiveIntermediates/VoiceReader/BuildProductsPath/Release-iphoneos/SwiftOGG.swiftmodule/arm64-apple-ios.abi.json

SwiftMergeGeneratedHeaders /Users/runner/Library/Developer/Xcode/DerivedData/VoiceReader-bvwdbkwbpbgbfcglgmbytagthmuj/Build/Intermediates.noindex/ArchiveIntermediates/VoiceReader/IntermediateBuildFilesPath/VoiceReader.build/Release-iphoneos/VoiceReaderWidget.build/DerivedSources/VoiceReaderWidget-Swift.h /Users/runner/Library/Developer/Xcode/DerivedData/VoiceReader-bvwdbkwbpbgbfcglgmbytagthmuj/Build/Intermediates.noindex/ArchiveIntermediates/VoiceReader/IntermediateBuildFilesPath/VoiceReader.build/Release-iphoneos/VoiceReaderWidget.build/Objects-normal/arm64/VoiceReaderWidget-Swift.h (in target 'VoiceReaderWidget' from project 'VoiceReader')
    cd /Users/runner/work/voice-message-reader/voice-message-reader
    builtin-swiftHeaderTool -arch arm64 /Users/runner/Library/Developer/Xcode/DerivedData/VoiceReader-bvwdbkwbpbgbfcglgmbytagthmuj/Build/Intermediates.noindex/ArchiveIntermediates/VoiceReader/IntermediateBuildFilesPath/VoiceReader.build/Release-iphoneos/VoiceReaderWidget.build/Objects-normal/arm64/VoiceReaderWidget-Swift.h -o /Users/runner/Library/Developer/Xcode/DerivedData/VoiceReader-bvwdbkwbpbgbfcglgmbytagthmuj/Build/Intermediates.noindex/ArchiveIntermediates/VoiceReader/IntermediateBuildFilesPath/VoiceReader.build/Release-iphoneos/VoiceReaderWidget.build/DerivedSources/VoiceReaderWidget-Swift.h

Copy /Users/runner/Library/Developer/Xcode/DerivedData/VoiceReader-bvwdbkwbpbgbfcglgmbytagthmuj/Build/Intermediates.noindex/ArchiveIntermediates/VoiceReader/BuildProductsPath/Release-iphoneos/VoiceReaderWidget.swiftmodule/arm64-apple-ios.swiftmodule /Users/runner/Library/Developer/Xcode/DerivedData/VoiceReader-bvwdbkwbpbgbfcglgmbytagthmuj/Build/Intermediates.noindex/ArchiveIntermediates/VoiceReader/IntermediateBuildFilesPath/VoiceReader.build/Release-iphoneos/VoiceReaderWidget.build/Objects-normal/arm64/VoiceReaderWidget.swiftmodule (in target 'VoiceReaderWidget' from project 'VoiceReader')
    cd /Users/runner/work/voice-message-reader/voice-message-reader
    builtin-copy -exclude .DS_Store -exclude CVS -exclude .svn -exclude .git -exclude .hg -resolve-src-symlinks -rename /Users/runner/Library/Developer/Xcode/DerivedData/VoiceReader-bvwdbkwbpbgbfcglgmbytagthmuj/Build/Intermediates.noindex/ArchiveIntermediates/VoiceReader/IntermediateBuildFilesPath/VoiceReader.build/Release-iphoneos/VoiceReaderWidget.build/Objects-normal/arm64/VoiceReaderWidget.swiftmodule /Users/runner/Library/Developer/Xcode/DerivedData/VoiceReader-bvwdbkwbpbgbfcglgmbytagthmuj/Build/Intermediates.noindex/ArchiveIntermediates/VoiceReader/BuildProductsPath/Release-iphoneos/VoiceReaderWidget.swiftmodule/arm64-apple-ios.swiftmodule

Copy /Users/runner/Library/Developer/Xcode/DerivedData/VoiceReader-bvwdbkwbpbgbfcglgmbytagthmuj/Build/Intermediates.noindex/ArchiveIntermediates/VoiceReader/BuildProductsPath/Release-iphoneos/VoiceReaderWidget.swiftmodule/arm64-apple-ios.swiftdoc /Users/runner/Library/Developer/Xcode/DerivedData/VoiceReader-bvwdbkwbpbgbfcglgmbytagthmuj/Build/Intermediates.noindex/ArchiveIntermediates/VoiceReader/IntermediateBuildFilesPath/VoiceReader.build/Release-iphoneos/VoiceReaderWidget.build/Objects-normal/arm64/VoiceReaderWidget.swiftdoc (in target 'VoiceReaderWidget' from project 'VoiceReader')
    cd /Users/runner/work/voice-message-reader/voice-message-reader
    builtin-copy -exclude .DS_Store -exclude CVS -exclude .svn -exclude .git -exclude .hg -resolve-src-symlinks -rename /Users/runner/Library/Developer/Xcode/DerivedData/VoiceReader-bvwdbkwbpbgbfcglgmbytagthmuj/Build/Intermediates.noindex/ArchiveIntermediates/VoiceReader/IntermediateBuildFilesPath/VoiceReader.build/Release-iphoneos/VoiceReaderWidget.build/Objects-normal/arm64/VoiceReaderWidget.swiftdoc /Users/runner/Library/Developer/Xcode/DerivedData/VoiceReader-bvwdbkwbpbgbfcglgmbytagthmuj/Build/Intermediates.noindex/ArchiveIntermediates/VoiceReader/BuildProductsPath/Release-iphoneos/VoiceReaderWidget.swiftmodule/arm64-apple-ios.swiftdoc

Copy /Users/runner/Library/Developer/Xcode/DerivedData/VoiceReader-bvwdbkwbpbgbfcglgmbytagthmuj/Build/Intermediates.noindex/ArchiveIntermediates/VoiceReader/BuildProductsPath/Release-iphoneos/VoiceReaderWidget.swiftmodule/arm64-apple-ios.abi.json /Users/runner/Library/Developer/Xcode/DerivedData/VoiceReader-bvwdbkwbpbgbfcglgmbytagthmuj/Build/Intermediates.noindex/ArchiveIntermediates/VoiceReader/IntermediateBuildFilesPath/VoiceReader.build/Release-iphoneos/VoiceReaderWidget.build/Objects-normal/arm64/VoiceReaderWidget.abi.json (in target 'VoiceReaderWidget' from project 'VoiceReader')
    cd /Users/runner/work/voice-message-reader/voice-message-reader
    builtin-copy -exclude .DS_Store -exclude CVS -exclude .svn -exclude .git -exclude .hg -resolve-src-symlinks -rename /Users/runner/Library/Developer/Xcode/DerivedData/VoiceReader-bvwdbkwbpbgbfcglgmbytagthmuj/Build/Intermediates.noindex/ArchiveIntermediates/VoiceReader/IntermediateBuildFilesPath/VoiceReader.build/Release-iphoneos/VoiceReaderWidget.build/Objects-normal/arm64/VoiceReaderWidget.abi.json /Users/runner/Library/Developer/Xcode/DerivedData/VoiceReader-bvwdbkwbpbgbfcglgmbytagthmuj/Build/Intermediates.noindex/ArchiveIntermediates/VoiceReader/BuildProductsPath/Release-iphoneos/VoiceReaderWidget.swiftmodule/arm64-apple-ios.abi.json

Ld /Users/runner/Library/Developer/Xcode/DerivedData/VoiceReader-bvwdbkwbpbgbfcglgmbytagthmuj/Build/Intermediates.noindex/ArchiveIntermediates/VoiceReader/IntermediateBuildFilesPath/UninstalledProducts/iphoneos/SwiftOGG.o normal (in target 'SwiftOGG' from project 'SwiftOGG')
    cd /Users/runner/Library/Developer/Xcode/DerivedData/VoiceReader-bvwdbkwbpbgbfcglgmbytagthmuj/SourcePackages/checkouts/swift-ogg
    /Applications/Xcode_26.0.1.app/Contents/Developer/Toolchains/XcodeDefault.xctoolchain/usr/bin/clang -Xlinker -reproducible -target arm64-apple-ios12.0 -r -isysroot /Applications/Xcode_26.0.1.app/Contents/Developer/Platforms/iPhoneOS.platform/Developer/SDKs/iPhoneOS26.0.sdk -Os -w -L/Users/runner/Library/Developer/Xcode/DerivedData/VoiceReader-bvwdbkwbpbgbfcglgmbytagthmuj/Build/Intermediates.noindex/ArchiveIntermediates/VoiceReader/IntermediateBuildFilesPath/EagerLinkingTBDs/Release-iphoneos -L/Users/runner/Library/Developer/Xcode/DerivedData/VoiceReader-bvwdbkwbpbgbfcglgmbytagthmuj/Build/Intermediates.noindex/ArchiveIntermediates/VoiceReader/BuildProductsPath/Release-iphoneos -L/Applications/Xcode_26.0.1.app/Contents/Developer/Platforms/iPhoneOS.platform/Developer/usr/lib -F/Users/runner/Library/Developer/Xcode/DerivedData/VoiceReader-bvwdbkwbpbgbfcglgmbytagthmuj/Build/Intermediates.noindex/ArchiveIntermediates/VoiceReader/IntermediateBuildFilesPath/EagerLinkingTBDs/Release-iphoneos -F/Users/runner/Library/Developer/Xcode/DerivedData/VoiceReader-bvwdbkwbpbgbfcglgmbytagthmuj/Build/Intermediates.noindex/ArchiveIntermediates/VoiceReader/BuildProductsPath/Release-iphoneos/PackageFrameworks -F/Users/runner/Library/Developer/Xcode/DerivedData/VoiceReader-bvwdbkwbpbgbfcglgmbytagthmuj/Build/Intermediates.noindex/ArchiveIntermediates/VoiceReader/BuildProductsPath/Release-iphoneos -iframework /Applications/Xcode_26.0.1.app/Contents/Developer/Platforms/iPhoneOS.platform/Developer/Library/Frameworks -iframework /Applications/Xcode_26.0.1.app/Contents/Developer/Platforms/iPhoneOS.platform/Developer/SDKs/iPhoneOS26.0.sdk/Developer/Library/Frameworks -filelist /Users/runner/Library/Developer/Xcode/DerivedData/VoiceReader-bvwdbkwbpbgbfcglgmbytagthmuj/Build/Intermediates.noindex/ArchiveIntermediates/VoiceReader/IntermediateBuildFilesPath/SwiftOGG.build/Release-iphoneos/SwiftOGG.build/Objects-normal/arm64/SwiftOGG.LinkFileList -nostdlib -Xlinker -object_path_lto -Xlinker /Users/runner/Library/Developer/Xcode/DerivedData/VoiceReader-bvwdbkwbpbgbfcglgmbytagthmuj/Build/Intermediates.noindex/ArchiveIntermediates/VoiceReader/IntermediateBuildFilesPath/SwiftOGG.build/Release-iphoneos/SwiftOGG.build/Objects-normal/arm64/SwiftOGG_lto.o -Xlinker -dependency_info -Xlinker /Users/runner/Library/Developer/Xcode/DerivedData/VoiceReader-bvwdbkwbpbgbfcglgmbytagthmuj/Build/Intermediates.noindex/ArchiveIntermediates/VoiceReader/IntermediateBuildFilesPath/SwiftOGG.build/Release-iphoneos/SwiftOGG.build/Objects-normal/arm64/SwiftOGG_dependency_info.dat -fobjc-link-runtime -L/Applications/Xcode_26.0.1.app/Contents/Developer/Toolchains/XcodeDefault.xctoolchain/usr/lib/swift/iphoneos -L/usr/lib/swift -Xlinker -add_ast_path -Xlinker /Users/runner/Library/Developer/Xcode/DerivedData/VoiceReader-bvwdbkwbpbgbfcglgmbytagthmuj/Build/Intermediates.noindex/ArchiveIntermediates/VoiceReader/IntermediateBuildFilesPath/SwiftOGG.build/Release-iphoneos/SwiftOGG.build/Objects-normal/arm64/SwiftOGG.swiftmodule @/Users/runner/Library/Developer/Xcode/DerivedData/VoiceReader-bvwdbkwbpbgbfcglgmbytagthmuj/Build/Intermediates.noindex/ArchiveIntermediates/VoiceReader/IntermediateBuildFilesPath/SwiftOGG.build/Release-iphoneos/SwiftOGG.build/Objects-normal/arm64/SwiftOGG-linker-args.resp -o /Users/runner/Library/Developer/Xcode/DerivedData/VoiceReader-bvwdbkwbpbgbfcglgmbytagthmuj/Build/Intermediates.noindex/ArchiveIntermediates/VoiceReader/IntermediateBuildFilesPath/UninstalledProducts/iphoneos/SwiftOGG.o

Ld /Users/runner/Library/Developer/Xcode/DerivedData/VoiceReader-bvwdbkwbpbgbfcglgmbytagthmuj/Build/Intermediates.noindex/ArchiveIntermediates/VoiceReader/IntermediateBuildFilesPath/UninstalledProducts/iphoneos/VoiceReaderWidget.appex/VoiceReaderWidget normal (in target 'VoiceReaderWidget' from project 'VoiceReader')
    cd /Users/runner/work/voice-message-reader/voice-message-reader
    /Applications/Xcode_26.0.1.app/Contents/Developer/Toolchains/XcodeDefault.xctoolchain/usr/bin/clang -Xlinker -reproducible -target arm64-apple-ios17.0 -isysroot /Applications/Xcode_26.0.1.app/Contents/Developer/Platforms/iPhoneOS.platform/Developer/SDKs/iPhoneOS26.0.sdk -Os -L/Users/runner/Library/Developer/Xcode/DerivedData/VoiceReader-bvwdbkwbpbgbfcglgmbytagthmuj/Build/Intermediates.noindex/ArchiveIntermediates/VoiceReader/IntermediateBuildFilesPath/EagerLinkingTBDs/Release-iphoneos -L/Users/runner/Library/Developer/Xcode/DerivedData/VoiceReader-bvwdbkwbpbgbfcglgmbytagthmuj/Build/Intermediates.noindex/ArchiveIntermediates/VoiceReader/BuildProductsPath/Release-iphoneos -F/Users/runner/Library/Developer/Xcode/DerivedData/VoiceReader-bvwdbkwbpbgbfcglgmbytagthmuj/Build/Intermediates.noindex/ArchiveIntermediates/VoiceReader/IntermediateBuildFilesPath/EagerLinkingTBDs/Release-iphoneos -F/Users/runner/Library/Developer/Xcode/DerivedData/VoiceReader-bvwdbkwbpbgbfcglgmbytagthmuj/Build/Intermediates.noindex/ArchiveIntermediates/VoiceReader/BuildProductsPath/Release-iphoneos -filelist /Users/runner/Library/Developer/Xcode/DerivedData/VoiceReader-bvwdbkwbpbgbfcglgmbytagthmuj/Build/Intermediates.noindex/ArchiveIntermediates/VoiceReader/IntermediateBuildFilesPath/VoiceReader.build/Release-iphoneos/VoiceReaderWidget.build/Objects-normal/arm64/VoiceReaderWidget.LinkFileList -Xlinker -rpath -Xlinker /usr/lib/swift -Xlinker -rpath -Xlinker @executable_path/Frameworks -Xlinker -rpath -Xlinker @executable_path/../../Frameworks -dead_strip -Xlinker -object_path_lto -Xlinker /Users/runner/Library/Developer/Xcode/DerivedData/VoiceReader-bvwdbkwbpbgbfcglgmbytagthmuj/Build/Intermediates.noindex/ArchiveIntermediates/VoiceReader/IntermediateBuildFilesPath/VoiceReader.build/Release-iphoneos/VoiceReaderWidget.build/Objects-normal/arm64/VoiceReaderWidget_lto.o -Xlinker -dependency_info -Xlinker /Users/runner/Library/Developer/Xcode/DerivedData/VoiceReader-bvwdbkwbpbgbfcglgmbytagthmuj/Build/Intermediates.noindex/ArchiveIntermediates/VoiceReader/IntermediateBuildFilesPath/VoiceReader.build/Release-iphoneos/VoiceReaderWidget.build/Objects-normal/arm64/VoiceReaderWidget_dependency_info.dat -e _NSExtensionMain -fapplication-extension -fobjc-link-runtime -L/Applications/Xcode_26.0.1.app/Contents/Developer/Toolchains/XcodeDefault.xctoolchain/usr/lib/swift/iphoneos -L/usr/lib/swift -Xlinker -add_ast_path -Xlinker /Users/runner/Library/Developer/Xcode/DerivedData/VoiceReader-bvwdbkwbpbgbfcglgmbytagthmuj/Build/Intermediates.noindex/ArchiveIntermediates/VoiceReader/IntermediateBuildFilesPath/VoiceReader.build/Release-iphoneos/VoiceReaderWidget.build/Objects-normal/arm64/VoiceReaderWidget.swiftmodule @/Users/runner/Library/Developer/Xcode/DerivedData/VoiceReader-bvwdbkwbpbgbfcglgmbytagthmuj/Build/Intermediates.noindex/ArchiveIntermediates/VoiceReader/IntermediateBuildFilesPath/VoiceReader.build/Release-iphoneos/VoiceReaderWidget.build/Objects-normal/arm64/VoiceReaderWidget-linker-args.resp -weak_framework FoundationModels -weak_framework Translation -Xlinker -no_adhoc_codesign -o /Users/runner/Library/Developer/Xcode/DerivedData/VoiceReader-bvwdbkwbpbgbfcglgmbytagthmuj/Build/Intermediates.noindex/ArchiveIntermediates/VoiceReader/IntermediateBuildFilesPath/UninstalledProducts/iphoneos/VoiceReaderWidget.appex/VoiceReaderWidget

ProcessProductPackaging /Users/runner/work/voice-message-reader/voice-message-reader/ShareExtension/ShareExtension.entitlements /Users/runner/Library/Developer/Xcode/DerivedData/VoiceReader-bvwdbkwbpbgbfcglgmbytagthmuj/Build/Intermediates.noindex/ArchiveIntermediates/VoiceReader/IntermediateBuildFilesPath/VoiceReader.build/Release-iphoneos/ShareExtension.build/ShareExtension.appex.xcent (in target 'ShareExtension' from project 'VoiceReader')
    cd /Users/runner/work/voice-message-reader/voice-message-reader
    
    Entitlements:
    
    {
    "application-identifier" = "QAT93YWVSF.com.noorulain.voicereader.share";
    "com.apple.developer.team-identifier" = QAT93YWVSF;
    "com.apple.security.application-groups" =     (
        "group.com.noorulain.voicereader"
    );
    "get-task-allow" = 1;
}
    
    builtin-productPackagingUtility /Users/runner/work/voice-message-reader/voice-message-reader/ShareExtension/ShareExtension.entitlements -entitlements -format xml -o /Users/runner/Library/Developer/Xcode/DerivedData/VoiceReader-bvwdbkwbpbgbfcglgmbytagthmuj/Build/Intermediates.noindex/ArchiveIntermediates/VoiceReader/IntermediateBuildFilesPath/VoiceReader.build/Release-iphoneos/ShareExtension.build/ShareExtension.appex.xcent

ProcessProductPackaging /Users/runner/Library/Developer/Xcode/UserData/Provisioning\ Profiles/370e241a-1789-47fc-8e8e-ba058518c385.mobileprovision /Users/runner/Library/Developer/Xcode/DerivedData/VoiceReader-bvwdbkwbpbgbfcglgmbytagthmuj/Build/Intermediates.noindex/ArchiveIntermediates/VoiceReader/IntermediateBuildFilesPath/UninstalledProducts/iphoneos/ShareExtension.appex/embedded.mobileprovision (in target 'ShareExtension' from project 'VoiceReader')
    cd /Users/runner/work/voice-message-reader/voice-message-reader
    builtin-productPackagingUtility /Users/runner/Library/Developer/Xcode/UserData/Provisioning\ Profiles/370e241a-1789-47fc-8e8e-ba058518c385.mobileprovision -o /Users/runner/Library/Developer/Xcode/DerivedData/VoiceReader-bvwdbkwbpbgbfcglgmbytagthmuj/Build/Intermediates.noindex/ArchiveIntermediates/VoiceReader/IntermediateBuildFilesPath/UninstalledProducts/iphoneos/ShareExtension.appex/embedded.mobileprovision

ProcessProductPackagingDER /Users/runner/Library/Developer/Xcode/DerivedData/VoiceReader-bvwdbkwbpbgbfcglgmbytagthmuj/Build/Intermediates.noindex/ArchiveIntermediates/VoiceReader/IntermediateBuildFilesPath/VoiceReader.build/Release-iphoneos/ShareExtension.build/ShareExtension.appex.xcent /Users/runner/Library/Developer/Xcode/DerivedData/VoiceReader-bvwdbkwbpbgbfcglgmbytagthmuj/Build/Intermediates.noindex/ArchiveIntermediates/VoiceReader/IntermediateBuildFilesPath/VoiceReader.build/Release-iphoneos/ShareExtension.build/ShareExtension.appex.xcent.der (in target 'ShareExtension' from project 'VoiceReader')
    cd /Users/runner/work/voice-message-reader/voice-message-reader
    /usr/bin/derq query -f xml -i /Users/runner/Library/Developer/Xcode/DerivedData/VoiceReader-bvwdbkwbpbgbfcglgmbytagthmuj/Build/Intermediates.noindex/ArchiveIntermediates/VoiceReader/IntermediateBuildFilesPath/VoiceReader.build/Release-iphoneos/ShareExtension.build/ShareExtension.appex.xcent -o /Users/runner/Library/Developer/Xcode/DerivedData/VoiceReader-bvwdbkwbpbgbfcglgmbytagthmuj/Build/Intermediates.noindex/ArchiveIntermediates/VoiceReader/IntermediateBuildFilesPath/VoiceReader.build/Release-iphoneos/ShareExtension.build/ShareExtension.appex.xcent.der --raw

ProcessProductPackaging /Users/runner/work/voice-message-reader/voice-message-reader/ActionExtension/ActionExtension.entitlements /Users/runner/Library/Developer/Xcode/DerivedData/VoiceReader-bvwdbkwbpbgbfcglgmbytagthmuj/Build/Intermediates.noindex/ArchiveIntermediates/VoiceReader/IntermediateBuildFilesPath/VoiceReader.build/Release-iphoneos/ActionExtension.build/ActionExtension.appex.xcent (in target 'ActionExtension' from project 'VoiceReader')
    cd /Users/runner/work/voice-message-reader/voice-message-reader
    
    Entitlements:
    
    {
    "application-identifier" = "QAT93YWVSF.com.noorulain.voicereader.action";
    "com.apple.developer.team-identifier" = QAT93YWVSF;
    "com.apple.security.application-groups" =     (
        "group.com.noorulain.voicereader"
    );
    "get-task-allow" = 1;
}
    
    builtin-productPackagingUtility /Users/runner/work/voice-message-reader/voice-message-reader/ActionExtension/ActionExtension.entitlements -entitlements -format xml -o /Users/runner/Library/Developer/Xcode/DerivedData/VoiceReader-bvwdbkwbpbgbfcglgmbytagthmuj/Build/Intermediates.noindex/ArchiveIntermediates/VoiceReader/IntermediateBuildFilesPath/VoiceReader.build/Release-iphoneos/ActionExtension.build/ActionExtension.appex.xcent

ProcessProductPackaging /Users/runner/Library/Developer/Xcode/UserData/Provisioning\ Profiles/62e2d002-0391-4372-911c-ef87108ed6c9.mobileprovision /Users/runner/Library/Developer/Xcode/DerivedData/VoiceReader-bvwdbkwbpbgbfcglgmbytagthmuj/Build/Intermediates.noindex/ArchiveIntermediates/VoiceReader/IntermediateBuildFilesPath/UninstalledProducts/iphoneos/ActionExtension.appex/embedded.mobileprovision (in target 'ActionExtension' from project 'VoiceReader')
    cd /Users/runner/work/voice-message-reader/voice-message-reader
    builtin-productPackagingUtility /Users/runner/Library/Developer/Xcode/UserData/Provisioning\ Profiles/62e2d002-0391-4372-911c-ef87108ed6c9.mobileprovision -o /Users/runner/Library/Developer/Xcode/DerivedData/VoiceReader-bvwdbkwbpbgbfcglgmbytagthmuj/Build/Intermediates.noindex/ArchiveIntermediates/VoiceReader/IntermediateBuildFilesPath/UninstalledProducts/iphoneos/ActionExtension.appex/embedded.mobileprovision

ProcessProductPackagingDER /Users/runner/Library/Developer/Xcode/DerivedData/VoiceReader-bvwdbkwbpbgbfcglgmbytagthmuj/Build/Intermediates.noindex/ArchiveIntermediates/VoiceReader/IntermediateBuildFilesPath/VoiceReader.build/Release-iphoneos/ActionExtension.build/ActionExtension.appex.xcent /Users/runner/Library/Developer/Xcode/DerivedData/VoiceReader-bvwdbkwbpbgbfcglgmbytagthmuj/Build/Intermediates.noindex/ArchiveIntermediates/VoiceReader/IntermediateBuildFilesPath/VoiceReader.build/Release-iphoneos/ActionExtension.build/ActionExtension.appex.xcent.der (in target 'ActionExtension' from project 'VoiceReader')
    cd /Users/runner/work/voice-message-reader/voice-message-reader
    /usr/bin/derq query -f xml -i /Users/runner/Library/Developer/Xcode/DerivedData/VoiceReader-bvwdbkwbpbgbfcglgmbytagthmuj/Build/Intermediates.noindex/ArchiveIntermediates/VoiceReader/IntermediateBuildFilesPath/VoiceReader.build/Release-iphoneos/ActionExtension.build/ActionExtension.appex.xcent -o /Users/runner/Library/Developer/Xcode/DerivedData/VoiceReader-bvwdbkwbpbgbfcglgmbytagthmuj/Build/Intermediates.noindex/ArchiveIntermediates/VoiceReader/IntermediateBuildFilesPath/VoiceReader.build/Release-iphoneos/ActionExtension.build/ActionExtension.appex.xcent.der --raw

SwiftDriver ShareExtension normal arm64 com.apple.xcode.tools.swift.compiler (in target 'ShareExtension' from project 'VoiceReader')
    cd /Users/runner/work/voice-message-reader/voice-message-reader
    builtin-SwiftDriver -- /Applications/Xcode_26.0.1.app/Contents/Developer/Toolchains/XcodeDefault.xctoolchain/usr/bin/swiftc -module-name ShareExtension -O -whole-module-optimization -enforce-exclusivity\=checked @/Users/runner/Library/Developer/Xcode/DerivedData/VoiceReader-bvwdbkwbpbgbfcglgmbytagthmuj/Build/Intermediates.noindex/ArchiveIntermediates/VoiceReader/IntermediateBuildFilesPath/VoiceReader.build/Release-iphoneos/ShareExtension.build/Objects-normal/arm64/ShareExtension.SwiftFileList -enable-bare-slash-regex -enable-experimental-feature DebugDescriptionMacro -sdk /Applications/Xcode_26.0.1.app/Contents/Developer/Platforms/iPhoneOS.platform/Developer/SDKs/iPhoneOS26.0.sdk -target arm64-apple-ios17.0 -g -module-cache-path /Users/runner/Library/Developer/Xcode/DerivedData/ModuleCache.noindex -Xfrontend -serialize-debugging-options -application-extension -swift-version 5 -I /Users/runner/Library/Developer/Xcode/DerivedData/VoiceReader-bvwdbkwbpbgbfcglgmbytagthmuj/Build/Intermediates.noindex/ArchiveIntermediates/VoiceReader/BuildProductsPath/Release-iphoneos -F /Users/runner/Library/Developer/Xcode/DerivedData/VoiceReader-bvwdbkwbpbgbfcglgmbytagthmuj/Build/Intermediates.noindex/ArchiveIntermediates/VoiceReader/BuildProductsPath/Release-iphoneos/PackageFrameworks -F /Users/runner/Library/Developer/Xcode/DerivedData/VoiceReader-bvwdbkwbpbgbfcglgmbytagthmuj/Build/Intermediates.noindex/ArchiveIntermediates/VoiceReader/BuildProductsPath/Release-iphoneos/PackageFrameworks -F /Users/runner/Library/Developer/Xcode/DerivedData/VoiceReader-bvwdbkwbpbgbfcglgmbytagthmuj/Build/Intermediates.noindex/ArchiveIntermediates/VoiceReader/BuildProductsPath/Release-iphoneos -c -num-threads 3 -Xcc -ivfsstatcache -Xcc /Users/runner/Library/Developer/Xcode/DerivedData/SDKStatCaches.noindex/iphoneos26.0-23A339-3885c01c3e6b6a337905948deab2002ee897cee61435230feef45a4748fd4bcc.sdkstatcache -output-file-map /Users/runner/Library/Developer/Xcode/DerivedData/VoiceReader-bvwdbkwbpbgbfcglgmbytagthmuj/Build/Intermediates.noindex/ArchiveIntermediates/VoiceReader/IntermediateBuildFilesPath/VoiceReader.build/Release-iphoneos/ShareExtension.build/Objects-normal/arm64/ShareExtension-OutputFileMap.json -use-frontend-parseable-output -save-temps -no-color-diagnostics -explicit-module-build -module-cache-path /Users/runner/Library/Developer/Xcode/DerivedData/VoiceReader-bvwdbkwbpbgbfcglgmbytagthmuj/Build/Intermediates.noindex/ArchiveIntermediates/VoiceReader/IntermediateBuildFilesPath/SwiftExplicitPrecompiledModules -clang-scanner-module-cache-path /Users/runner/Library/Developer/Xcode/DerivedData/ModuleCache.noindex -sdk-module-cache-path /Users/runner/Library/Developer/Xcode/DerivedData/ModuleCache.noindex -serialize-diagnostics -emit-dependencies -emit-module -emit-module-path /Users/runner/Library/Developer/Xcode/DerivedData/VoiceReader-bvwdbkwbpbgbfcglgmbytagthmuj/Build/Intermediates.noindex/ArchiveIntermediates/VoiceReader/IntermediateBuildFilesPath/VoiceReader.build/Release-iphoneos/ShareExtension.build/Objects-normal/arm64/ShareExtension.swiftmodule -validate-clang-modules-once -clang-build-session-file /Users/runner/Library/Developer/Xcode/DerivedData/ModuleCache.noindex/Session.modulevalidation -Xcc -I/Users/runner/Library/Developer/Xcode/DerivedData/VoiceReader-bvwdbkwbpbgbfcglgmbytagthmuj/Build/Intermediates.noindex/ArchiveIntermediates/VoiceReader/IntermediateBuildFilesPath/VoiceReader.build/Release-iphoneos/ShareExtension.build/swift-overrides.hmap -emit-const-values -Xfrontend -const-gather-protocols-file -Xfrontend /Users/runner/Library/Developer/Xcode/DerivedData/VoiceReader-bvwdbkwbpbgbfcglgmbytagthmuj/Build/Intermediates.noindex/ArchiveIntermediates/VoiceReader/IntermediateBuildFilesPath/VoiceReader.build/Release-iphoneos/ShareExtension.build/Objects-normal/arm64/ShareExtension_const_extract_protocols.json -Xcc -iquote -Xcc /Users/runner/Library/Developer/Xcode/DerivedData/VoiceReader-bvwdbkwbpbgbfcglgmbytagthmuj/Build/Intermediates.noindex/ArchiveIntermediates/VoiceReader/IntermediateBuildFilesPath/VoiceReader.build/Release-iphoneos/ShareExtension.build/ShareExtension-generated-files.hmap -Xcc -I/Users/runner/Library/Developer/Xcode/DerivedData/VoiceReader-bvwdbkwbpbgbfcglgmbytagthmuj/Build/Intermediates.noindex/ArchiveIntermediates/VoiceReader/IntermediateBuildFilesPath/VoiceReader.build/Release-iphoneos/ShareExtension.build/ShareExtension-own-target-headers.hmap -Xcc -I/Users/runner/Library/Developer/Xcode/DerivedData/VoiceReader-bvwdbkwbpbgbfcglgmbytagthmuj/Build/Intermediates.noindex/ArchiveIntermediates/VoiceReader/IntermediateBuildFilesPath/VoiceReader.build/Release-iphoneos/ShareExtension.build/ShareExtension-all-non-framework-target-headers.hmap -Xcc -ivfsoverlay -Xcc /Users/runner/Library/Developer/Xcode/DerivedData/VoiceReader-bvwdbkwbpbgbfcglgmbytagthmuj/Build/Intermediates.noindex/ArchiveIntermediates/VoiceReader/IntermediateBuildFilesPath/VoiceReader.build/Release-iphoneos/VoiceReader-830d9596576bdeff74835997051ea29d-VFS-iphoneos/all-product-headers.yaml -Xcc -iquote -Xcc /Users/runner/Library/Developer/Xcode/DerivedData/VoiceReader-bvwdbkwbpbgbfcglgmbytagthmuj/Build/Intermediates.noindex/ArchiveIntermediates/VoiceReader/IntermediateBuildFilesPath/VoiceReader.build/Release-iphoneos/ShareExtension.build/ShareExtension-project-headers.hmap -Xcc -I/Users/runner/Library/Developer/Xcode/DerivedData/VoiceReader-bvwdbkwbpbgbfcglgmbytagthmuj/SourcePackages/checkouts/swift-ogg/Sources/SupportingFiles/Dependencies/Copustools/include -Xcc -I/Users/runner/Library/Developer/Xcode/DerivedData/VoiceReader-bvwdbkwbpbgbfcglgmbytagthmuj/Build/Intermediates.noindex/ArchiveIntermediates/VoiceReader/BuildProductsPath/Release-iphoneos/include -Xcc -I/Users/runner/Library/Developer/Xcode/DerivedData/VoiceReader-bvwdbkwbpbgbfcglgmbytagthmuj/Build/Intermediates.noindex/ArchiveIntermediates/VoiceReader/IntermediateBuildFilesPath/VoiceReader.build/Release-iphoneos/ShareExtension.build/DerivedSources-normal/arm64 -Xcc -I/Users/runner/Library/Developer/Xcode/DerivedData/VoiceReader-bvwdbkwbpbgbfcglgmbytagthmuj/Build/Intermediates.noindex/ArchiveIntermediates/VoiceReader/IntermediateBuildFilesPath/VoiceReader.build/Release-iphoneos/ShareExtension.build/DerivedSources/arm64 -Xcc -I/Users/runner/Library/Developer/Xcode/DerivedData/VoiceReader-bvwdbkwbpbgbfcglgmbytagthmuj/Build/Intermediates.noindex/ArchiveIntermediates/VoiceReader/IntermediateBuildFilesPath/VoiceReader.build/Release-iphoneos/ShareExtension.build/DerivedSources -emit-objc-header -emit-objc-header-path /Users/runner/Library/Developer/Xcode/DerivedData/VoiceReader-bvwdbkwbpbgbfcglgmbytagthmuj/Build/Intermediates.noindex/ArchiveIntermediates/VoiceReader/IntermediateBuildFilesPath/VoiceReader.build/Release-iphoneos/ShareExtension.build/Objects-normal/arm64/ShareExtension-Swift.h -working-directory /Users/runner/work/voice-message-reader/voice-message-reader -no-emit-module-separately-wmo

ExtractAppIntentsMetadata (in target 'SwiftOGG' from project 'SwiftOGG')
    cd /Users/runner/Library/Developer/Xcode/DerivedData/VoiceReader-bvwdbkwbpbgbfcglgmbytagthmuj/SourcePackages/checkouts/swift-ogg
    /Applications/Xcode_26.0.1.app/Contents/Developer/Toolchains/XcodeDefault.xctoolchain/usr/bin/appintentsmetadataprocessor --toolchain-dir /var/run/com.apple.security.cryptexd/mnt/com.apple.MobileAsset.MetalToolchain-v17.1.324.0.XSlXT5/Metal.xctoolchain --module-name SwiftOGG --sdk-root /Applications/Xcode_26.0.1.app/Contents/Developer/Platforms/iPhoneOS.platform/Developer/SDKs/iPhoneOS26.0.sdk --xcode-version 17A400 --platform-family iOS --deployment-target 12.0 --bundle-identifier swift-ogg.SwiftOGG --output /Users/runner/Library/Developer/Xcode/DerivedData/VoiceReader-bvwdbkwbpbgbfcglgmbytagthmuj/Build/Intermediates.noindex/ArchiveIntermediates/VoiceReader/IntermediateBuildFilesPath/UninstalledProducts/iphoneos/SwiftOGG.appintents --target-triple arm64-apple-ios12.0 --binary-file /Users/runner/Library/Developer/Xcode/DerivedData/VoiceReader-bvwdbkwbpbgbfcglgmbytagthmuj/Build/Intermediates.noindex/ArchiveIntermediates/VoiceReader/IntermediateBuildFilesPath/UninstalledProducts/iphoneos/SwiftOGG.o --dependency-file /Users/runner/Library/Developer/Xcode/DerivedData/VoiceReader-bvwdbkwbpbgbfcglgmbytagthmuj/Build/Intermediates.noindex/ArchiveIntermediates/VoiceReader/IntermediateBuildFilesPath/SwiftOGG.build/Release-iphoneos/SwiftOGG.build/Objects-normal/arm64/SwiftOGG_dependency_info.dat --stringsdata-file /Users/runner/Library/Developer/Xcode/DerivedData/VoiceReader-bvwdbkwbpbgbfcglgmbytagthmuj/Build/Intermediates.noindex/ArchiveIntermediates/VoiceReader/IntermediateBuildFilesPath/SwiftOGG.build/Release-iphoneos/SwiftOGG.build/Objects-normal/arm64/ExtractedAppShortcutsMetadata.stringsdata --source-file-list /Users/runner/Library/Developer/Xcode/DerivedData/VoiceReader-bvwdbkwbpbgbfcglgmbytagthmuj/Build/Intermediates.noindex/ArchiveIntermediates/VoiceReader/IntermediateBuildFilesPath/SwiftOGG.build/Release-iphoneos/SwiftOGG.build/Objects-normal/arm64/SwiftOGG.SwiftFileList --metadata-file-list /Users/runner/Library/Developer/Xcode/DerivedData/VoiceReader-bvwdbkwbpbgbfcglgmbytagthmuj/Build/Intermediates.noindex/ArchiveIntermediates/VoiceReader/IntermediateBuildFilesPath/SwiftOGG.build/Release-iphoneos/SwiftOGG.build/SwiftOGG.DependencyMetadataFileList --static-metadata-file-list /Users/runner/Library/Developer/Xcode/DerivedData/VoiceReader-bvwdbkwbpbgbfcglgmbytagthmuj/Build/Intermediates.noindex/ArchiveIntermediates/VoiceReader/IntermediateBuildFilesPath/SwiftOGG.build/Release-iphoneos/SwiftOGG.build/SwiftOGG.DependencyStaticMetadataFileList --swift-const-vals-list /Users/runner/Library/Developer/Xcode/DerivedData/VoiceReader-bvwdbkwbpbgbfcglgmbytagthmuj/Build/Intermediates.noindex/ArchiveIntermediates/VoiceReader/IntermediateBuildFilesPath/SwiftOGG.build/Release-iphoneos/SwiftOGG.build/Objects-normal/arm64/SwiftOGG.SwiftConstValuesFileList --force --compile-time-extraction --deployment-aware-processing --validate-assistant-intents --no-app-shortcuts-localization
2026-10-03 14:44:13.539 appintentsmetadataprocessor[3126:13153] Starting appintentsmetadataprocessor export
2026-10-03 14:44:14.372 appintentsmetadataprocessor[3126:13153] Extracted no relevant App Intents symbols, skipping writing output

SetOwnerAndGroup runner:staff /Users/runner/Library/Developer/Xcode/DerivedData/VoiceReader-bvwdbkwbpbgbfcglgmbytagthmuj/Build/Intermediates.noindex/ArchiveIntermediates/VoiceReader/IntermediateBuildFilesPath/UninstalledProducts/iphoneos/SwiftOGG.o (in target 'SwiftOGG' from project 'SwiftOGG')
    cd /Users/runner/Library/Developer/Xcode/DerivedData/VoiceReader-bvwdbkwbpbgbfcglgmbytagthmuj/SourcePackages/checkouts/swift-ogg
    /usr/sbin/chown -RH runner:staff /Users/runner/Library/Developer/Xcode/DerivedData/VoiceReader-bvwdbkwbpbgbfcglgmbytagthmuj/Build/Intermediates.noindex/ArchiveIntermediates/VoiceReader/IntermediateBuildFilesPath/UninstalledProducts/iphoneos/SwiftOGG.o

SetMode u+w,go-w,a+rX /Users/runner/Library/Developer/Xcode/DerivedData/VoiceReader-bvwdbkwbpbgbfcglgmbytagthmuj/Build/Intermediates.noindex/ArchiveIntermediates/VoiceReader/IntermediateBuildFilesPath/UninstalledProducts/iphoneos/SwiftOGG.o (in target 'SwiftOGG' from project 'SwiftOGG')
    cd /Users/runner/Library/Developer/Xcode/DerivedData/VoiceReader-bvwdbkwbpbgbfcglgmbytagthmuj/SourcePackages/checkouts/swift-ogg
    /bin/chmod -RH u+w,go-w,a+rX /Users/runner/Library/Developer/Xcode/DerivedData/VoiceReader-bvwdbkwbpbgbfcglgmbytagthmuj/Build/Intermediates.noindex/ArchiveIntermediates/VoiceReader/IntermediateBuildFilesPath/UninstalledProducts/iphoneos/SwiftOGG.o

SwiftDriver ActionExtension normal arm64 com.apple.xcode.tools.swift.compiler (in target 'ActionExtension' from project 'VoiceReader')
    cd /Users/runner/work/voice-message-reader/voice-message-reader
    builtin-SwiftDriver -- /Applications/Xcode_26.0.1.app/Contents/Developer/Toolchains/XcodeDefault.xctoolchain/usr/bin/swiftc -module-name ActionExtension -O -whole-module-optimization -enforce-exclusivity\=checked @/Users/runner/Library/Developer/Xcode/DerivedData/VoiceReader-bvwdbkwbpbgbfcglgmbytagthmuj/Build/Intermediates.noindex/ArchiveIntermediates/VoiceReader/IntermediateBuildFilesPath/VoiceReader.build/Release-iphoneos/ActionExtension.build/Objects-normal/arm64/ActionExtension.SwiftFileList -enable-bare-slash-regex -enable-experimental-feature DebugDescriptionMacro -sdk /Applications/Xcode_26.0.1.app/Contents/Developer/Platforms/iPhoneOS.platform/Developer/SDKs/iPhoneOS26.0.sdk -target arm64-apple-ios17.0 -g -module-cache-path /Users/runner/Library/Developer/Xcode/DerivedData/ModuleCache.noindex -Xfrontend -serialize-debugging-options -application-extension -swift-version 5 -I /Users/runner/Library/Developer/Xcode/DerivedData/VoiceReader-bvwdbkwbpbgbfcglgmbytagthmuj/Build/Intermediates.noindex/ArchiveIntermediates/VoiceReader/BuildProductsPath/Release-iphoneos -F /Users/runner/Library/Developer/Xcode/DerivedData/VoiceReader-bvwdbkwbpbgbfcglgmbytagthmuj/Build/Intermediates.noindex/ArchiveIntermediates/VoiceReader/BuildProductsPath/Release-iphoneos/PackageFrameworks -F /Users/runner/Library/Developer/Xcode/DerivedData/VoiceReader-bvwdbkwbpbgbfcglgmbytagthmuj/Build/Intermediates.noindex/ArchiveIntermediates/VoiceReader/BuildProductsPath/Release-iphoneos/PackageFrameworks -F /Users/runner/Library/Developer/Xcode/DerivedData/VoiceReader-bvwdbkwbpbgbfcglgmbytagthmuj/Build/Intermediates.noindex/ArchiveIntermediates/VoiceReader/BuildProductsPath/Release-iphoneos -c -num-threads 3 -Xcc -ivfsstatcache -Xcc /Users/runner/Library/Developer/Xcode/DerivedData/SDKStatCaches.noindex/iphoneos26.0-23A339-3885c01c3e6b6a337905948deab2002ee897cee61435230feef45a4748fd4bcc.sdkstatcache -output-file-map /Users/runner/Library/Developer/Xcode/DerivedData/VoiceReader-bvwdbkwbpbgbfcglgmbytagthmuj/Build/Intermediates.noindex/ArchiveIntermediates/VoiceReader/IntermediateBuildFilesPath/VoiceReader.build/Release-iphoneos/ActionExtension.build/Objects-normal/arm64/ActionExtension-OutputFileMap.json -use-frontend-parseable-output -save-temps -no-color-diagnostics -explicit-module-build -module-cache-path /Users/runner/Library/Developer/Xcode/DerivedData/VoiceReader-bvwdbkwbpbgbfcglgmbytagthmuj/Build/Intermediates.noindex/ArchiveIntermediates/VoiceReader/IntermediateBuildFilesPath/SwiftExplicitPrecompiledModules -clang-scanner-module-cache-path /Users/runner/Library/Developer/Xcode/DerivedData/ModuleCache.noindex -sdk-module-cache-path /Users/runner/Library/Developer/Xcode/DerivedData/ModuleCache.noindex -serialize-diagnostics -emit-dependencies -emit-module -emit-module-path /Users/runner/Library/Developer/Xcode/DerivedData/VoiceReader-bvwdbkwbpbgbfcglgmbytagthmuj/Build/Intermediates.noindex/ArchiveIntermediates/VoiceReader/IntermediateBuildFilesPath/VoiceReader.build/Release-iphoneos/ActionExtension.build/Objects-normal/arm64/ActionExtension.swiftmodule -validate-clang-modules-once -clang-build-session-file /Users/runner/Library/Developer/Xcode/DerivedData/ModuleCache.noindex/Session.modulevalidation -Xcc -I/Users/runner/Library/Developer/Xcode/DerivedData/VoiceReader-bvwdbkwbpbgbfcglgmbytagthmuj/Build/Intermediates.noindex/ArchiveIntermediates/VoiceReader/IntermediateBuildFilesPath/VoiceReader.build/Release-iphoneos/ActionExtension.build/swift-overrides.hmap -emit-const-values -Xfrontend -const-gather-protocols-file -Xfrontend /Users/runner/Library/Developer/Xcode/DerivedData/VoiceReader-bvwdbkwbpbgbfcglgmbytagthmuj/Build/Intermediates.noindex/ArchiveIntermediates/VoiceReader/IntermediateBuildFilesPath/VoiceReader.build/Release-iphoneos/ActionExtension.build/Objects-normal/arm64/ActionExtension_const_extract_protocols.json -Xcc -iquote -Xcc /Users/runner/Library/Developer/Xcode/DerivedData/VoiceReader-bvwdbkwbpbgbfcglgmbytagthmuj/Build/Intermediates.noindex/ArchiveIntermediates/VoiceReader/IntermediateBuildFilesPath/VoiceReader.build/Release-iphoneos/ActionExtension.build/ActionExtension-generated-files.hmap -Xcc -I/Users/runner/Library/Developer/Xcode/DerivedData/VoiceReader-bvwdbkwbpbgbfcglgmbytagthmuj/Build/Intermediates.noindex/ArchiveIntermediates/VoiceReader/IntermediateBuildFilesPath/VoiceReader.build/Release-iphoneos/ActionExtension.build/ActionExtension-own-target-headers.hmap -Xcc -I/Users/runner/Library/Developer/Xcode/DerivedData/VoiceReader-bvwdbkwbpbgbfcglgmbytagthmuj/Build/Intermediates.noindex/ArchiveIntermediates/VoiceReader/IntermediateBuildFilesPath/VoiceReader.build/Release-iphoneos/ActionExtension.build/ActionExtension-all-non-framework-target-headers.hmap -Xcc -ivfsoverlay -Xcc /Users/runner/Library/Developer/Xcode/DerivedData/VoiceReader-bvwdbkwbpbgbfcglgmbytagthmuj/Build/Intermediates.noindex/ArchiveIntermediates/VoiceReader/IntermediateBuildFilesPath/VoiceReader.build/Release-iphoneos/VoiceReader-830d9596576bdeff74835997051ea29d-VFS-iphoneos/all-product-headers.yaml -Xcc -iquote -Xcc /Users/runner/Library/Developer/Xcode/DerivedData/VoiceReader-bvwdbkwbpbgbfcglgmbytagthmuj/Build/Intermediates.noindex/ArchiveIntermediates/VoiceReader/IntermediateBuildFilesPath/VoiceReader.build/Release-iphoneos/ActionExtension.build/ActionExtension-project-headers.hmap -Xcc -I/Users/runner/Library/Developer/Xcode/DerivedData/VoiceReader-bvwdbkwbpbgbfcglgmbytagthmuj/SourcePackages/checkouts/swift-ogg/Sources/SupportingFiles/Dependencies/Copustools/include -Xcc -I/Users/runner/Library/Developer/Xcode/DerivedData/VoiceReader-bvwdbkwbpbgbfcglgmbytagthmuj/Build/Intermediates.noindex/ArchiveIntermediates/VoiceReader/BuildProductsPath/Release-iphoneos/include -Xcc -I/Users/runner/Library/Developer/Xcode/DerivedData/VoiceReader-bvwdbkwbpbgbfcglgmbytagthmuj/Build/Intermediates.noindex/ArchiveIntermediates/VoiceReader/IntermediateBuildFilesPath/VoiceReader.build/Release-iphoneos/ActionExtension.build/DerivedSources-normal/arm64 -Xcc -I/Users/runner/Library/Developer/Xcode/DerivedData/VoiceReader-bvwdbkwbpbgbfcglgmbytagthmuj/Build/Intermediates.noindex/ArchiveIntermediates/VoiceReader/IntermediateBuildFilesPath/VoiceReader.build/Release-iphoneos/ActionExtension.build/DerivedSources/arm64 -Xcc -I/Users/runner/Library/Developer/Xcode/DerivedData/VoiceReader-bvwdbkwbpbgbfcglgmbytagthmuj/Build/Intermediates.noindex/ArchiveIntermediates/VoiceReader/IntermediateBuildFilesPath/VoiceReader.build/Release-iphoneos/ActionExtension.build/DerivedSources -emit-objc-header -emit-objc-header-path /Users/runner/Library/Developer/Xcode/DerivedData/VoiceReader-bvwdbkwbpbgbfcglgmbytagthmuj/Build/Intermediates.noindex/ArchiveIntermediates/VoiceReader/IntermediateBuildFilesPath/VoiceReader.build/Release-iphoneos/ActionExtension.build/Objects-normal/arm64/ActionExtension-Swift.h -working-directory /Users/runner/work/voice-message-reader/voice-message-reader -no-emit-module-separately-wmo

GenerateDSYMFile /Users/runner/Library/Developer/Xcode/DerivedData/VoiceReader-bvwdbkwbpbgbfcglgmbytagthmuj/Build/Intermediates.noindex/ArchiveIntermediates/VoiceReader/BuildProductsPath/Release-iphoneos/VoiceReaderWidget.appex.dSYM /Users/runner/Library/Developer/Xcode/DerivedData/VoiceReader-bvwdbkwbpbgbfcglgmbytagthmuj/Build/Intermediates.noindex/ArchiveIntermediates/VoiceReader/IntermediateBuildFilesPath/UninstalledProducts/iphoneos/VoiceReaderWidget.appex/VoiceReaderWidget (in target 'VoiceReaderWidget' from project 'VoiceReader')
    cd /Users/runner/work/voice-message-reader/voice-message-reader
    /Applications/Xcode_26.0.1.app/Contents/Developer/Toolchains/XcodeDefault.xctoolchain/usr/bin/dsymutil /Users/runner/Library/Developer/Xcode/DerivedData/VoiceReader-bvwdbkwbpbgbfcglgmbytagthmuj/Build/Intermediates.noindex/ArchiveIntermediates/VoiceReader/IntermediateBuildFilesPath/UninstalledProducts/iphoneos/VoiceReaderWidget.appex/VoiceReaderWidget -o /Users/runner/Library/Developer/Xcode/DerivedData/VoiceReader-bvwdbkwbpbgbfcglgmbytagthmuj/Build/Intermediates.noindex/ArchiveIntermediates/VoiceReader/BuildProductsPath/Release-iphoneos/VoiceReaderWidget.appex.dSYM

SwiftDriver\ Compilation ShareExtension normal arm64 com.apple.xcode.tools.swift.compiler (in target 'ShareExtension' from project 'VoiceReader')
    cd /Users/runner/work/voice-message-reader/voice-message-reader
    builtin-Swift-Compilation -- /Applications/Xcode_26.0.1.app/Contents/Developer/Toolchains/XcodeDefault.xctoolchain/usr/bin/swiftc -module-name ShareExtension -O -whole-module-optimization -enforce-exclusivity\=checked @/Users/runner/Library/Developer/Xcode/DerivedData/VoiceReader-bvwdbkwbpbgbfcglgmbytagthmuj/Build/Intermediates.noindex/ArchiveIntermediates/VoiceReader/IntermediateBuildFilesPath/VoiceReader.build/Release-iphoneos/ShareExtension.build/Objects-normal/arm64/ShareExtension.SwiftFileList -enable-bare-slash-regex -enable-experimental-feature DebugDescriptionMacro -sdk /Applications/Xcode_26.0.1.app/Contents/Developer/Platforms/iPhoneOS.platform/Developer/SDKs/iPhoneOS26.0.sdk -target arm64-apple-ios17.0 -g -module-cache-path /Users/runner/Library/Developer/Xcode/DerivedData/ModuleCache.noindex -Xfrontend -serialize-debugging-options -application-extension -swift-version 5 -I /Users/runner/Library/Developer/Xcode/DerivedData/VoiceReader-bvwdbkwbpbgbfcglgmbytagthmuj/Build/Intermediates.noindex/ArchiveIntermediates/VoiceReader/BuildProductsPath/Release-iphoneos -F /Users/runner/Library/Developer/Xcode/DerivedData/VoiceReader-bvwdbkwbpbgbfcglgmbytagthmuj/Build/Intermediates.noindex/ArchiveIntermediates/VoiceReader/BuildProductsPath/Release-iphoneos/PackageFrameworks -F /Users/runner/Library/Developer/Xcode/DerivedData/VoiceReader-bvwdbkwbpbgbfcglgmbytagthmuj/Build/Intermediates.noindex/ArchiveIntermediates/VoiceReader/BuildProductsPath/Release-iphoneos/PackageFrameworks -F /Users/runner/Library/Developer/Xcode/DerivedData/VoiceReader-bvwdbkwbpbgbfcglgmbytagthmuj/Build/Intermediates.noindex/ArchiveIntermediates/VoiceReader/BuildProductsPath/Release-iphoneos -c -num-threads 3 -Xcc -ivfsstatcache -Xcc /Users/runner/Library/Developer/Xcode/DerivedData/SDKStatCaches.noindex/iphoneos26.0-23A339-3885c01c3e6b6a337905948deab2002ee897cee61435230feef45a4748fd4bcc.sdkstatcache -output-file-map /Users/runner/Library/Developer/Xcode/DerivedData/VoiceReader-bvwdbkwbpbgbfcglgmbytagthmuj/Build/Intermediates.noindex/ArchiveIntermediates/VoiceReader/IntermediateBuildFilesPath/VoiceReader.build/Release-iphoneos/ShareExtension.build/Objects-normal/arm64/ShareExtension-OutputFileMap.json -use-frontend-parseable-output -save-temps -no-color-diagnostics -explicit-module-build -module-cache-path /Users/runner/Library/Developer/Xcode/DerivedData/VoiceReader-bvwdbkwbpbgbfcglgmbytagthmuj/Build/Intermediates.noindex/ArchiveIntermediates/VoiceReader/IntermediateBuildFilesPath/SwiftExplicitPrecompiledModules -clang-scanner-module-cache-path /Users/runner/Library/Developer/Xcode/DerivedData/ModuleCache.noindex -sdk-module-cache-path /Users/runner/Library/Developer/Xcode/DerivedData/ModuleCache.noindex -serialize-diagnostics -emit-dependencies -emit-module -emit-module-path /Users/runner/Library/Developer/Xcode/DerivedData/VoiceReader-bvwdbkwbpbgbfcglgmbytagthmuj/Build/Intermediates.noindex/ArchiveIntermediates/VoiceReader/IntermediateBuildFilesPath/VoiceReader.build/Release-iphoneos/ShareExtension.build/Objects-normal/arm64/ShareExtension.swiftmodule -validate-clang-modules-once -clang-build-session-file /Users/runner/Library/Developer/Xcode/DerivedData/ModuleCache.noindex/Session.modulevalidation -Xcc -I/Users/runner/Library/Developer/Xcode/DerivedData/VoiceReader-bvwdbkwbpbgbfcglgmbytagthmuj/Build/Intermediates.noindex/ArchiveIntermediates/VoiceReader/IntermediateBuildFilesPath/VoiceReader.build/Release-iphoneos/ShareExtension.build/swift-overrides.hmap -emit-const-values -Xfrontend -const-gather-protocols-file -Xfrontend /Users/runner/Library/Developer/Xcode/DerivedData/VoiceReader-bvwdbkwbpbgbfcglgmbytagthmuj/Build/Intermediates.noindex/ArchiveIntermediates/VoiceReader/IntermediateBuildFilesPath/VoiceReader.build/Release-iphoneos/ShareExtension.build/Objects-normal/arm64/ShareExtension_const_extract_protocols.json -Xcc -iquote -Xcc /Users/runner/Library/Developer/Xcode/DerivedData/VoiceReader-bvwdbkwbpbgbfcglgmbytagthmuj/Build/Intermediates.noindex/ArchiveIntermediates/VoiceReader/IntermediateBuildFilesPath/VoiceReader.build/Release-iphoneos/ShareExtension.build/ShareExtension-generated-files.hmap -Xcc -I/Users/runner/Library/Developer/Xcode/DerivedData/VoiceReader-bvwdbkwbpbgbfcglgmbytagthmuj/Build/Intermediates.noindex/ArchiveIntermediates/VoiceReader/IntermediateBuildFilesPath/VoiceReader.build/Release-iphoneos/ShareExtension.build/ShareExtension-own-target-headers.hmap -Xcc -I/Users/runner/Library/Developer/Xcode/DerivedData/VoiceReader-bvwdbkwbpbgbfcglgmbytagthmuj/Build/Intermediates.noindex/ArchiveIntermediates/VoiceReader/IntermediateBuildFilesPath/VoiceReader.build/Release-iphoneos/ShareExtension.build/ShareExtension-all-non-framework-target-headers.hmap -Xcc -ivfsoverlay -Xcc /Users/runner/Library/Developer/Xcode/DerivedData/VoiceReader-bvwdbkwbpbgbfcglgmbytagthmuj/Build/Intermediates.noindex/ArchiveIntermediates/VoiceReader/IntermediateBuildFilesPath/VoiceReader.build/Release-iphoneos/VoiceReader-830d9596576bdeff74835997051ea29d-VFS-iphoneos/all-product-headers.yaml -Xcc -iquote -Xcc /Users/runner/Library/Developer/Xcode/DerivedData/VoiceReader-bvwdbkwbpbgbfcglgmbytagthmuj/Build/Intermediates.noindex/ArchiveIntermediates/VoiceReader/IntermediateBuildFilesPath/VoiceReader.build/Release-iphoneos/ShareExtension.build/ShareExtension-project-headers.hmap -Xcc -I/Users/runner/Library/Developer/Xcode/DerivedData/VoiceReader-bvwdbkwbpbgbfcglgmbytagthmuj/SourcePackages/checkouts/swift-ogg/Sources/SupportingFiles/Dependencies/Copustools/include -Xcc -I/Users/runner/Library/Developer/Xcode/DerivedData/VoiceReader-bvwdbkwbpbgbfcglgmbytagthmuj/Build/Intermediates.noindex/ArchiveIntermediates/VoiceReader/BuildProductsPath/Release-iphoneos/include -Xcc -I/Users/runner/Library/Developer/Xcode/DerivedData/VoiceReader-bvwdbkwbpbgbfcglgmbytagthmuj/Build/Intermediates.noindex/ArchiveIntermediates/VoiceReader/IntermediateBuildFilesPath/VoiceReader.build/Release-iphoneos/ShareExtension.build/DerivedSources-normal/arm64 -Xcc -I/Users/runner/Library/Developer/Xcode/DerivedData/VoiceReader-bvwdbkwbpbgbfcglgmbytagthmuj/Build/Intermediates.noindex/ArchiveIntermediates/VoiceReader/IntermediateBuildFilesPath/VoiceReader.build/Release-iphoneos/ShareExtension.build/DerivedSources/arm64 -Xcc -I/Users/runner/Library/Developer/Xcode/DerivedData/VoiceReader-bvwdbkwbpbgbfcglgmbytagthmuj/Build/Intermediates.noindex/ArchiveIntermediates/VoiceReader/IntermediateBuildFilesPath/VoiceReader.build/Release-iphoneos/ShareExtension.build/DerivedSources -emit-objc-header -emit-objc-header-path /Users/runner/Library/Developer/Xcode/DerivedData/VoiceReader-bvwdbkwbpbgbfcglgmbytagthmuj/Build/Intermediates.noindex/ArchiveIntermediates/VoiceReader/IntermediateBuildFilesPath/VoiceReader.build/Release-iphoneos/ShareExtension.build/Objects-normal/arm64/ShareExtension-Swift.h -working-directory /Users/runner/work/voice-message-reader/voice-message-reader -no-emit-module-separately-wmo

SwiftExplicitDependencyGeneratePcm arm64 /Users/runner/Library/Developer/Xcode/DerivedData/VoiceReader-bvwdbkwbpbgbfcglgmbytagthmuj/Build/Intermediates.noindex/ArchiveIntermediates/VoiceReader/IntermediateBuildFilesPath/SwiftExplicitPrecompiledModules/YbridOpus-2HOOSTMXVQ0LKKJQDNHMYJCGR.pcm

SwiftExplicitDependencyGeneratePcm arm64 /Users/runner/Library/Developer/Xcode/DerivedData/ModuleCache.noindex/CoreAudioTypes-7VX3UYX0Z9F7WHCIYO3KQ9PYQ.pcm

SwiftExplicitDependencyGeneratePcm arm64 /Users/runner/Library/Developer/Xcode/DerivedData/ModuleCache.noindex/BackgroundAssets-8J17UFBSTS9Q6A6U6OZKV9L7W.pcm

SwiftExplicitDependencyGeneratePcm arm64 /Users/runner/Library/Developer/Xcode/DerivedData/ModuleCache.noindex/LocalAuthentication-4TPRJPHR34TPPSOE92OHVY5B1.pcm

SwiftExplicitDependencyGeneratePcm arm64 /Users/runner/Library/Developer/Xcode/DerivedData/ModuleCache.noindex/CoreAudio-C0A2W4EXBXH1AF7QGJG5JPDFW.pcm

SwiftExplicitDependencyGeneratePcm arm64 /Users/runner/Library/Developer/Xcode/DerivedData/ModuleCache.noindex/StoreKit-6Q3EPT63FN41IEGIYBYHRMB63.pcm

SwiftExplicitDependencyGeneratePcm arm64 /Users/runner/Library/Developer/Xcode/DerivedData/ModuleCache.noindex/AVRouting-7KTBMKTV102Z1W37IJYEUN3LB.pcm

SwiftExplicitDependencyGeneratePcm arm64 /Users/runner/Library/Developer/Xcode/DerivedData/ModuleCache.noindex/CoreMIDI-COJVVLVUD2HY1FCNA2U4FSHON.pcm

SwiftExplicitDependencyGeneratePcm arm64 /Users/runner/Library/Developer/Xcode/DerivedData/VoiceReader-bvwdbkwbpbgbfcglgmbytagthmuj/Build/Intermediates.noindex/ArchiveIntermediates/VoiceReader/IntermediateBuildFilesPath/SwiftExplicitPrecompiledModules/Copustools-1JSOT3UTOEGY7CS6ASTFNESJ3.pcm

SwiftExplicitDependencyGeneratePcm arm64 /Users/runner/Library/Developer/Xcode/DerivedData/VoiceReader-bvwdbkwbpbgbfcglgmbytagthmuj/Build/Intermediates.noindex/ArchiveIntermediates/VoiceReader/IntermediateBuildFilesPath/SwiftExplicitPrecompiledModules/YbridOgg-CVKPCYCZU2HZFQCJGUWB5ES5H.pcm

SwiftExplicitDependencyGeneratePcm arm64 /Users/runner/Library/Developer/Xcode/DerivedData/ModuleCache.noindex/CoreMedia-C0U2KJM42I8MDW3X1LUU209CS.pcm

SwiftExplicitDependencyGeneratePcm arm64 /Users/runner/Library/Developer/Xcode/DerivedData/ModuleCache.noindex/NaturalLanguage-83XOVGX1AUQGM3IPNR9D1SWE4.pcm

SwiftExplicitDependencyGeneratePcm arm64 /Users/runner/Library/Developer/Xcode/DerivedData/ModuleCache.noindex/AudioToolbox-7ARF06MCPWHLYAYUW2ZSJD64R.pcm

ExtractAppIntentsMetadata (in target 'VoiceReaderWidget' from project 'VoiceReader')
    cd /Users/runner/work/voice-message-reader/voice-message-reader
    /Applications/Xcode_26.0.1.app/Contents/Developer/Toolchains/XcodeDefault.xctoolchain/usr/bin/appintentsmetadataprocessor --toolchain-dir /var/run/com.apple.security.cryptexd/mnt/com.apple.MobileAsset.MetalToolchain-v17.1.324.0.XSlXT5/Metal.xctoolchain --module-name VoiceReaderWidget --sdk-root /Applications/Xcode_26.0.1.app/Contents/Developer/Platforms/iPhoneOS.platform/Developer/SDKs/iPhoneOS26.0.sdk --xcode-version 17A400 --platform-family iOS --deployment-target 17.0 --bundle-identifier com.noorulain.voicereader.widget --output /Users/runner/Library/Developer/Xcode/DerivedData/VoiceReader-bvwdbkwbpbgbfcglgmbytagthmuj/Build/Intermediates.noindex/ArchiveIntermediates/VoiceReader/IntermediateBuildFilesPath/UninstalledProducts/iphoneos/VoiceReaderWidget.appex --target-triple arm64-apple-ios17.0 --binary-file /Users/runner/Library/Developer/Xcode/DerivedData/VoiceReader-bvwdbkwbpbgbfcglgmbytagthmuj/Build/Intermediates.noindex/ArchiveIntermediates/VoiceReader/IntermediateBuildFilesPath/UninstalledProducts/iphoneos/VoiceReaderWidget.appex/VoiceReaderWidget --dependency-file /Users/runner/Library/Developer/Xcode/DerivedData/VoiceReader-bvwdbkwbpbgbfcglgmbytagthmuj/Build/Intermediates.noindex/ArchiveIntermediates/VoiceReader/IntermediateBuildFilesPath/VoiceReader.build/Release-iphoneos/VoiceReaderWidget.build/Objects-normal/arm64/VoiceReaderWidget_dependency_info.dat --stringsdata-file /Users/runner/Library/Developer/Xcode/DerivedData/VoiceReader-bvwdbkwbpbgbfcglgmbytagthmuj/Build/Intermediates.noindex/ArchiveIntermediates/VoiceReader/IntermediateBuildFilesPath/VoiceReader.build/Release-iphoneos/VoiceReaderWidget.build/Objects-normal/arm64/ExtractedAppShortcutsMetadata.stringsdata --source-file-list /Users/runner/Library/Developer/Xcode/DerivedData/VoiceReader-bvwdbkwbpbgbfcglgmbytagthmuj/Build/Intermediates.noindex/ArchiveIntermediates/VoiceReader/IntermediateBuildFilesPath/VoiceReader.build/Release-iphoneos/VoiceReaderWidget.build/Objects-normal/arm64/VoiceReaderWidget.SwiftFileList --metadata-file-list /Users/runner/Library/Developer/Xcode/DerivedData/VoiceReader-bvwdbkwbpbgbfcglgmbytagthmuj/Build/Intermediates.noindex/ArchiveIntermediates/VoiceReader/IntermediateBuildFilesPath/VoiceReader.build/Release-iphoneos/VoiceReaderWidget.build/VoiceReaderWidget.DependencyMetadataFileList --static-metadata-file-list /Users/runner/Library/Developer/Xcode/DerivedData/VoiceReader-bvwdbkwbpbgbfcglgmbytagthmuj/Build/Intermediates.noindex/ArchiveIntermediates/VoiceReader/IntermediateBuildFilesPath/VoiceReader.build/Release-iphoneos/VoiceReaderWidget.build/VoiceReaderWidget.DependencyStaticMetadataFileList --swift-const-vals-list /Users/runner/Library/Developer/Xcode/DerivedData/VoiceReader-bvwdbkwbpbgbfcglgmbytagthmuj/Build/Intermediates.noindex/ArchiveIntermediates/VoiceReader/IntermediateBuildFilesPath/VoiceReader.build/Release-iphoneos/VoiceReaderWidget.build/Objects-normal/arm64/VoiceReaderWidget.SwiftConstValuesFileList --compile-time-extraction --deployment-aware-processing --validate-assistant-intents --no-app-shortcuts-localization
2026-10-03 14:44:15.675 appintentsmetadataprocessor[3288:13646] Starting appintentsmetadataprocessor export
2026-10-03 14:44:15.828 appintentsmetadataprocessor[3288:13646] Extracted no relevant App Intents symbols, skipping writing output

RegisterExecutionPolicyException /Users/runner/Library/Developer/Xcode/DerivedData/VoiceReader-bvwdbkwbpbgbfcglgmbytagthmuj/Build/Intermediates.noindex/ArchiveIntermediates/VoiceReader/IntermediateBuildFilesPath/UninstalledProducts/iphoneos/SwiftOGG.o (in target 'SwiftOGG' from project 'SwiftOGG')
    cd /Users/runner/Library/Developer/Xcode/DerivedData/VoiceReader-bvwdbkwbpbgbfcglgmbytagthmuj/SourcePackages/checkouts/swift-ogg
    builtin-RegisterExecutionPolicyException /Users/runner/Library/Developer/Xcode/DerivedData/VoiceReader-bvwdbkwbpbgbfcglgmbytagthmuj/Build/Intermediates.noindex/ArchiveIntermediates/VoiceReader/IntermediateBuildFilesPath/UninstalledProducts/iphoneos/SwiftOGG.o

SwiftDriver\ Compilation ActionExtension normal arm64 com.apple.xcode.tools.swift.compiler (in target 'ActionExtension' from project 'VoiceReader')
    cd /Users/runner/work/voice-message-reader/voice-message-reader
    builtin-Swift-Compilation -- /Applications/Xcode_26.0.1.app/Contents/Developer/Toolchains/XcodeDefault.xctoolchain/usr/bin/swiftc -module-name ActionExtension -O -whole-module-optimization -enforce-exclusivity\=checked @/Users/runner/Library/Developer/Xcode/DerivedData/VoiceReader-bvwdbkwbpbgbfcglgmbytagthmuj/Build/Intermediates.noindex/ArchiveIntermediates/VoiceReader/IntermediateBuildFilesPath/VoiceReader.build/Release-iphoneos/ActionExtension.build/Objects-normal/arm64/ActionExtension.SwiftFileList -enable-bare-slash-regex -enable-experimental-feature DebugDescriptionMacro -sdk /Applications/Xcode_26.0.1.app/Contents/Developer/Platforms/iPhoneOS.platform/Developer/SDKs/iPhoneOS26.0.sdk -target arm64-apple-ios17.0 -g -module-cache-path /Users/runner/Library/Developer/Xcode/DerivedData/ModuleCache.noindex -Xfrontend -serialize-debugging-options -application-extension -swift-version 5 -I /Users/runner/Library/Developer/Xcode/DerivedData/VoiceReader-bvwdbkwbpbgbfcglgmbytagthmuj/Build/Intermediates.noindex/ArchiveIntermediates/VoiceReader/BuildProductsPath/Release-iphoneos -F /Users/runner/Library/Developer/Xcode/DerivedData/VoiceReader-bvwdbkwbpbgbfcglgmbytagthmuj/Build/Intermediates.noindex/ArchiveIntermediates/VoiceReader/BuildProductsPath/Release-iphoneos/PackageFrameworks -F /Users/runner/Library/Developer/Xcode/DerivedData/VoiceReader-bvwdbkwbpbgbfcglgmbytagthmuj/Build/Intermediates.noindex/ArchiveIntermediates/VoiceReader/BuildProductsPath/Release-iphoneos/PackageFrameworks -F /Users/runner/Library/Developer/Xcode/DerivedData/VoiceReader-bvwdbkwbpbgbfcglgmbytagthmuj/Build/Intermediates.noindex/ArchiveIntermediates/VoiceReader/BuildProductsPath/Release-iphoneos -c -num-threads 3 -Xcc -ivfsstatcache -Xcc /Users/runner/Library/Developer/Xcode/DerivedData/SDKStatCaches.noindex/iphoneos26.0-23A339-3885c01c3e6b6a337905948deab2002ee897cee61435230feef45a4748fd4bcc.sdkstatcache -output-file-map /Users/runner/Library/Developer/Xcode/DerivedData/VoiceReader-bvwdbkwbpbgbfcglgmbytagthmuj/Build/Intermediates.noindex/ArchiveIntermediates/VoiceReader/IntermediateBuildFilesPath/VoiceReader.build/Release-iphoneos/ActionExtension.build/Objects-normal/arm64/ActionExtension-OutputFileMap.json -use-frontend-parseable-output -save-temps -no-color-diagnostics -explicit-module-build -module-cache-path /Users/runner/Library/Developer/Xcode/DerivedData/VoiceReader-bvwdbkwbpbgbfcglgmbytagthmuj/Build/Intermediates.noindex/ArchiveIntermediates/VoiceReader/IntermediateBuildFilesPath/SwiftExplicitPrecompiledModules -clang-scanner-module-cache-path /Users/runner/Library/Developer/Xcode/DerivedData/ModuleCache.noindex -sdk-module-cache-path /Users/runner/Library/Developer/Xcode/DerivedData/ModuleCache.noindex -serialize-diagnostics -emit-dependencies -emit-module -emit-module-path /Users/runner/Library/Developer/Xcode/DerivedData/VoiceReader-bvwdbkwbpbgbfcglgmbytagthmuj/Build/Intermediates.noindex/ArchiveIntermediates/VoiceReader/IntermediateBuildFilesPath/VoiceReader.build/Release-iphoneos/ActionExtension.build/Objects-normal/arm64/ActionExtension.swiftmodule -validate-clang-modules-once -clang-build-session-file /Users/runner/Library/Developer/Xcode/DerivedData/ModuleCache.noindex/Session.modulevalidation -Xcc -I/Users/runner/Library/Developer/Xcode/DerivedData/VoiceReader-bvwdbkwbpbgbfcglgmbytagthmuj/Build/Intermediates.noindex/ArchiveIntermediates/VoiceReader/IntermediateBuildFilesPath/VoiceReader.build/Release-iphoneos/ActionExtension.build/swift-overrides.hmap -emit-const-values -Xfrontend -const-gather-protocols-file -Xfrontend /Users/runner/Library/Developer/Xcode/DerivedData/VoiceReader-bvwdbkwbpbgbfcglgmbytagthmuj/Build/Intermediates.noindex/ArchiveIntermediates/VoiceReader/IntermediateBuildFilesPath/VoiceReader.build/Release-iphoneos/ActionExtension.build/Objects-normal/arm64/ActionExtension_const_extract_protocols.json -Xcc -iquote -Xcc /Users/runner/Library/Developer/Xcode/DerivedData/VoiceReader-bvwdbkwbpbgbfcglgmbytagthmuj/Build/Intermediates.noindex/ArchiveIntermediates/VoiceReader/IntermediateBuildFilesPath/VoiceReader.build/Release-iphoneos/ActionExtension.build/ActionExtension-generated-files.hmap -Xcc -I/Users/runner/Library/Developer/Xcode/DerivedData/VoiceReader-bvwdbkwbpbgbfcglgmbytagthmuj/Build/Intermediates.noindex/ArchiveIntermediates/VoiceReader/IntermediateBuildFilesPath/VoiceReader.build/Release-iphoneos/ActionExtension.build/ActionExtension-own-target-headers.hmap -Xcc -I/Users/runner/Library/Developer/Xcode/DerivedData/VoiceReader-bvwdbkwbpbgbfcglgmbytagthmuj/Build/Intermediates.noindex/ArchiveIntermediates/VoiceReader/IntermediateBuildFilesPath/VoiceReader.build/Release-iphoneos/ActionExtension.build/ActionExtension-all-non-framework-target-headers.hmap -Xcc -ivfsoverlay -Xcc /Users/runner/Library/Developer/Xcode/DerivedData/VoiceReader-bvwdbkwbpbgbfcglgmbytagthmuj/Build/Intermediates.noindex/ArchiveIntermediates/VoiceReader/IntermediateBuildFilesPath/VoiceReader.build/Release-iphoneos/VoiceReader-830d9596576bdeff74835997051ea29d-VFS-iphoneos/all-product-headers.yaml -Xcc -iquote -Xcc /Users/runner/Library/Developer/Xcode/DerivedData/VoiceReader-bvwdbkwbpbgbfcglgmbytagthmuj/Build/Intermediates.noindex/ArchiveIntermediates/VoiceReader/IntermediateBuildFilesPath/VoiceReader.build/Release-iphoneos/ActionExtension.build/ActionExtension-project-headers.hmap -Xcc -I/Users/runner/Library/Developer/Xcode/DerivedData/VoiceReader-bvwdbkwbpbgbfcglgmbytagthmuj/SourcePackages/checkouts/swift-ogg/Sources/SupportingFiles/Dependencies/Copustools/include -Xcc -I/Users/runner/Library/Developer/Xcode/DerivedData/VoiceReader-bvwdbkwbpbgbfcglgmbytagthmuj/Build/Intermediates.noindex/ArchiveIntermediates/VoiceReader/BuildProductsPath/Release-iphoneos/include -Xcc -I/Users/runner/Library/Developer/Xcode/DerivedData/VoiceReader-bvwdbkwbpbgbfcglgmbytagthmuj/Build/Intermediates.noindex/ArchiveIntermediates/VoiceReader/IntermediateBuildFilesPath/VoiceReader.build/Release-iphoneos/ActionExtension.build/DerivedSources-normal/arm64 -Xcc -I/Users/runner/Library/Developer/Xcode/DerivedData/VoiceReader-bvwdbkwbpbgbfcglgmbytagthmuj/Build/Intermediates.noindex/ArchiveIntermediates/VoiceReader/IntermediateBuildFilesPath/VoiceReader.build/Release-iphoneos/ActionExtension.build/DerivedSources/arm64 -Xcc -I/Users/runner/Library/Developer/Xcode/DerivedData/VoiceReader-bvwdbkwbpbgbfcglgmbytagthmuj/Build/Intermediates.noindex/ArchiveIntermediates/VoiceReader/IntermediateBuildFilesPath/VoiceReader.build/Release-iphoneos/ActionExtension.build/DerivedSources -emit-objc-header -emit-objc-header-path /Users/runner/Library/Developer/Xcode/DerivedData/VoiceReader-bvwdbkwbpbgbfcglgmbytagthmuj/Build/Intermediates.noindex/ArchiveIntermediates/VoiceReader/IntermediateBuildFilesPath/VoiceReader.build/Release-iphoneos/ActionExtension.build/Objects-normal/arm64/ActionExtension-Swift.h -working-directory /Users/runner/work/voice-message-reader/voice-message-reader -no-emit-module-separately-wmo

ProcessInfoPlistFile /Users/runner/Library/Developer/Xcode/DerivedData/VoiceReader-bvwdbkwbpbgbfcglgmbytagthmuj/Build/Intermediates.noindex/ArchiveIntermediates/VoiceReader/IntermediateBuildFilesPath/UninstalledProducts/iphoneos/ShareExtension.appex/Info.plist /Users/runner/work/voice-message-reader/voice-message-reader/ShareExtension/Info.plist (in target 'ShareExtension' from project 'VoiceReader')
    cd /Users/runner/work/voice-message-reader/voice-message-reader
    builtin-infoPlistUtility /Users/runner/work/voice-message-reader/voice-message-reader/ShareExtension/Info.plist -producttype com.apple.product-type.app-extension -expandbuildsettings -format binary -platform iphoneos -requiredArchitecture arm64 -o /Users/runner/Library/Developer/Xcode/DerivedData/VoiceReader-bvwdbkwbpbgbfcglgmbytagthmuj/Build/Intermediates.noindex/ArchiveIntermediates/VoiceReader/IntermediateBuildFilesPath/UninstalledProducts/iphoneos/ShareExtension.appex/Info.plist

ProcessInfoPlistFile /Users/runner/Library/Developer/Xcode/DerivedData/VoiceReader-bvwdbkwbpbgbfcglgmbytagthmuj/Build/Intermediates.noindex/ArchiveIntermediates/VoiceReader/IntermediateBuildFilesPath/UninstalledProducts/iphoneos/ActionExtension.appex/Info.plist /Users/runner/work/voice-message-reader/voice-message-reader/ActionExtension/Info.plist (in target 'ActionExtension' from project 'VoiceReader')
    cd /Users/runner/work/voice-message-reader/voice-message-reader
    builtin-infoPlistUtility /Users/runner/work/voice-message-reader/voice-message-reader/ActionExtension/Info.plist -producttype com.apple.product-type.app-extension -expandbuildsettings -format binary -platform iphoneos -requiredArchitecture arm64 -o /Users/runner/Library/Developer/Xcode/DerivedData/VoiceReader-bvwdbkwbpbgbfcglgmbytagthmuj/Build/Intermediates.noindex/ArchiveIntermediates/VoiceReader/IntermediateBuildFilesPath/UninstalledProducts/iphoneos/ActionExtension.appex/Info.plist

SwiftExplicitDependencyGeneratePcm arm64 /Users/runner/Library/Developer/Xcode/DerivedData/ModuleCache.noindex/AVFAudio-3FWPQHSSI3YLKQ9PFPTNS2PF0.pcm

SwiftExplicitDependencyGeneratePcm arm64 /Users/runner/Library/Developer/Xcode/DerivedData/ModuleCache.noindex/MediaToolbox-24T5Q2XGPOCG36OV1CT9U9L2L.pcm

AppIntentsSSUTraining (in target 'VoiceReaderWidget' from project 'VoiceReader')
    cd /Users/runner/work/voice-message-reader/voice-message-reader
    /Applications/Xcode_26.0.1.app/Contents/Developer/Toolchains/XcodeDefault.xctoolchain/usr/bin/appintentsnltrainingprocessor --infoplist-path /Users/runner/Library/Developer/Xcode/DerivedData/VoiceReader-bvwdbkwbpbgbfcglgmbytagthmuj/Build/Intermediates.noindex/ArchiveIntermediates/VoiceReader/IntermediateBuildFilesPath/UninstalledProducts/iphoneos/VoiceReaderWidget.appex/Info.plist --temp-dir-path /Users/runner/Library/Developer/Xcode/DerivedData/VoiceReader-bvwdbkwbpbgbfcglgmbytagthmuj/Build/Intermediates.noindex/ArchiveIntermediates/VoiceReader/IntermediateBuildFilesPath/VoiceReader.build/Release-iphoneos/VoiceReaderWidget.build/ssu --bundle-id com.noorulain.voicereader.widget --product-path /Users/runner/Library/Developer/Xcode/DerivedData/VoiceReader-bvwdbkwbpbgbfcglgmbytagthmuj/Build/Intermediates.noindex/ArchiveIntermediates/VoiceReader/IntermediateBuildFilesPath/UninstalledProducts/iphoneos/VoiceReaderWidget.appex --extracted-metadata-path /Users/runner/Library/Developer/Xcode/DerivedData/VoiceReader-bvwdbkwbpbgbfcglgmbytagthmuj/Build/Intermediates.noindex/ArchiveIntermediates/VoiceReader/IntermediateBuildFilesPath/UninstalledProducts/iphoneos/VoiceReaderWidget.appex/Metadata.appintents --deployment-postprocessing --metadata-file-list /Users/runner/Library/Developer/Xcode/DerivedData/VoiceReader-bvwdbkwbpbgbfcglgmbytagthmuj/Build/Intermediates.noindex/ArchiveIntermediates/VoiceReader/IntermediateBuildFilesPath/VoiceReader.build/Release-iphoneos/VoiceReaderWidget.build/VoiceReaderWidget.DependencyMetadataFileList --archive-ssu-assets
2026-10-03 14:44:15.894 appintentsnltrainingprocessor[3291:13655] Parsing options for appintentsnltrainingprocessor
2026-10-03 14:44:15.895 appintentsnltrainingprocessor[3291:13655] No AppShortcuts found - Skipping.

Strip /Users/runner/Library/Developer/Xcode/DerivedData/VoiceReader-bvwdbkwbpbgbfcglgmbytagthmuj/Build/Intermediates.noindex/ArchiveIntermediates/VoiceReader/IntermediateBuildFilesPath/UninstalledProducts/iphoneos/VoiceReaderWidget.appex/VoiceReaderWidget (in target 'VoiceReaderWidget' from project 'VoiceReader')
    cd /Users/runner/work/voice-message-reader/voice-message-reader
    /Applications/Xcode_26.0.1.app/Contents/Developer/Toolchains/XcodeDefault.xctoolchain/usr/bin/strip -D -x -T /Users/runner/Library/Developer/Xcode/DerivedData/VoiceReader-bvwdbkwbpbgbfcglgmbytagthmuj/Build/Intermediates.noindex/ArchiveIntermediates/VoiceReader/IntermediateBuildFilesPath/UninstalledProducts/iphoneos/VoiceReaderWidget.appex/VoiceReaderWidget

SetOwnerAndGroup runner:staff /Users/runner/Library/Developer/Xcode/DerivedData/VoiceReader-bvwdbkwbpbgbfcglgmbytagthmuj/Build/Intermediates.noindex/ArchiveIntermediates/VoiceReader/IntermediateBuildFilesPath/UninstalledProducts/iphoneos/VoiceReaderWidget.appex (in target 'VoiceReaderWidget' from project 'VoiceReader')
    cd /Users/runner/work/voice-message-reader/voice-message-reader
    /usr/sbin/chown -RH runner:staff /Users/runner/Library/Developer/Xcode/DerivedData/VoiceReader-bvwdbkwbpbgbfcglgmbytagthmuj/Build/Intermediates.noindex/ArchiveIntermediates/VoiceReader/IntermediateBuildFilesPath/UninstalledProducts/iphoneos/VoiceReaderWidget.appex

SetMode u+w,go-w,a+rX /Users/runner/Library/Developer/Xcode/DerivedData/VoiceReader-bvwdbkwbpbgbfcglgmbytagthmuj/Build/Intermediates.noindex/ArchiveIntermediates/VoiceReader/IntermediateBuildFilesPath/UninstalledProducts/iphoneos/VoiceReaderWidget.appex (in target 'VoiceReaderWidget' from project 'VoiceReader')
    cd /Users/runner/work/voice-message-reader/voice-message-reader
    /bin/chmod -RH u+w,go-w,a+rX /Users/runner/Library/Developer/Xcode/DerivedData/VoiceReader-bvwdbkwbpbgbfcglgmbytagthmuj/Build/Intermediates.noindex/ArchiveIntermediates/VoiceReader/IntermediateBuildFilesPath/UninstalledProducts/iphoneos/VoiceReaderWidget.appex

CodeSign /Users/runner/Library/Developer/Xcode/DerivedData/VoiceReader-bvwdbkwbpbgbfcglgmbytagthmuj/Build/Intermediates.noindex/ArchiveIntermediates/VoiceReader/IntermediateBuildFilesPath/UninstalledProducts/iphoneos/VoiceReaderWidget.appex (in target 'VoiceReaderWidget' from project 'VoiceReader')
    cd /Users/runner/work/voice-message-reader/voice-message-reader
    
    Signing Identity:     "Apple Development: Created via API (5SND3RFSYB)"
    Provisioning Profile: "iOS Team Provisioning Profile: com.noorulain.voicereader.widget"
                          (37c2b0d4-2ccd-47c6-9340-3eb24302bba7)
    
    /usr/bin/codesign --force --sign 4106A9D45955CE6DFE2CAAF55087A7B2770978E5 --entitlements /Users/runner/Library/Developer/Xcode/DerivedData/VoiceReader-bvwdbkwbpbgbfcglgmbytagthmuj/Build/Intermediates.noindex/ArchiveIntermediates/VoiceReader/IntermediateBuildFilesPath/VoiceReader.build/Release-iphoneos/VoiceReaderWidget.build/VoiceReaderWidget.appex.xcent --generate-entitlement-der /Users/runner/Library/Developer/Xcode/DerivedData/VoiceReader-bvwdbkwbpbgbfcglgmbytagthmuj/Build/Intermediates.noindex/ArchiveIntermediates/VoiceReader/IntermediateBuildFilesPath/UninstalledProducts/iphoneos/VoiceReaderWidget.appex

SwiftExplicitDependencyGeneratePcm arm64 /Users/runner/Library/Developer/Xcode/DerivedData/ModuleCache.noindex/AVFoundation-DODQ0FC5UF3VZC9S507UQ9YQP.pcm

RegisterExecutionPolicyException /Users/runner/Library/Developer/Xcode/DerivedData/VoiceReader-bvwdbkwbpbgbfcglgmbytagthmuj/Build/Intermediates.noindex/ArchiveIntermediates/VoiceReader/IntermediateBuildFilesPath/UninstalledProducts/iphoneos/VoiceReaderWidget.appex (in target 'VoiceReaderWidget' from project 'VoiceReader')
    cd /Users/runner/work/voice-message-reader/voice-message-reader
    builtin-RegisterExecutionPolicyException /Users/runner/Library/Developer/Xcode/DerivedData/VoiceReader-bvwdbkwbpbgbfcglgmbytagthmuj/Build/Intermediates.noindex/ArchiveIntermediates/VoiceReader/IntermediateBuildFilesPath/UninstalledProducts/iphoneos/VoiceReaderWidget.appex

Touch /Users/runner/Library/Developer/Xcode/DerivedData/VoiceReader-bvwdbkwbpbgbfcglgmbytagthmuj/Build/Intermediates.noindex/ArchiveIntermediates/VoiceReader/IntermediateBuildFilesPath/UninstalledProducts/iphoneos/VoiceReaderWidget.appex (in target 'VoiceReaderWidget' from project 'VoiceReader')
    cd /Users/runner/work/voice-message-reader/voice-message-reader
    /usr/bin/touch -c /Users/runner/Library/Developer/Xcode/DerivedData/VoiceReader-bvwdbkwbpbgbfcglgmbytagthmuj/Build/Intermediates.noindex/ArchiveIntermediates/VoiceReader/IntermediateBuildFilesPath/UninstalledProducts/iphoneos/VoiceReaderWidget.appex

SwiftExplicitDependencyGeneratePcm arm64 /Users/runner/Library/Developer/Xcode/DerivedData/ModuleCache.noindex/Speech-3HKPQMPZ41NMON8IV692RIR3J.pcm

SwiftCompile normal arm64 Compiling\ AIHelper.swift,\ AppGroup.swift,\ AudioPrep.swift,\ Exporter.swift,\ LanguagePicker.swift,\ Models.swift,\ Pipeline.swift,\ ProStatus.swift,\ ShareView.swift,\ ShareViewController.swift,\ Theme.swift,\ Transcriber.swift /Users/runner/work/voice-message-reader/voice-message-reader/Shared/AIHelper.swift /Users/runner/work/voice-message-reader/voice-message-reader/Shared/AppGroup.swift /Users/runner/work/voice-message-reader/voice-message-reader/Shared/AudioPrep.swift /Users/runner/work/voice-message-reader/voice-message-reader/Shared/Exporter.swift /Users/runner/work/voice-message-reader/voice-message-reader/Shared/LanguagePicker.swift /Users/runner/work/voice-message-reader/voice-message-reader/Shared/Models.swift /Users/runner/work/voice-message-reader/voice-message-reader/Shared/Pipeline.swift /Users/runner/work/voice-message-reader/voice-message-reader/Shared/ProStatus.swift /Users/runner/work/voice-message-reader/voice-message-reader/ShareExtension/ShareView.swift /Users/runner/work/voice-message-reader/voice-message-reader/ShareExtension/ShareViewController.swift /Users/runner/work/voice-message-reader/voice-message-reader/Shared/Theme.swift /Users/runner/work/voice-message-reader/voice-message-reader/Shared/Transcriber.swift /Applications/Xcode_26.0.1.app/Contents/Developer/Toolchains/XcodeDefault.xctoolchain/usr/lib/swift/iphoneos/prebuilt-modules/26.0/Network.swiftmodule/arm64e-apple-ios.swiftmodule /Applications/Xcode_26.0.1.app/Contents/Developer/Toolchains/XcodeDefault.xctoolchain/usr/lib/swift/iphoneos/prebuilt-modules/26.0/Foundation.swiftmodule/arm64e-apple-ios.swiftmodule /Applications/Xcode_26.0.1.app/Contents/Developer/Toolchains/XcodeDefault.xctoolchain/usr/lib/swift/iphoneos/prebuilt-modules/26.0/CoreAudio.swiftmodule/arm64e-apple-ios.swiftmodule /Applications/Xcode_26.0.1.app/Contents/Developer/Toolchains/XcodeDefault.xctoolchain/usr/lib/swift/iphoneos/prebuilt-modules/26.0/AudioToolbox.swiftmodule/arm64e-apple-ios.swiftmodule /Applications/Xcode_26.0.1.app/Contents/Developer/Toolchains/XcodeDefault.xctoolchain/usr/lib/swift/iphoneos/prebuilt-modules/26.0/Observation.swiftmodule/arm64e-apple-ios.swiftmodule /Applications/Xcode_26.0.1.app/Contents/Developer/Toolchains/XcodeDefault.xctoolchain/usr/lib/swift/iphoneos/prebuilt-modules/26.0/StoreKit.swiftmodule/arm64e-apple-ios.swiftmodule /Applications/Xcode_26.0.1.app/Contents/Developer/Toolchains/XcodeDefault.xctoolchain/usr/lib/swift/iphoneos/prebuilt-modules/26.0/DataDetection.swiftmodule/arm64e-apple-ios.swiftmodule /Applications/Xcode_26.0.1.app/Contents/Developer/Toolchains/XcodeDefault.xctoolchain/usr/lib/swift/iphoneos/prebuilt-modules/26.0/_DarwinFoundation1.swiftmodule/arm64e-apple-ios.swiftmodule /Applications/Xcode_26.0.1.app/Contents/Developer/Toolchains/XcodeDefault.xctoolchain/usr/lib/swift/iphoneos/prebuilt-modules/26.0/CoreText.swiftmodule/arm64e-apple-ios.swiftmodule /Applications/Xcode_26.0.1.app/Contents/Developer/Toolchains/XcodeDefault.xctoolchain/usr/lib/swift/iphoneos/prebuilt-modules/26.0/_StringProcessing.swiftmodule/arm64e-apple-ios.swiftmodule /Applications/Xcode_26.0.1.app/Contents/Developer/Toolchains/XcodeDefault.xctoolchain/usr/lib/swift/iphoneos/prebuilt-modules/26.0/FileProvider.swiftmodule/arm64e-apple-ios.swiftmodule /Users/runner/Library/Developer/Xcode/DerivedData/VoiceReader-bvwdbkwbpbgbfcglgmbytagthmuj/Build/Intermediates.noindex/ArchiveIntermediates/VoiceReader/BuildProductsPath/Release-iphoneos/SwiftOGG.swiftmodule/arm64-apple-ios.swiftmodule /Applications/Xcode_26.0.1.app/Contents/Developer/Toolchains/XcodeDefault.xctoolchain/usr/lib/swift/iphoneos/prebuilt-modules/26.0/_DarwinFoundation3.swiftmodule/arm64e-apple-ios.swiftmodule /Applications/Xcode_26.0.1.app/Contents/Developer/Toolchains/XcodeDefault.xctoolchain/usr/lib/swift/iphoneos/prebuilt-modules/26.0/UniformTypeIdentifiers.swiftmodule/arm64e-apple-ios.swiftmodule /Applications/Xcode_26.0.1.app/Contents/Developer/Toolchains/XcodeDefault.xctoolchain/usr/lib/swift/iphoneos/prebuilt-modules/26.0/Spatial.swiftmodule/arm64e-apple-ios.swiftmodule /Applications/Xcode_26.0.1.app/Contents/Developer/Toolchains/XcodeDefault.xctoolchain/usr/lib/swift/iphoneos/prebuilt-modules/26.0/CoreMIDI.swiftmodule/arm64e-apple-ios.swiftmodule /Applications/Xcode_26.0.1.app/Contents/Developer/Toolchains/XcodeDefault.xctoolchain/usr/lib/swift/iphoneos/prebuilt-modules/26.0/CoreData.swiftmodule/arm64e-apple-ios.swiftmodule /Applications/Xcode_26.0.1.app/Contents/Developer/Toolchains/XcodeDefault.xctoolchain/usr/lib/swift/iphoneos/prebuilt-modules/26.0/CoreImage.swiftmodule/arm64e-apple-ios.swiftmodule /Applications/Xcode_26.0.1.app/Contents/Developer/Toolchains/XcodeDefault.xctoolchain/usr/lib/swift/iphoneos/prebuilt-modules/26.0/Combine.swiftmodule/arm64e-apple-ios.swiftmodule /Applications/Xcode_26.0.1.app/Contents/Developer/Toolchains/XcodeDefault.xctoolchain/usr/lib/swift/iphoneos/prebuilt-modules/26.0/NaturalLanguage.swiftmodule/arm64e-apple-ios.swiftmodule /Applications/Xcode_26.0.1.app/Contents/Developer/Toolchains/XcodeDefault.xctoolchain/usr/lib/swift/iphoneos/prebuilt-modules/26.0/_Concurrency.swiftmodule/arm64e-apple-ios.swiftmodule /Applications/Xcode_26.0.1.app/Contents/Developer/Toolchains/XcodeDefault.xctoolchain/usr/lib/swift/iphoneos/prebuilt-modules/26.0/Speech.swiftmodule/arm64e-apple-ios.swiftmodule /Applications/Xcode_26.0.1.app/Contents/Developer/Toolchains/XcodeDefault.xctoolchain/usr/lib/swift/iphoneos/prebuilt-modules/26.0/QuartzCore.swiftmodule/arm64e-apple-ios.swiftmodule /Applications/Xcode_26.0.1.app/Contents/Developer/Toolchains/XcodeDefault.xctoolchain/usr/lib/swift/iphoneos/prebuilt-modules/26.0/Accessibility.swiftmodule/arm64e-apple-ios.swiftmodule /Applications/Xcode_26.0.1.app/Contents/Developer/Toolchains/XcodeDefault.xctoolchain/usr/lib/swift/iphoneos/prebuilt-modules/26.0/_DarwinFoundation2.swiftmodule/arm64e-apple-ios.swiftmodule /Applications/Xcode_26.0.1.app/Contents/Developer/Toolchains/XcodeDefault.xctoolchain/usr/lib/swift/iphoneos/prebuilt-modules/26.0/Metal.swiftmodule/arm64e-apple-ios.swiftmodule /Applications/Xcode_26.0.1.app/Contents/Developer/Toolchains/XcodeDefault.xctoolchain/usr/lib/swift/iphoneos/prebuilt-modules/26.0/FoundationModels.swiftmodule/arm64e-apple-ios.swiftmodule /Applications/Xcode_26.0.1.app/Contents/Developer/Toolchains/XcodeDefault.xctoolchain/usr/lib/swift/iphoneos/prebuilt-modules/26.0/OSLog.swiftmodule/arm64e-apple-ios.swiftmodule /Applications/Xcode_26.0.1.app/Contents/Developer/Toolchains/XcodeDefault.xctoolchain/usr/lib/swift/iphoneos/prebuilt-modules/26.0/CoreFoundation.swiftmodule/arm64e-apple-ios.swiftmodule /Applications/Xcode_26.0.1.app/Contents/Developer/Toolchains/XcodeDefault.xctoolchain/usr/lib/swift/iphoneos/prebuilt-modules/26.0/CoreMedia.swiftmodule/arm64e-apple-ios.swiftmodule /Applications/Xcode_26.0.1.app/Contents/Developer/Toolchains/XcodeDefault.xctoolchain/usr/lib/swift/iphoneos/prebuilt-modules/26.0/SwiftUICore.swiftmodule/arm64e-apple-ios.swiftmodule /Applications/Xcode_26.0.1.app/Contents/Developer/Toolchains/XcodeDefault.xctoolchain/usr/lib/swift/iphoneos/prebuilt-modules/26.0/_Builtin_float.swiftmodule/arm64e-apple-ios.swiftmodule /Applications/Xcode_26.0.1.app/Contents/Developer/Toolchains/XcodeDefault.xctoolchain/usr/lib/swift/iphoneos/prebuilt-modules/26.0/Swift.swiftmodule/arm64e-apple-ios.swiftmodule /Applications/Xcode_26.0.1.app/Contents/Developer/Toolchains/XcodeDefault.xctoolchain/usr/lib/swift/iphoneos/prebuilt-modules/26.0/simd.swiftmodule/arm64e-apple-ios.swiftmodule /Applications/Xcode_26.0.1.app/Contents/Developer/Toolchains/XcodeDefault.xctoolchain/usr/lib/swift/iphoneos/prebuilt-modules/26.0/DeveloperToolsSupport.swiftmodule/arm64e-apple-ios.swiftmodule /Applications/Xcode_26.0.1.app/Contents/Developer/Toolchains/XcodeDefault.xctoolchain/usr/lib/swift/iphoneos/prebuilt-modules/26.0/XPC.swiftmodule/arm64e-apple-ios.swiftmodule /Applications/Xcode_26.0.1.app/Contents/Developer/Toolchains/XcodeDefault.xctoolchain/usr/lib/swift/iphoneos/prebuilt-modules/26.0/Darwin.swiftmodule/arm64e-apple-ios.swiftmodule /Applications/Xcode_26.0.1.app/Contents/Developer/Toolchains/XcodeDefault.xctoolchain/usr/lib/swift/iphoneos/prebuilt-modules/26.0/Distributed.swiftmodule/arm64e-apple-ios.swiftmodule /Applications/Xcode_26.0.1.app/Contents/Developer/Toolchains/XcodeDefault.xctoolchain/usr/lib/swift/iphoneos/prebuilt-modules/26.0/SwiftUI.swiftmodule/arm64e-apple-ios.swiftmodule /Applications/Xcode_26.0.1.app/Contents/Developer/Toolchains/XcodeDefault.xctoolchain/usr/lib/swift/iphoneos/prebuilt-modules/26.0/CoreTransferable.swiftmodule/arm64e-apple-ios.swiftmodule /Applications/Xcode_26.0.1.app/Contents/Developer/Toolchains/XcodeDefault.xctoolchain/usr/lib/swift/iphoneos/prebuilt-modules/26.0/BackgroundAssets.swiftmodule/arm64e-apple-ios.swiftmodule /Applications/Xcode_26.0.1.app/Contents/Developer/Toolchains/XcodeDefault.xctoolchain/usr/lib/swift/iphoneos/prebuilt-modules/26.0/CryptoKit.swiftmodule/arm64e-apple-ios.swiftmodule /Applications/Xcode_26.0.1.app/Contents/Developer/Toolchains/XcodeDefault.xctoolchain/usr/lib/swift/iphoneos/prebuilt-modules/26.0/ObjectiveC.swiftmodule/arm64e-apple-ios.swiftmodule /Applications/Xcode_26.0.1.app/Contents/Developer/Toolchains/XcodeDefault.xctoolchain/usr/lib/swift/iphoneos/prebuilt-modules/26.0/UIKit.swiftmodule/arm64e-apple-ios.swiftmodule /Applications/Xcode_26.0.1.app/Contents/Developer/Toolchains/XcodeDefault.xctoolchain/usr/lib/swift/iphoneos/prebuilt-modules/26.0/os.swiftmodule/arm64e-apple-ios.swiftmodule /Applications/Xcode_26.0.1.app/Contents/Developer/Toolchains/XcodeDefault.xctoolchain/usr/lib/swift/iphoneos/prebuilt-modules/26.0/ExtensionFoundation.swiftmodule/arm64e-apple-ios.swiftmodule /Applications/Xcode_26.0.1.app/Contents/Developer/Toolchains/XcodeDefault.xctoolchain/usr/lib/swift/iphoneos/prebuilt-modules/26.0/Dispatch.swiftmodule/arm64e-apple-ios.swiftmodule /Applications/Xcode_26.0.1.app/Contents/Developer/Toolchains/XcodeDefault.xctoolchain/usr/lib/swift/iphoneos/prebuilt-modules/26.0/AVFAudio.swiftmodule/arm64e-apple-ios.swiftmodule /Applications/Xcode_26.0.1.app/Contents/Developer/Toolchains/XcodeDefault.xctoolchain/usr/lib/swift/iphoneos/prebuilt-modules/26.0/Symbols.swiftmodule/arm64e-apple-ios.swiftmodule /Applications/Xcode_26.0.1.app/Contents/Developer/Toolchains/XcodeDefault.xctoolchain/usr/lib/swift/iphoneos/prebuilt-modules/26.0/CoreVideo.swiftmodule/arm64e-apple-ios.swiftmodule /Applications/Xcode_26.0.1.app/Contents/Developer/Toolchains/XcodeDefault.xctoolchain/usr/lib/swift/iphoneos/prebuilt-modules/26.0/LocalAuthentication.swiftmodule/arm64e-apple-ios.swiftmodule /Applications/Xcode_26.0.1.app/Contents/Developer/Toolchains/XcodeDefault.xctoolchain/usr/lib/swift/iphoneos/prebuilt-modules/26.0/AVFoundation.swiftmodule/arm64e-apple-ios.swiftmodule /Applications/Xcode_26.0.1.app/Contents/Developer/Toolchains/XcodeDefault.xctoolchain/usr/lib/swift/iphoneos/prebuilt-modules/26.0/CoreGraphics.swiftmodule/arm64e-apple-ios.swiftmodule /Applications/Xcode_26.0.1.app/Contents/Developer/Toolchains/XcodeDefault.xctoolchain/usr/lib/swift/iphoneos/prebuilt-modules/26.0/Synchronization.swiftmodule/arm64e-apple-ios.swiftmodule /Applications/Xcode_26.0.1.app/Contents/Developer/Toolchains/XcodeDefault.xctoolchain/usr/lib/swift/iphoneos/prebuilt-modules/26.0/System.swiftmodule/arm64e-apple-ios.swiftmodule /Users/runner/Library/Developer/Xcode/DerivedData/ModuleCache.noindex/_Builtin_stdint-2JMS4AGPKA1ZATD7I7X3I6QBN.pcm /Users/runner/Library/Developer/Xcode/DerivedData/ModuleCache.noindex/_Builtin_stdatomic-F1PGA3BEFM4ZT2QIWLNRYMMTV.pcm /Users/runner/Library/Developer/Xcode/DerivedData/ModuleCache.noindex/OpenGLES-73PNM92E1EV6F7813FNIZQH29.pcm /Users/runner/Library/Developer/Xcode/DerivedData/VoiceReader-bvwdbkwbpbgbfcglgmbytagthmuj/Build/Intermediates.noindex/ArchiveIntermediates/VoiceReader/IntermediateBuildFilesPath/SwiftExplicitPrecompiledModules/Copustools-1JSOT3UTOEGY7CS6ASTFNESJ3.pcm /Users/runner/Library/Developer/Xcode/DerivedData/ModuleCache.noindex/UserNotifications-BVV3T146G6CYTRI7MREIZZ1V2.pcm /Users/runner/Library/Developer/Xcode/DerivedData/ModuleCache.noindex/CoreData-3N82X5H3KP0BYU9O9LZ74Z78B.pcm /Users/runner/Library/Developer/Xcode/DerivedData/ModuleCache.noindex/CoreMIDI-COJVVLVUD2HY1FCNA2U4FSHON.pcm /Users/runner/Library/Developer/Xcode/DerivedData/ModuleCache.noindex/dnssd-9LQ7I6916YJN3GQSRPNV5QARH.pcm /Users/runner/Library/Developer/Xcode/DerivedData/ModuleCache.noindex/ExtensionFoundation-D6KNNXNA06K8C82HVYMTC4UER.pcm /Users/runner/Library/Developer/Xcode/DerivedData/ModuleCache.noindex/os-4JXH7Q5AX7EFV8NUFGJQ6DY6H.pcm /Users/runner/Library/Developer/Xcode/DerivedData/ModuleCache.noindex/Symbols-CTZPK5U4FJ4KLVKBY0UZFL86Y.pcm /Users/runner/Library/Developer/Xcode/DerivedData/ModuleCache.noindex/Metal-55OVH4QBFRTFHRHWNHC3JYU68.pcm /Users/runner/Library/Developer/Xcode/DerivedData/ModuleCache.noindex/StoreKit-6Q3EPT63FN41IEGIYBYHRMB63.pcm /Users/runner/Library/Developer/Xcode/DerivedData/ModuleCache.noindex/SwiftUICore-7YNNUDYXXVZDBHN5RNTTQ5COM.pcm /Users/runner/Library/Developer/Xcode/DerivedData/ModuleCache.noindex/DataDetection-TVIMRJOPADK3HMFW7J6N2VY7.pcm /Users/runner/Library/Developer/Xcode/DerivedData/ModuleCache.noindex/DeveloperToolsSupport-EICV5YU2S2SX2AVRP2GTQZ1RQ.pcm /Users/runner/Library/Developer/Xcode/DerivedData/ModuleCache.noindex/os_workgroup-3K90UTB5RXHQN8GRX4YJXRAEK.pcm /Users/runner/Library/Developer/Xcode/DerivedData/ModuleCache.noindex/Dispatch-29K33OS41KY3TD12V3FP0F6AM.pcm /Users/runner/Library/Developer/Xcode/DerivedData/ModuleCache.noindex/CoreAudioTypes-7VX3UYX0Z9F7WHCIYO3KQ9PYQ.pcm /Users/runner/Library/Developer/Xcode/DerivedData/ModuleCache.noindex/CFNetwork-22PJ5MJ78JISPOM2BQ0VLKTOA.pcm /Users/runner/Library/Developer/Xcode/DerivedData/ModuleCache.noindex/sys_types-1VWP43TRUIJ5QO1W1PZC5JVTG.pcm /Users/runner/Library/Developer/Xcode/DerivedData/ModuleCache.noindex/AVFoundation-DODQ0FC5UF3VZC9S507UQ9YQP.pcm /Users/runner/Library/Developer/Xcode/DerivedData/ModuleCache.noindex/NaturalLanguage-83XOVGX1AUQGM3IPNR9D1SWE4.pcm /Users/runner/Library/Developer/Xcode/DerivedData/ModuleCache.noindex/_Builtin_float-286J9KS05IJGDQ7G2DNB17YYM.pcm /Users/runner/Library/Developer/Xcode/DerivedData/ModuleCache.noindex/AVFAudio-3FWPQHSSI3YLKQ9PFPTNS2PF0.pcm /Users/runner/Library/Developer/Xcode/DerivedData/ModuleCache.noindex/_Builtin_tgmath-79PZZURZ3D25EE6E4XULR8HUH.pcm /Users/runner/Library/Developer/Xcode/DerivedData/VoiceReader-bvwdbkwbpbgbfcglgmbytagthmuj/Build/Intermediates.noindex/ArchiveIntermediates/VoiceReader/IntermediateBuildFilesPath/SwiftExplicitPrecompiledModules/YbridOpus-2HOOSTMXVQ0LKKJQDNHMYJCGR.pcm /Users/runner/Library/Developer/Xcode/DerivedData/ModuleCache.noindex/SwiftShims-8UNGSFMGRDX0OK3UWGWZZ5884.pcm /Users/runner/Library/Developer/Xcode/DerivedData/ModuleCache.noindex/_DarwinFoundation3-GU1BF5G49LXQ54PWRZ30117B.pcm /Users/runner/Library/Developer/Xcode/DerivedData/ModuleCache.noindex/_DarwinFoundation1-C1ZDKFE06JLI4305DG328EUC.pcm /Users/runner/Library/Developer/Xcode/DerivedData/ModuleCache.noindex/_AvailabilityInternal-ANQ6HTPN039SIEFLWVSJDRGFB.pcm /Users/runner/Library/Developer/Xcode/DerivedData/ModuleCache.noindex/BackgroundAssets-8J17UFBSTS9Q6A6U6OZKV9L7W.pcm /Users/runner/Library/Developer/Xcode/DerivedData/ModuleCache.noindex/Foundation-44F7XYD94LLDPU3OPOG21CU5L.pcm /Users/runner/Library/Developer/Xcode/DerivedData/ModuleCache.noindex/_Builtin_intrinsics-88K2RJQFGUGS2NLI2Q26Y5DX5.pcm /Users/runner/Library/Developer/Xcode/DerivedData/ModuleCache.noindex/AudioToolbox-7ARF06MCPWHLYAYUW2ZSJD64R.pcm /Users/runner/Library/Developer/Xcode/DerivedData/ModuleCache.noindex/_Builtin_stdarg-5Y7U2J7WDBPQUHKV3OEPGMT0T.pcm /Users/runner/Library/Developer/Xcode/DerivedData/ModuleCache.noindex/FileProvider-DIE1ZLLFGWT3NB1NN0CJE8K5T.pcm /Users/runner/Library/Developer/Xcode/DerivedData/ModuleCache.noindex/XPC-A8CU9R1XNMDZYTPQ7PQO4Y9AQ.pcm /Users/runner/Library/Developer/Xcode/DerivedData/ModuleCache.noindex/CoreImage-EQ0JF68BT3Z07TA8N3UTK3NFY.pcm /Users/runner/Library/Developer/Xcode/DerivedData/ModuleCache.noindex/LocalAuthentication-4TPRJPHR34TPPSOE92OHVY5B1.pcm /Users/runner/Library/Developer/Xcode/DerivedData/ModuleCache.noindex/os_object-4WJF195CA9YPQ55K29XFOPHV1.pcm /Users/runner/Library/Developer/Xcode/DerivedData/ModuleCache.noindex/CoreVideo-1OYSTHVY70YL6JQERM0AJOGQE.pcm /Users/runner/Library/Developer/Xcode/DerivedData/ModuleCache.noindex/_DarwinFoundation2-9K6SUJJM4JXWTNLAJHRG21C1C.pcm /Users/runner/Library/Developer/Xcode/DerivedData/ModuleCache.noindex/simd-961IYBAENR6SN8JOIZ7R8U8ES.pcm /Users/runner/Library/Developer/Xcode/DerivedData/ModuleCache.noindex/_Builtin_limits-AFL1WKV755E0AEABR1HJKU2II.pcm /Users/runner/Library/Developer/Xcode/DerivedData/ModuleCache.noindex/CoreFoundation-7QUGA357STDOQ0UW61DLTIP3C.pcm /Users/runner/Library/Developer/Xcode/DerivedData/ModuleCache.noindex/_Builtin_inttypes-552BJQJMJO5GFBC4LNPPQ086L.pcm /Users/runner/Library/Developer/Xcode/DerivedData/ModuleCache.noindex/ImageIO-C7HPYJG8PMW76TG0JWKQWI43O.pcm /Users/runner/Library/Developer/Xcode/DerivedData/ModuleCache.noindex/QuartzCore-ACK15AMOD3I9MROWCDP0VRCD3.pcm /Users/runner/Library/Developer/Xcode/DerivedData/ModuleCache.noindex/ObjectiveC-7T8RE50019R9I403LL4J7RLLU.pcm /Users/runner/Library/Developer/Xcode/DerivedData/ModuleCache.noindex/MachO-3115ASEBJHGXFABIF4C04VLHX.pcm /Users/runner/Library/Developer/Xcode/DerivedData/ModuleCache.noindex/CoreAudio-C0A2W4EXBXH1AF7QGJG5JPDFW.pcm /Users/runner/Library/Developer/Xcode/DerivedData/ModuleCache.noindex/SwiftUI-ER6394IIVGQLL6HMG2246YE98.pcm /Users/runner/Library/Developer/Xcode/DerivedData/ModuleCache.noindex/UIUtilities-6OKSBM3E5UO0TT49EQGKOS8NN.pcm /Users/runner/Library/Developer/Xcode/DerivedData/ModuleCache.noindex/Darwin-DARC555YXRHIRW4719E97K83Z.pcm /Users/runner/Library/Developer/Xcode/DerivedData/ModuleCache.noindex/OSLog-18KAN2BGIP5V4SN331DAHWAIJ.pcm /Users/runner/Library/Developer/Xcode/DerivedData/ModuleCache.noindex/MediaToolbox-24T5Q2XGPOCG36OV1CT9U9L2L.pcm /Users/runner/Library/Developer/Xcode/DerivedData/ModuleCache.noindex/Security-72KAG602GSUFRFCA2KRT8UKXS.pcm /Users/runner/Library/Developer/Xcode/DerivedData/ModuleCache.noindex/CoreText-80LP8RCZPE7T4OL3J0EIB84IK.pcm /Users/runner/Library/Developer/Xcode/DerivedData/ModuleCache.noindex/Network-B6OYS5GLB72YZK88SXNTIOVBX.pcm /Users/runner/Library/Developer/Xcode/DerivedData/ModuleCache.noindex/IOSurface-54X9GTKFTHCM3ZFDH4KVO5HF9.pcm /Users/runner/Library/Developer/Xcode/DerivedData/VoiceReader-bvwdbkwbpbgbfcglgmbytagthmuj/Build/Intermediates.noindex/ArchiveIntermediates/VoiceReader/IntermediateBuildFilesPath/SwiftExplicitPrecompiledModules/YbridOgg-CVKPCYCZU2HZFQCJGUWB5ES5H.pcm /Users/runner/Library/Developer/Xcode/DerivedData/ModuleCache.noindex/ptrcheck-A5EJ08RJOP89FIDENFQ42ADD5.pcm /Users/runner/Library/Developer/Xcode/DerivedData/ModuleCache.noindex/CoreTransferable-SH2P9F1WP463TOX9QOAF1MBO.pcm /Users/runner/Library/Developer/Xcode/DerivedData/ModuleCache.noindex/CoreGraphics-37Y8HPJC9N3GTOFCHXKUQ1YHZ.pcm /Users/runner/Library/Developer/Xcode/DerivedData/ModuleCache.noindex/UniformTypeIdentifiers-DOOWWOTW5DYFGN7QHIDHF8T6Q.pcm /Users/runner/Library/Developer/Xcode/DerivedData/ModuleCache.noindex/_Builtin_stdbool-5YJ9SVPQWMGE40ER4JXZ2OQNK.pcm /Users/runner/Library/Developer/Xcode/DerivedData/ModuleCache.noindex/ptrauth-56T8ITT0OTZ6ELNTBMTOXIOH4.pcm /Users/runner/Library/Developer/Xcode/DerivedData/ModuleCache.noindex/AVRouting-7KTBMKTV102Z1W37IJYEUN3LB.pcm /Users/runner/Library/Developer/Xcode/DerivedData/ModuleCache.noindex/Spatial-DZRF8HQE6LK1DTU0G4ZZRXN6C.pcm /Users/runner/Library/Developer/Xcode/DerivedData/ModuleCache.noindex/_SwiftConcurrencyShims-DTSXCKWLLL7GBI7KBKULYR6TH.pcm /Users/runner/Library/Developer/Xcode/DerivedData/ModuleCache.noindex/UIKit-6Z24CC1V5QR7BL81GB0Y7843M.pcm /Users/runner/Library/Developer/Xcode/DerivedData/ModuleCache.noindex/Accessibility-EB2PJEGZIREWZV3GIBBKKWMP9.pcm /Users/runner/Library/Developer/Xcode/DerivedData/ModuleCache.noindex/Speech-3HKPQMPZ41NMON8IV692RIR3J.pcm /Users/runner/Library/Developer/Xcode/DerivedData/ModuleCache.noindex/_Builtin_stddef-5KI8XVGWF45PF2HM0J6DYHGIS.pcm /Users/runner/Library/Developer/Xcode/DerivedData/ModuleCache.noindex/CoreMedia-C0U2KJM42I8MDW3X1LUU209CS.pcm /Users/runner/Library/Developer/Xcode/DerivedData/VoiceReader-bvwdbkwbpbgbfcglgmbytagthmuj/Build/Intermediates.noindex/ArchiveIntermediates/VoiceReader/IntermediateBuildFilesPath/VoiceReader.build/Release-iphoneos/ShareExtension.build/Objects-normal/arm64/ShareExtension-dependencies-1.json (in target 'ShareExtension' from project 'VoiceReader')

CompileSwift normal arm64 (in target 'ShareExtension' from project 'VoiceReader')
    cd /Users/runner/work/voice-message-reader/voice-message-reader
    

SwiftCompile normal arm64 Compiling\ AIHelper.swift,\ AppGroup.swift,\ AudioPrep.swift,\ Exporter.swift,\ LanguagePicker.swift,\ Models.swift,\ Pipeline.swift,\ ProStatus.swift,\ ShareView.swift,\ ShareViewController.swift,\ Theme.swift,\ Transcriber.swift /Users/runner/work/voice-message-reader/voice-message-reader/Shared/AIHelper.swift /Users/runner/work/voice-message-reader/voice-message-reader/Shared/AppGroup.swift /Users/runner/work/voice-message-reader/voice-message-reader/Shared/AudioPrep.swift /Users/runner/work/voice-message-reader/voice-message-reader/Shared/Exporter.swift /Users/runner/work/voice-message-reader/voice-message-reader/Shared/LanguagePicker.swift /Users/runner/work/voice-message-reader/voice-message-reader/Shared/Models.swift /Users/runner/work/voice-message-reader/voice-message-reader/Shared/Pipeline.swift /Users/runner/work/voice-message-reader/voice-message-reader/Shared/ProStatus.swift /Users/runner/work/voice-message-reader/voice-message-reader/ShareExtension/ShareView.swift /Users/runner/work/voice-message-reader/voice-message-reader/ShareExtension/ShareViewController.swift /Users/runner/work/voice-message-reader/voice-message-reader/Shared/Theme.swift /Users/runner/work/voice-message-reader/voice-message-reader/Shared/Transcriber.swift /Applications/Xcode_26.0.1.app/Contents/Developer/Toolchains/XcodeDefault.xctoolchain/usr/lib/swift/iphoneos/prebuilt-modules/26.0/_DarwinFoundation2.swiftmodule/arm64e-apple-ios.swiftmodule /Applications/Xcode_26.0.1.app/Contents/Developer/Toolchains/XcodeDefault.xctoolchain/usr/lib/swift/iphoneos/prebuilt-modules/26.0/CoreFoundation.swiftmodule/arm64e-apple-ios.swiftmodule /Applications/Xcode_26.0.1.app/Contents/Developer/Toolchains/XcodeDefault.xctoolchain/usr/lib/swift/iphoneos/prebuilt-modules/26.0/UIKit.swiftmodule/arm64e-apple-ios.swiftmodule /Applications/Xcode_26.0.1.app/Contents/Developer/Toolchains/XcodeDefault.xctoolchain/usr/lib/swift/iphoneos/prebuilt-modules/26.0/Dispatch.swiftmodule/arm64e-apple-ios.swiftmodule /Applications/Xcode_26.0.1.app/Contents/Developer/Toolchains/XcodeDefault.xctoolchain/usr/lib/swift/iphoneos/prebuilt-modules/26.0/_StringProcessing.swiftmodule/arm64e-apple-ios.swiftmodule /Applications/Xcode_26.0.1.app/Contents/Developer/Toolchains/XcodeDefault.xctoolchain/usr/lib/swift/iphoneos/prebuilt-modules/26.0/CoreTransferable.swiftmodule/arm64e-apple-ios.swiftmodule /Applications/Xcode_26.0.1.app/Contents/Developer/Toolchains/XcodeDefault.xctoolchain/usr/lib/swift/iphoneos/prebuilt-modules/26.0/Swift.swiftmodule/arm64e-apple-ios.swiftmodule /Applications/Xcode_26.0.1.app/Contents/Developer/Toolchains/XcodeDefault.xctoolchain/usr/lib/swift/iphoneos/prebuilt-modules/26.0/os.swiftmodule/arm64e-apple-ios.swiftmodule /Applications/Xcode_26.0.1.app/Contents/Developer/Toolchains/XcodeDefault.xctoolchain/usr/lib/swift/iphoneos/prebuilt-modules/26.0/Speech.swiftmodule/arm64e-apple-ios.swiftmodule /Applications/Xcode_26.0.1.app/Contents/Developer/Toolchains/XcodeDefault.xctoolchain/usr/lib/swift/iphoneos/prebuilt-modules/26.0/Distributed.swiftmodule/arm64e-apple-ios.swiftmodule /Applications/Xcode_26.0.1.app/Contents/Developer/Toolchains/XcodeDefault.xctoolchain/usr/lib/swift/iphoneos/prebuilt-modules/26.0/_DarwinFoundation1.swiftmodule/arm64e-apple-ios.swiftmodule /Applications/Xcode_26.0.1.app/Contents/Developer/Toolchains/XcodeDefault.xctoolchain/usr/lib/swift/iphoneos/prebuilt-modules/26.0/LocalAuthentication.swiftmodule/arm64e-apple-ios.swiftmodule /Applications/Xcode_26.0.1.app/Contents/Developer/Toolchains/XcodeDefault.xctoolchain/usr/lib/swift/iphoneos/prebuilt-modules/26.0/NaturalLanguage.swiftmodule/arm64e-apple-ios.swiftmodule /Applications/Xcode_26.0.1.app/Contents/Developer/Toolchains/XcodeDefault.xctoolchain/usr/lib/swift/iphoneos/prebuilt-modules/26.0/AVFoundation.swiftmodule/arm64e-apple-ios.swiftmodule /Applications/Xcode_26.0.1.app/Contents/Developer/Toolchains/XcodeDefault.xctoolchain/usr/lib/swift/iphoneos/prebuilt-modules/26.0/_DarwinFoundation3.swiftmodule/arm64e-apple-ios.swiftmodule /Applications/Xcode_26.0.1.app/Contents/Developer/Toolchains/XcodeDefault.xctoolchain/usr/lib/swift/iphoneos/prebuilt-modules/26.0/CoreImage.swiftmodule/arm64e-apple-ios.swiftmodule /Applications/Xcode_26.0.1.app/Contents/Developer/Toolchains/XcodeDefault.xctoolchain/usr/lib/swift/iphoneos/prebuilt-modules/26.0/FileProvider.swiftmodule/arm64e-apple-ios.swiftmodule /Applications/Xcode_26.0.1.app/Contents/Developer/Toolchains/XcodeDefault.xctoolchain/usr/lib/swift/iphoneos/prebuilt-modules/26.0/Synchronization.swiftmodule/arm64e-apple-ios.swiftmodule /Applications/Xcode_26.0.1.app/Contents/Developer/Toolchains/XcodeDefault.xctoolchain/usr/lib/swift/iphoneos/prebuilt-modules/26.0/CoreMedia.swiftmodule/arm64e-apple-ios.swiftmodule /Applications/Xcode_26.0.1.app/Contents/Developer/Toolchains/XcodeDefault.xctoolchain/usr/lib/swift/iphoneos/prebuilt-modules/26.0/CoreVideo.swiftmodule/arm64e-apple-ios.swiftmodule /Applications/Xcode_26.0.1.app/Contents/Developer/Toolchains/XcodeDefault.xctoolchain/usr/lib/swift/iphoneos/prebuilt-modules/26.0/_Concurrency.swiftmodule/arm64e-apple-ios.swiftmodule /Applications/Xcode_26.0.1.app/Contents/Developer/Toolchains/XcodeDefault.xctoolchain/usr/lib/swift/iphoneos/prebuilt-modules/26.0/OSLog.swiftmodule/arm64e-apple-ios.swiftmodule /Applications/Xcode_26.0.1.app/Contents/Developer/Toolchains/XcodeDefault.xctoolchain/usr/lib/swift/iphoneos/prebuilt-modules/26.0/System.swiftmodule/arm64e-apple-ios.swiftmodule /Applications/Xcode_26.0.1.app/Contents/Developer/Toolchains/XcodeDefault.xctoolchain/usr/lib/swift/iphoneos/prebuilt-modules/26.0/DataDetection.swiftmodule/arm64e-apple-ios.swiftmodule /Applications/Xcode_26.0.1.app/Contents/Developer/Toolchains/XcodeDefault.xctoolchain/usr/lib/swift/iphoneos/prebuilt-modules/26.0/FoundationModels.swiftmodule/arm64e-apple-ios.swiftmodule /Applications/Xcode_26.0.1.app/Contents/Developer/Toolchains/XcodeDefault.xctoolchain/usr/lib/swift/iphoneos/prebuilt-modules/26.0/Symbols.swiftmodule/arm64e-apple-ios.swiftmodule /Applications/Xcode_26.0.1.app/Contents/Developer/Toolchains/XcodeDefault.xctoolchain/usr/lib/swift/iphoneos/prebuilt-modules/26.0/StoreKit.swiftmodule/arm64e-apple-ios.swiftmodule /Applications/Xcode_26.0.1.app/Contents/Developer/Toolchains/XcodeDefault.xctoolchain/usr/lib/swift/iphoneos/prebuilt-modules/26.0/QuartzCore.swiftmodule/arm64e-apple-ios.swiftmodule /Applications/Xcode_26.0.1.app/Contents/Developer/Toolchains/XcodeDefault.xctoolchain/usr/lib/swift/iphoneos/prebuilt-modules/26.0/Observation.swiftmodule/arm64e-apple-ios.swiftmodule /Applications/Xcode_26.0.1.app/Contents/Developer/Toolchains/XcodeDefault.xctoolchain/usr/lib/swift/iphoneos/prebuilt-modules/26.0/CoreMIDI.swiftmodule/arm64e-apple-ios.swiftmodule /Applications/Xcode_26.0.1.app/Contents/Developer/Toolchains/XcodeDefault.xctoolchain/usr/lib/swift/iphoneos/prebuilt-modules/26.0/Network.swiftmodule/arm64e-apple-ios.swiftmodule /Applications/Xcode_26.0.1.app/Contents/Developer/Toolchains/XcodeDefault.xctoolchain/usr/lib/swift/iphoneos/prebuilt-modules/26.0/Darwin.swiftmodule/arm64e-apple-ios.swiftmodule /Applications/Xcode_26.0.1.app/Contents/Developer/Toolchains/XcodeDefault.xctoolchain/usr/lib/swift/iphoneos/prebuilt-modules/26.0/Combine.swiftmodule/arm64e-apple-ios.swiftmodule /Applications/Xcode_26.0.1.app/Contents/Developer/Toolchains/XcodeDefault.xctoolchain/usr/lib/swift/iphoneos/prebuilt-modules/26.0/Foundation.swiftmodule/arm64e-apple-ios.swiftmodule /Applications/Xcode_26.0.1.app/Contents/Developer/Toolchains/XcodeDefault.xctoolchain/usr/lib/swift/iphoneos/prebuilt-modules/26.0/Accessibility.swiftmodule/arm64e-apple-ios.swiftmodule /Applications/Xcode_26.0.1.app/Contents/Developer/Toolchains/XcodeDefault.xctoolchain/usr/lib/swift/iphoneos/prebuilt-modules/26.0/SwiftUICore.swiftmodule/arm64e-apple-ios.swiftmodule /Applications/Xcode_26.0.1.app/Contents/Developer/Toolchains/XcodeDefault.xctoolchain/usr/lib/swift/iphoneos/prebuilt-modules/26.0/_Builtin_float.swiftmodule/arm64e-apple-ios.swiftmodule /Applications/Xcode_26.0.1.app/Contents/Developer/Toolchains/XcodeDefault.xctoolchain/usr/lib/swift/iphoneos/prebuilt-modules/26.0/simd.swiftmodule/arm64e-apple-ios.swiftmodule /Applications/Xcode_26.0.1.app/Contents/Developer/Toolchains/XcodeDefault.xctoolchain/usr/lib/swift/iphoneos/prebuilt-modules/26.0/AudioToolbox.swiftmodule/arm64e-apple-ios.swiftmodule /Applications/Xcode_26.0.1.app/Contents/Developer/Toolchains/XcodeDefault.xctoolchain/usr/lib/swift/iphoneos/prebuilt-modules/26.0/SwiftUI.swiftmodule/arm64e-apple-ios.swiftmodule /Applications/Xcode_26.0.1.app/Contents/Developer/Toolchains/XcodeDefault.xctoolchain/usr/lib/swift/iphoneos/prebuilt-modules/26.0/CryptoKit.swiftmodule/arm64e-apple-ios.swiftmodule /Applications/Xcode_26.0.1.app/Contents/Developer/Toolchains/XcodeDefault.xctoolchain/usr/lib/swift/iphoneos/prebuilt-modules/26.0/XPC.swiftmodule/arm64e-apple-ios.swiftmodule /Applications/Xcode_26.0.1.app/Contents/Developer/Toolchains/XcodeDefault.xctoolchain/usr/lib/swift/iphoneos/prebuilt-modules/26.0/Metal.swiftmodule/arm64e-apple-ios.swiftmodule /Applications/Xcode_26.0.1.app/Contents/Developer/Toolchains/XcodeDefault.xctoolchain/usr/lib/swift/iphoneos/prebuilt-modules/26.0/Spatial.swiftmodule/arm64e-apple-ios.swiftmodule /Applications/Xcode_26.0.1.app/Contents/Developer/Toolchains/XcodeDefault.xctoolchain/usr/lib/swift/iphoneos/prebuilt-modules/26.0/BackgroundAssets.swiftmodule/arm64e-apple-ios.swiftmodule /Applications/Xcode_26.0.1.app/Contents/Developer/Toolchains/XcodeDefault.xctoolchain/usr/lib/swift/iphoneos/prebuilt-modules/26.0/AVFAudio.swiftmodule/arm64e-apple-ios.swiftmodule /Users/runner/Library/Developer/Xcode/DerivedData/VoiceReader-bvwdbkwbpbgbfcglgmbytagthmuj/Build/Intermediates.noindex/ArchiveIntermediates/VoiceReader/BuildProductsPath/Release-iphoneos/SwiftOGG.swiftmodule/arm64-apple-ios.swiftmodule /Applications/Xcode_26.0.1.app/Contents/Developer/Toolchains/XcodeDefault.xctoolchain/usr/lib/swift/iphoneos/prebuilt-modules/26.0/ExtensionFoundation.swiftmodule/arm64e-apple-ios.swiftmodule /Applications/Xcode_26.0.1.app/Contents/Developer/Toolchains/XcodeDefault.xctoolchain/usr/lib/swift/iphoneos/prebuilt-modules/26.0/UniformTypeIdentifiers.swiftmodule/arm64e-apple-ios.swiftmodule /Applications/Xcode_26.0.1.app/Contents/Developer/Toolchains/XcodeDefault.xctoolchain/usr/lib/swift/iphoneos/prebuilt-modules/26.0/ObjectiveC.swiftmodule/arm64e-apple-ios.swiftmodule /Applications/Xcode_26.0.1.app/Contents/Developer/Toolchains/XcodeDefault.xctoolchain/usr/lib/swift/iphoneos/prebuilt-modules/26.0/CoreData.swiftmodule/arm64e-apple-ios.swiftmodule /Applications/Xcode_26.0.1.app/Contents/Developer/Toolchains/XcodeDefault.xctoolchain/usr/lib/swift/iphoneos/prebuilt-modules/26.0/CoreGraphics.swiftmodule/arm64e-apple-ios.swiftmodule /Applications/Xcode_26.0.1.app/Contents/Developer/Toolchains/XcodeDefault.xctoolchain/usr/lib/swift/iphoneos/prebuilt-modules/26.0/CoreText.swiftmodule/arm64e-apple-ios.swiftmodule /Applications/Xcode_26.0.1.app/Contents/Developer/Toolchains/XcodeDefault.xctoolchain/usr/lib/swift/iphoneos/prebuilt-modules/26.0/CoreAudio.swiftmodule/arm64e-apple-ios.swiftmodule /Applications/Xcode_26.0.1.app/Contents/Developer/Toolchains/XcodeDefault.xctoolchain/usr/lib/swift/iphoneos/prebuilt-modules/26.0/DeveloperToolsSupport.swiftmodule/arm64e-apple-ios.swiftmodule /Users/runner/Library/Developer/Xcode/DerivedData/ModuleCache.noindex/Dispatch-29K33OS41KY3TD12V3FP0F6AM.pcm /Users/runner/Library/Developer/Xcode/DerivedData/ModuleCache.noindex/Network-B6OYS5GLB72YZK88SXNTIOVBX.pcm /Users/runner/Library/Developer/Xcode/DerivedData/ModuleCache.noindex/Foundation-44F7XYD94LLDPU3OPOG21CU5L.pcm /Users/runner/Library/Developer/Xcode/DerivedData/ModuleCache.noindex/UserNotifications-BVV3T146G6CYTRI7MREIZZ1V2.pcm /Users/runner/Library/Developer/Xcode/DerivedData/ModuleCache.noindex/SwiftUI-ER6394IIVGQLL6HMG2246YE98.pcm /Users/runner/Library/Developer/Xcode/DerivedData/ModuleCache.noindex/_Builtin_intrinsics-88K2RJQFGUGS2NLI2Q26Y5DX5.pcm /Users/runner/Library/Developer/Xcode/DerivedData/ModuleCache.noindex/MediaToolbox-24T5Q2XGPOCG36OV1CT9U9L2L.pcm /Users/runner/Library/Developer/Xcode/DerivedData/ModuleCache.noindex/AVFAudio-3FWPQHSSI3YLKQ9PFPTNS2PF0.pcm /Users/runner/Library/Developer/Xcode/DerivedData/ModuleCache.noindex/Metal-55OVH4QBFRTFHRHWNHC3JYU68.pcm /Users/runner/Library/Developer/Xcode/DerivedData/ModuleCache.noindex/CoreFoundation-7QUGA357STDOQ0UW61DLTIP3C.pcm /Users/runner/Library/Developer/Xcode/DerivedData/VoiceReader-bvwdbkwbpbgbfcglgmbytagthmuj/Build/Intermediates.noindex/ArchiveIntermediates/VoiceReader/IntermediateBuildFilesPath/SwiftExplicitPrecompiledModules/YbridOpus-2HOOSTMXVQ0LKKJQDNHMYJCGR.pcm /Users/runner/Library/Developer/Xcode/DerivedData/ModuleCache.noindex/_DarwinFoundation1-C1ZDKFE06JLI4305DG328EUC.pcm /Users/runner/Library/Developer/Xcode/DerivedData/ModuleCache.noindex/sys_types-1VWP43TRUIJ5QO1W1PZC5JVTG.pcm /Users/runner/Library/Developer/Xcode/DerivedData/ModuleCache.noindex/_Builtin_stdatomic-F1PGA3BEFM4ZT2QIWLNRYMMTV.pcm /Users/runner/Library/Developer/Xcode/DerivedData/VoiceReader-bvwdbkwbpbgbfcglgmbytagthmuj/Build/Intermediates.noindex/ArchiveIntermediates/VoiceReader/IntermediateBuildFilesPath/SwiftExplicitPrecompiledModules/YbridOgg-CVKPCYCZU2HZFQCJGUWB5ES5H.pcm /Users/runner/Library/Developer/Xcode/DerivedData/ModuleCache.noindex/Symbols-CTZPK5U4FJ4KLVKBY0UZFL86Y.pcm /Users/runner/Library/Developer/Xcode/DerivedData/ModuleCache.noindex/StoreKit-6Q3EPT63FN41IEGIYBYHRMB63.pcm /Users/runner/Library/Developer/Xcode/DerivedData/ModuleCache.noindex/OSLog-18KAN2BGIP5V4SN331DAHWAIJ.pcm /Users/runner/Library/Developer/Xcode/DerivedData/VoiceReader-bvwdbkwbpbgbfcglgmbytagthmuj/Build/Intermediates.noindex/ArchiveIntermediates/VoiceReader/IntermediateBuildFilesPath/SwiftExplicitPrecompiledModules/Copustools-1JSOT3UTOEGY7CS6ASTFNESJ3.pcm /Users/runner/Library/Developer/Xcode/DerivedData/ModuleCache.noindex/_DarwinFoundation2-9K6SUJJM4JXWTNLAJHRG21C1C.pcm /Users/runner/Library/Developer/Xcode/DerivedData/ModuleCache.noindex/BackgroundAssets-8J17UFBSTS9Q6A6U6OZKV9L7W.pcm /Users/runner/Library/Developer/Xcode/DerivedData/ModuleCache.noindex/UniformTypeIdentifiers-DOOWWOTW5DYFGN7QHIDHF8T6Q.pcm /Users/runner/Library/Developer/Xcode/DerivedData/ModuleCache.noindex/NaturalLanguage-83XOVGX1AUQGM3IPNR9D1SWE4.pcm /Users/runner/Library/Developer/Xcode/DerivedData/ModuleCache.noindex/CoreTransferable-SH2P9F1WP463TOX9QOAF1MBO.pcm /Users/runner/Library/Developer/Xcode/DerivedData/ModuleCache.noindex/XPC-A8CU9R1XNMDZYTPQ7PQO4Y9AQ.pcm /Users/runner/Library/Developer/Xcode/DerivedData/ModuleCache.noindex/IOSurface-54X9GTKFTHCM3ZFDH4KVO5HF9.pcm /Users/runner/Library/Developer/Xcode/DerivedData/ModuleCache.noindex/os_object-4WJF195CA9YPQ55K29XFOPHV1.pcm /Users/runner/Library/Developer/Xcode/DerivedData/ModuleCache.noindex/CoreVideo-1OYSTHVY70YL6JQERM0AJOGQE.pcm /Users/runner/Library/Developer/Xcode/DerivedData/ModuleCache.noindex/DeveloperToolsSupport-EICV5YU2S2SX2AVRP2GTQZ1RQ.pcm /Users/runner/Library/Developer/Xcode/DerivedData/ModuleCache.noindex/os-4JXH7Q5AX7EFV8NUFGJQ6DY6H.pcm /Users/runner/Library/Developer/Xcode/DerivedData/ModuleCache.noindex/UIUtilities-6OKSBM3E5UO0TT49EQGKOS8NN.pcm /Users/runner/Library/Developer/Xcode/DerivedData/ModuleCache.noindex/Security-72KAG602GSUFRFCA2KRT8UKXS.pcm /Users/runner/Library/Developer/Xcode/DerivedData/ModuleCache.noindex/OpenGLES-73PNM92E1EV6F7813FNIZQH29.pcm /Users/runner/Library/Developer/Xcode/DerivedData/ModuleCache.noindex/Speech-3HKPQMPZ41NMON8IV692RIR3J.pcm /Users/runner/Library/Developer/Xcode/DerivedData/ModuleCache.noindex/simd-961IYBAENR6SN8JOIZ7R8U8ES.pcm /Users/runner/Library/Developer/Xcode/DerivedData/ModuleCache.noindex/MachO-3115ASEBJHGXFABIF4C04VLHX.pcm /Users/runner/Library/Developer/Xcode/DerivedData/ModuleCache.noindex/_Builtin_stdarg-5Y7U2J7WDBPQUHKV3OEPGMT0T.pcm /Users/runner/Library/Developer/Xcode/DerivedData/ModuleCache.noindex/AudioToolbox-7ARF06MCPWHLYAYUW2ZSJD64R.pcm /Users/runner/Library/Developer/Xcode/DerivedData/ModuleCache.noindex/CoreAudioTypes-7VX3UYX0Z9F7WHCIYO3KQ9PYQ.pcm /Users/runner/Library/Developer/Xcode/DerivedData/ModuleCache.noindex/SwiftUICore-7YNNUDYXXVZDBHN5RNTTQ5COM.pcm /Users/runner/Library/Developer/Xcode/DerivedData/ModuleCache.noindex/LocalAuthentication-4TPRJPHR34TPPSOE92OHVY5B1.pcm /Users/runner/Library/Developer/Xcode/DerivedData/ModuleCache.noindex/ptrauth-56T8ITT0OTZ6ELNTBMTOXIOH4.pcm /Users/runner/Library/Developer/Xcode/DerivedData/ModuleCache.noindex/ObjectiveC-7T8RE50019R9I403LL4J7RLLU.pcm /Users/runner/Library/Developer/Xcode/DerivedData/ModuleCache.noindex/_Builtin_float-286J9KS05IJGDQ7G2DNB17YYM.pcm /Users/runner/Library/Developer/Xcode/DerivedData/ModuleCache.noindex/CoreData-3N82X5H3KP0BYU9O9LZ74Z78B.pcm /Users/runner/Library/Developer/Xcode/DerivedData/ModuleCache.noindex/CoreGraphics-37Y8HPJC9N3GTOFCHXKUQ1YHZ.pcm /Users/runner/Library/Developer/Xcode/DerivedData/ModuleCache.noindex/CoreMedia-C0U2KJM42I8MDW3X1LUU209CS.pcm /Users/runner/Library/Developer/Xcode/DerivedData/ModuleCache.noindex/AVFoundation-DODQ0FC5UF3VZC9S507UQ9YQP.pcm /Users/runner/Library/Developer/Xcode/DerivedData/ModuleCache.noindex/CoreText-80LP8RCZPE7T4OL3J0EIB84IK.pcm /Users/runner/Library/Developer/Xcode/DerivedData/ModuleCache.noindex/ImageIO-C7HPYJG8PMW76TG0JWKQWI43O.pcm /Users/runner/Library/Developer/Xcode/DerivedData/ModuleCache.noindex/CoreAudio-C0A2W4EXBXH1AF7QGJG5JPDFW.pcm /Users/runner/Library/Developer/Xcode/DerivedData/ModuleCache.noindex/_SwiftConcurrencyShims-DTSXCKWLLL7GBI7KBKULYR6TH.pcm /Users/runner/Library/Developer/Xcode/DerivedData/ModuleCache.noindex/UIKit-6Z24CC1V5QR7BL81GB0Y7843M.pcm /Users/runner/Library/Developer/Xcode/DerivedData/ModuleCache.noindex/Spatial-DZRF8HQE6LK1DTU0G4ZZRXN6C.pcm /Users/runner/Library/Developer/Xcode/DerivedData/ModuleCache.noindex/CoreMIDI-COJVVLVUD2HY1FCNA2U4FSHON.pcm /Users/runner/Library/Developer/Xcode/DerivedData/ModuleCache.noindex/CFNetwork-22PJ5MJ78JISPOM2BQ0VLKTOA.pcm /Users/runner/Library/Developer/Xcode/DerivedData/ModuleCache.noindex/_Builtin_limits-AFL1WKV755E0AEABR1HJKU2II.pcm /Users/runner/Library/Developer/Xcode/DerivedData/ModuleCache.noindex/dnssd-9LQ7I6916YJN3GQSRPNV5QARH.pcm /Users/runner/Library/Developer/Xcode/DerivedData/ModuleCache.noindex/FileProvider-DIE1ZLLFGWT3NB1NN0CJE8K5T.pcm /Users/runner/Library/Developer/Xcode/DerivedData/ModuleCache.noindex/Darwin-DARC555YXRHIRW4719E97K83Z.pcm /Users/runner/Library/Developer/Xcode/DerivedData/ModuleCache.noindex/ptrcheck-A5EJ08RJOP89FIDENFQ42ADD5.pcm /Users/runner/Library/Developer/Xcode/DerivedData/ModuleCache.noindex/os_workgroup-3K90UTB5RXHQN8GRX4YJXRAEK.pcm /Users/runner/Library/Developer/Xcode/DerivedData/ModuleCache.noindex/SwiftShims-8UNGSFMGRDX0OK3UWGWZZ5884.pcm /Users/runner/Library/Developer/Xcode/DerivedData/ModuleCache.noindex/_AvailabilityInternal-ANQ6HTPN039SIEFLWVSJDRGFB.pcm /Users/runner/Library/Developer/Xcode/DerivedData/ModuleCache.noindex/_DarwinFoundation3-GU1BF5G49LXQ54PWRZ30117B.pcm /Users/runner/Library/Developer/Xcode/DerivedData/ModuleCache.noindex/_Builtin_stddef-5KI8XVGWF45PF2HM0J6DYHGIS.pcm /Users/runner/Library/Developer/Xcode/DerivedData/ModuleCache.noindex/Accessibility-EB2PJEGZIREWZV3GIBBKKWMP9.pcm /Users/runner/Library/Developer/Xcode/DerivedData/ModuleCache.noindex/QuartzCore-ACK15AMOD3I9MROWCDP0VRCD3.pcm /Users/runner/Library/Developer/Xcode/DerivedData/ModuleCache.noindex/_Builtin_tgmath-79PZZURZ3D25EE6E4XULR8HUH.pcm /Users/runner/Library/Developer/Xcode/DerivedData/ModuleCache.noindex/ExtensionFoundation-D6KNNXNA06K8C82HVYMTC4UER.pcm /Users/runner/Library/Developer/Xcode/DerivedData/ModuleCache.noindex/CoreImage-EQ0JF68BT3Z07TA8N3UTK3NFY.pcm /Users/runner/Library/Developer/Xcode/DerivedData/ModuleCache.noindex/DataDetection-TVIMRJOPADK3HMFW7J6N2VY7.pcm /Users/runner/Library/Developer/Xcode/DerivedData/ModuleCache.noindex/_Builtin_stdbool-5YJ9SVPQWMGE40ER4JXZ2OQNK.pcm /Users/runner/Library/Developer/Xcode/DerivedData/ModuleCache.noindex/_Builtin_stdint-2JMS4AGPKA1ZATD7I7X3I6QBN.pcm /Users/runner/Library/Developer/Xcode/DerivedData/ModuleCache.noindex/AVRouting-7KTBMKTV102Z1W37IJYEUN3LB.pcm /Users/runner/Library/Developer/Xcode/DerivedData/ModuleCache.noindex/_Builtin_inttypes-552BJQJMJO5GFBC4LNPPQ086L.pcm /Users/runner/Library/Developer/Xcode/DerivedData/VoiceReader-bvwdbkwbpbgbfcglgmbytagthmuj/Build/Intermediates.noindex/ArchiveIntermediates/VoiceReader/IntermediateBuildFilesPath/VoiceReader.build/Release-iphoneos/ActionExtension.build/Objects-normal/arm64/ActionExtension-dependencies-1.json (in target 'ActionExtension' from project 'VoiceReader')
CompileSwift normal arm64 (in target 'ActionExtension' from project 'VoiceReader')
    cd /Users/runner/work/voice-message-reader/voice-message-reader
    

SwiftDriverJobDiscovery normal arm64 Compiling AIHelper.swift, AppGroup.swift, AudioPrep.swift, Exporter.swift, LanguagePicker.swift, Models.swift, Pipeline.swift, ProStatus.swift, ShareView.swift, ShareViewController.swift, Theme.swift, Transcriber.swift (in target 'ShareExtension' from project 'VoiceReader')

SwiftDriver\ Compilation\ Requirements ShareExtension normal arm64 com.apple.xcode.tools.swift.compiler (in target 'ShareExtension' from project 'VoiceReader')
    cd /Users/runner/work/voice-message-reader/voice-message-reader
    builtin-Swift-Compilation-Requirements -- /Applications/Xcode_26.0.1.app/Contents/Developer/Toolchains/XcodeDefault.xctoolchain/usr/bin/swiftc -module-name ShareExtension -O -whole-module-optimization -enforce-exclusivity\=checked @/Users/runner/Library/Developer/Xcode/DerivedData/VoiceReader-bvwdbkwbpbgbfcglgmbytagthmuj/Build/Intermediates.noindex/ArchiveIntermediates/VoiceReader/IntermediateBuildFilesPath/VoiceReader.build/Release-iphoneos/ShareExtension.build/Objects-normal/arm64/ShareExtension.SwiftFileList -enable-bare-slash-regex -enable-experimental-feature DebugDescriptionMacro -sdk /Applications/Xcode_26.0.1.app/Contents/Developer/Platforms/iPhoneOS.platform/Developer/SDKs/iPhoneOS26.0.sdk -target arm64-apple-ios17.0 -g -module-cache-path /Users/runner/Library/Developer/Xcode/DerivedData/ModuleCache.noindex -Xfrontend -serialize-debugging-options -application-extension -swift-version 5 -I /Users/runner/Library/Developer/Xcode/DerivedData/VoiceReader-bvwdbkwbpbgbfcglgmbytagthmuj/Build/Intermediates.noindex/ArchiveIntermediates/VoiceReader/BuildProductsPath/Release-iphoneos -F /Users/runner/Library/Developer/Xcode/DerivedData/VoiceReader-bvwdbkwbpbgbfcglgmbytagthmuj/Build/Intermediates.noindex/ArchiveIntermediates/VoiceReader/BuildProductsPath/Release-iphoneos/PackageFrameworks -F /Users/runner/Library/Developer/Xcode/DerivedData/VoiceReader-bvwdbkwbpbgbfcglgmbytagthmuj/Build/Intermediates.noindex/ArchiveIntermediates/VoiceReader/BuildProductsPath/Release-iphoneos/PackageFrameworks -F /Users/runner/Library/Developer/Xcode/DerivedData/VoiceReader-bvwdbkwbpbgbfcglgmbytagthmuj/Build/Intermediates.noindex/ArchiveIntermediates/VoiceReader/BuildProductsPath/Release-iphoneos -c -num-threads 3 -Xcc -ivfsstatcache -Xcc /Users/runner/Library/Developer/Xcode/DerivedData/SDKStatCaches.noindex/iphoneos26.0-23A339-3885c01c3e6b6a337905948deab2002ee897cee61435230feef45a4748fd4bcc.sdkstatcache -output-file-map /Users/runner/Library/Developer/Xcode/DerivedData/VoiceReader-bvwdbkwbpbgbfcglgmbytagthmuj/Build/Intermediates.noindex/ArchiveIntermediates/VoiceReader/IntermediateBuildFilesPath/VoiceReader.build/Release-iphoneos/ShareExtension.build/Objects-normal/arm64/ShareExtension-OutputFileMap.json -use-frontend-parseable-output -save-temps -no-color-diagnostics -explicit-module-build -module-cache-path /Users/runner/Library/Developer/Xcode/DerivedData/VoiceReader-bvwdbkwbpbgbfcglgmbytagthmuj/Build/Intermediates.noindex/ArchiveIntermediates/VoiceReader/IntermediateBuildFilesPath/SwiftExplicitPrecompiledModules -clang-scanner-module-cache-path /Users/runner/Library/Developer/Xcode/DerivedData/ModuleCache.noindex -sdk-module-cache-path /Users/runner/Library/Developer/Xcode/DerivedData/ModuleCache.noindex -serialize-diagnostics -emit-dependencies -emit-module -emit-module-path /Users/runner/Library/Developer/Xcode/DerivedData/VoiceReader-bvwdbkwbpbgbfcglgmbytagthmuj/Build/Intermediates.noindex/ArchiveIntermediates/VoiceReader/IntermediateBuildFilesPath/VoiceReader.build/Release-iphoneos/ShareExtension.build/Objects-normal/arm64/ShareExtension.swiftmodule -validate-clang-modules-once -clang-build-session-file /Users/runner/Library/Developer/Xcode/DerivedData/ModuleCache.noindex/Session.modulevalidation -Xcc -I/Users/runner/Library/Developer/Xcode/DerivedData/VoiceReader-bvwdbkwbpbgbfcglgmbytagthmuj/Build/Intermediates.noindex/ArchiveIntermediates/VoiceReader/IntermediateBuildFilesPath/VoiceReader.build/Release-iphoneos/ShareExtension.build/swift-overrides.hmap -emit-const-values -Xfrontend -const-gather-protocols-file -Xfrontend /Users/runner/Library/Developer/Xcode/DerivedData/VoiceReader-bvwdbkwbpbgbfcglgmbytagthmuj/Build/Intermediates.noindex/ArchiveIntermediates/VoiceReader/IntermediateBuildFilesPath/VoiceReader.build/Release-iphoneos/ShareExtension.build/Objects-normal/arm64/ShareExtension_const_extract_protocols.json -Xcc -iquote -Xcc /Users/runner/Library/Developer/Xcode/DerivedData/VoiceReader-bvwdbkwbpbgbfcglgmbytagthmuj/Build/Intermediates.noindex/ArchiveIntermediates/VoiceReader/IntermediateBuildFilesPath/VoiceReader.build/Release-iphoneos/ShareExtension.build/ShareExtension-generated-files.hmap -Xcc -I/Users/runner/Library/Developer/Xcode/DerivedData/VoiceReader-bvwdbkwbpbgbfcglgmbytagthmuj/Build/Intermediates.noindex/ArchiveIntermediates/VoiceReader/IntermediateBuildFilesPath/VoiceReader.build/Release-iphoneos/ShareExtension.build/ShareExtension-own-target-headers.hmap -Xcc -I/Users/runner/Library/Developer/Xcode/DerivedData/VoiceReader-bvwdbkwbpbgbfcglgmbytagthmuj/Build/Intermediates.noindex/ArchiveIntermediates/VoiceReader/IntermediateBuildFilesPath/VoiceReader.build/Release-iphoneos/ShareExtension.build/ShareExtension-all-non-framework-target-headers.hmap -Xcc -ivfsoverlay -Xcc /Users/runner/Library/Developer/Xcode/DerivedData/VoiceReader-bvwdbkwbpbgbfcglgmbytagthmuj/Build/Intermediates.noindex/ArchiveIntermediates/VoiceReader/IntermediateBuildFilesPath/VoiceReader.build/Release-iphoneos/VoiceReader-830d9596576bdeff74835997051ea29d-VFS-iphoneos/all-product-headers.yaml -Xcc -iquote -Xcc /Users/runner/Library/Developer/Xcode/DerivedData/VoiceReader-bvwdbkwbpbgbfcglgmbytagthmuj/Build/Intermediates.noindex/ArchiveIntermediates/VoiceReader/IntermediateBuildFilesPath/VoiceReader.build/Release-iphoneos/ShareExtension.build/ShareExtension-project-headers.hmap -Xcc -I/Users/runner/Library/Developer/Xcode/DerivedData/VoiceReader-bvwdbkwbpbgbfcglgmbytagthmuj/SourcePackages/checkouts/swift-ogg/Sources/SupportingFiles/Dependencies/Copustools/include -Xcc -I/Users/runner/Library/Developer/Xcode/DerivedData/VoiceReader-bvwdbkwbpbgbfcglgmbytagthmuj/Build/Intermediates.noindex/ArchiveIntermediates/VoiceReader/BuildProductsPath/Release-iphoneos/include -Xcc -I/Users/runner/Library/Developer/Xcode/DerivedData/VoiceReader-bvwdbkwbpbgbfcglgmbytagthmuj/Build/Intermediates.noindex/ArchiveIntermediates/VoiceReader/IntermediateBuildFilesPath/VoiceReader.build/Release-iphoneos/ShareExtension.build/DerivedSources-normal/arm64 -Xcc -I/Users/runner/Library/Developer/Xcode/DerivedData/VoiceReader-bvwdbkwbpbgbfcglgmbytagthmuj/Build/Intermediates.noindex/ArchiveIntermediates/VoiceReader/IntermediateBuildFilesPath/VoiceReader.build/Release-iphoneos/ShareExtension.build/DerivedSources/arm64 -Xcc -I/Users/runner/Library/Developer/Xcode/DerivedData/VoiceReader-bvwdbkwbpbgbfcglgmbytagthmuj/Build/Intermediates.noindex/ArchiveIntermediates/VoiceReader/IntermediateBuildFilesPath/VoiceReader.build/Release-iphoneos/ShareExtension.build/DerivedSources -emit-objc-header -emit-objc-header-path /Users/runner/Library/Developer/Xcode/DerivedData/VoiceReader-bvwdbkwbpbgbfcglgmbytagthmuj/Build/Intermediates.noindex/ArchiveIntermediates/VoiceReader/IntermediateBuildFilesPath/VoiceReader.build/Release-iphoneos/ShareExtension.build/Objects-normal/arm64/ShareExtension-Swift.h -working-directory /Users/runner/work/voice-message-reader/voice-message-reader -no-emit-module-separately-wmo

SwiftMergeGeneratedHeaders /Users/runner/Library/Developer/Xcode/DerivedData/VoiceReader-bvwdbkwbpbgbfcglgmbytagthmuj/Build/Intermediates.noindex/ArchiveIntermediates/VoiceReader/IntermediateBuildFilesPath/VoiceReader.build/Release-iphoneos/ShareExtension.build/DerivedSources/ShareExtension-Swift.h /Users/runner/Library/Developer/Xcode/DerivedData/VoiceReader-bvwdbkwbpbgbfcglgmbytagthmuj/Build/Intermediates.noindex/ArchiveIntermediates/VoiceReader/IntermediateBuildFilesPath/VoiceReader.build/Release-iphoneos/ShareExtension.build/Objects-normal/arm64/ShareExtension-Swift.h (in target 'ShareExtension' from project 'VoiceReader')
    cd /Users/runner/work/voice-message-reader/voice-message-reader
    builtin-swiftHeaderTool -arch arm64 /Users/runner/Library/Developer/Xcode/DerivedData/VoiceReader-bvwdbkwbpbgbfcglgmbytagthmuj/Build/Intermediates.noindex/ArchiveIntermediates/VoiceReader/IntermediateBuildFilesPath/VoiceReader.build/Release-iphoneos/ShareExtension.build/Objects-normal/arm64/ShareExtension-Swift.h -o /Users/runner/Library/Developer/Xcode/DerivedData/VoiceReader-bvwdbkwbpbgbfcglgmbytagthmuj/Build/Intermediates.noindex/ArchiveIntermediates/VoiceReader/IntermediateBuildFilesPath/VoiceReader.build/Release-iphoneos/ShareExtension.build/DerivedSources/ShareExtension-Swift.h

Copy /Users/runner/Library/Developer/Xcode/DerivedData/VoiceReader-bvwdbkwbpbgbfcglgmbytagthmuj/Build/Intermediates.noindex/ArchiveIntermediates/VoiceReader/BuildProductsPath/Release-iphoneos/ShareExtension.swiftmodule/arm64-apple-ios.swiftmodule /Users/runner/Library/Developer/Xcode/DerivedData/VoiceReader-bvwdbkwbpbgbfcglgmbytagthmuj/Build/Intermediates.noindex/ArchiveIntermediates/VoiceReader/IntermediateBuildFilesPath/VoiceReader.build/Release-iphoneos/ShareExtension.build/Objects-normal/arm64/ShareExtension.swiftmodule (in target 'ShareExtension' from project 'VoiceReader')
    cd /Users/runner/work/voice-message-reader/voice-message-reader
    builtin-copy -exclude .DS_Store -exclude CVS -exclude .svn -exclude .git -exclude .hg -resolve-src-symlinks -rename /Users/runner/Library/Developer/Xcode/DerivedData/VoiceReader-bvwdbkwbpbgbfcglgmbytagthmuj/Build/Intermediates.noindex/ArchiveIntermediates/VoiceReader/IntermediateBuildFilesPath/VoiceReader.build/Release-iphoneos/ShareExtension.build/Objects-normal/arm64/ShareExtension.swiftmodule /Users/runner/Library/Developer/Xcode/DerivedData/VoiceReader-bvwdbkwbpbgbfcglgmbytagthmuj/Build/Intermediates.noindex/ArchiveIntermediates/VoiceReader/BuildProductsPath/Release-iphoneos/ShareExtension.swiftmodule/arm64-apple-ios.swiftmodule

Copy /Users/runner/Library/Developer/Xcode/DerivedData/VoiceReader-bvwdbkwbpbgbfcglgmbytagthmuj/Build/Intermediates.noindex/ArchiveIntermediates/VoiceReader/BuildProductsPath/Release-iphoneos/ShareExtension.swiftmodule/arm64-apple-ios.swiftdoc /Users/runner/Library/Developer/Xcode/DerivedData/VoiceReader-bvwdbkwbpbgbfcglgmbytagthmuj/Build/Intermediates.noindex/ArchiveIntermediates/VoiceReader/IntermediateBuildFilesPath/VoiceReader.build/Release-iphoneos/ShareExtension.build/Objects-normal/arm64/ShareExtension.swiftdoc (in target 'ShareExtension' from project 'VoiceReader')
    cd /Users/runner/work/voice-message-reader/voice-message-reader
    builtin-copy -exclude .DS_Store -exclude CVS -exclude .svn -exclude .git -exclude .hg -resolve-src-symlinks -rename /Users/runner/Library/Developer/Xcode/DerivedData/VoiceReader-bvwdbkwbpbgbfcglgmbytagthmuj/Build/Intermediates.noindex/ArchiveIntermediates/VoiceReader/IntermediateBuildFilesPath/VoiceReader.build/Release-iphoneos/ShareExtension.build/Objects-normal/arm64/ShareExtension.swiftdoc /Users/runner/Library/Developer/Xcode/DerivedData/VoiceReader-bvwdbkwbpbgbfcglgmbytagthmuj/Build/Intermediates.noindex/ArchiveIntermediates/VoiceReader/BuildProductsPath/Release-iphoneos/ShareExtension.swiftmodule/arm64-apple-ios.swiftdoc

Copy /Users/runner/Library/Developer/Xcode/DerivedData/VoiceReader-bvwdbkwbpbgbfcglgmbytagthmuj/Build/Intermediates.noindex/ArchiveIntermediates/VoiceReader/BuildProductsPath/Release-iphoneos/ShareExtension.swiftmodule/arm64-apple-ios.abi.json /Users/runner/Library/Developer/Xcode/DerivedData/VoiceReader-bvwdbkwbpbgbfcglgmbytagthmuj/Build/Intermediates.noindex/ArchiveIntermediates/VoiceReader/IntermediateBuildFilesPath/VoiceReader.build/Release-iphoneos/ShareExtension.build/Objects-normal/arm64/ShareExtension.abi.json (in target 'ShareExtension' from project 'VoiceReader')
    cd /Users/runner/work/voice-message-reader/voice-message-reader
    builtin-copy -exclude .DS_Store -exclude CVS -exclude .svn -exclude .git -exclude .hg -resolve-src-symlinks -rename /Users/runner/Library/Developer/Xcode/DerivedData/VoiceReader-bvwdbkwbpbgbfcglgmbytagthmuj/Build/Intermediates.noindex/ArchiveIntermediates/VoiceReader/IntermediateBuildFilesPath/VoiceReader.build/Release-iphoneos/ShareExtension.build/Objects-normal/arm64/ShareExtension.abi.json /Users/runner/Library/Developer/Xcode/DerivedData/VoiceReader-bvwdbkwbpbgbfcglgmbytagthmuj/Build/Intermediates.noindex/ArchiveIntermediates/VoiceReader/BuildProductsPath/Release-iphoneos/ShareExtension.swiftmodule/arm64-apple-ios.abi.json

Ld /Users/runner/Library/Developer/Xcode/DerivedData/VoiceReader-bvwdbkwbpbgbfcglgmbytagthmuj/Build/Intermediates.noindex/ArchiveIntermediates/VoiceReader/IntermediateBuildFilesPath/UninstalledProducts/iphoneos/ShareExtension.appex/ShareExtension normal (in target 'ShareExtension' from project 'VoiceReader')
    cd /Users/runner/work/voice-message-reader/voice-message-reader
    /Applications/Xcode_26.0.1.app/Contents/Developer/Toolchains/XcodeDefault.xctoolchain/usr/bin/clang -Xlinker -reproducible -target arm64-apple-ios17.0 -isysroot /Applications/Xcode_26.0.1.app/Contents/Developer/Platforms/iPhoneOS.platform/Developer/SDKs/iPhoneOS26.0.sdk -Os -L/Users/runner/Library/Developer/Xcode/DerivedData/VoiceReader-bvwdbkwbpbgbfcglgmbytagthmuj/Build/Intermediates.noindex/ArchiveIntermediates/VoiceReader/IntermediateBuildFilesPath/EagerLinkingTBDs/Release-iphoneos -L/Users/runner/Library/Developer/Xcode/DerivedData/VoiceReader-bvwdbkwbpbgbfcglgmbytagthmuj/Build/Intermediates.noindex/ArchiveIntermediates/VoiceReader/BuildProductsPath/Release-iphoneos -F/Users/runner/Library/Developer/Xcode/DerivedData/VoiceReader-bvwdbkwbpbgbfcglgmbytagthmuj/Build/Intermediates.noindex/ArchiveIntermediates/VoiceReader/IntermediateBuildFilesPath/EagerLinkingTBDs/Release-iphoneos -F/Users/runner/Library/Developer/Xcode/DerivedData/VoiceReader-bvwdbkwbpbgbfcglgmbytagthmuj/Build/Intermediates.noindex/ArchiveIntermediates/VoiceReader/BuildProductsPath/Release-iphoneos/PackageFrameworks -F/Users/runner/Library/Developer/Xcode/DerivedData/VoiceReader-bvwdbkwbpbgbfcglgmbytagthmuj/Build/Intermediates.noindex/ArchiveIntermediates/VoiceReader/BuildProductsPath/Release-iphoneos/PackageFrameworks -F/Users/runner/Library/Developer/Xcode/DerivedData/VoiceReader-bvwdbkwbpbgbfcglgmbytagthmuj/Build/Intermediates.noindex/ArchiveIntermediates/VoiceReader/BuildProductsPath/Release-iphoneos -filelist /Users/runner/Library/Developer/Xcode/DerivedData/VoiceReader-bvwdbkwbpbgbfcglgmbytagthmuj/Build/Intermediates.noindex/ArchiveIntermediates/VoiceReader/IntermediateBuildFilesPath/VoiceReader.build/Release-iphoneos/ShareExtension.build/Objects-normal/arm64/ShareExtension.LinkFileList -Xlinker -rpath -Xlinker /usr/lib/swift -Xlinker -rpath -Xlinker @executable_path/Frameworks -Xlinker -rpath -Xlinker @executable_path/../../Frameworks -dead_strip -Xlinker -object_path_lto -Xlinker /Users/runner/Library/Developer/Xcode/DerivedData/VoiceReader-bvwdbkwbpbgbfcglgmbytagthmuj/Build/Intermediates.noindex/ArchiveIntermediates/VoiceReader/IntermediateBuildFilesPath/VoiceReader.build/Release-iphoneos/ShareExtension.build/Objects-normal/arm64/ShareExtension_lto.o -Xlinker -dependency_info -Xlinker /Users/runner/Library/Developer/Xcode/DerivedData/VoiceReader-bvwdbkwbpbgbfcglgmbytagthmuj/Build/Intermediates.noindex/ArchiveIntermediates/VoiceReader/IntermediateBuildFilesPath/VoiceReader.build/Release-iphoneos/ShareExtension.build/Objects-normal/arm64/ShareExtension_dependency_info.dat -e _NSExtensionMain -fapplication-extension -fobjc-link-runtime -L/Applications/Xcode_26.0.1.app/Contents/Developer/Toolchains/XcodeDefault.xctoolchain/usr/lib/swift/iphoneos -L/usr/lib/swift -Xlinker -add_ast_path -Xlinker /Users/runner/Library/Developer/Xcode/DerivedData/VoiceReader-bvwdbkwbpbgbfcglgmbytagthmuj/Build/Intermediates.noindex/ArchiveIntermediates/VoiceReader/IntermediateBuildFilesPath/VoiceReader.build/Release-iphoneos/ShareExtension.build/Objects-normal/arm64/ShareExtension.swiftmodule @/Users/runner/Library/Developer/Xcode/DerivedData/VoiceReader-bvwdbkwbpbgbfcglgmbytagthmuj/Build/Intermediates.noindex/ArchiveIntermediates/VoiceReader/IntermediateBuildFilesPath/VoiceReader.build/Release-iphoneos/ShareExtension.build/Objects-normal/arm64/ShareExtension-linker-args.resp -Wl,-no_warn_duplicate_libraries -Wl,-no_warn_duplicate_libraries -weak_framework FoundationModels -weak_framework Translation -framework YbridOpus -framework YbridOpus -framework YbridOgg -framework YbridOgg -Xlinker -no_adhoc_codesign -o /Users/runner/Library/Developer/Xcode/DerivedData/VoiceReader-bvwdbkwbpbgbfcglgmbytagthmuj/Build/Intermediates.noindex/ArchiveIntermediates/VoiceReader/IntermediateBuildFilesPath/UninstalledProducts/iphoneos/ShareExtension.appex/ShareExtension -Xlinker -add_ast_path -Xlinker /Users/runner/Library/Developer/Xcode/DerivedData/VoiceReader-bvwdbkwbpbgbfcglgmbytagthmuj/Build/Intermediates.noindex/ArchiveIntermediates/VoiceReader/IntermediateBuildFilesPath/SwiftOGG.build/Release-iphoneos/SwiftOGG.build/Objects-normal/arm64/SwiftOGG.swiftmodule @/Users/runner/Library/Developer/Xcode/DerivedData/VoiceReader-bvwdbkwbpbgbfcglgmbytagthmuj/Build/Intermediates.noindex/ArchiveIntermediates/VoiceReader/IntermediateBuildFilesPath/SwiftOGG.build/Release-iphoneos/SwiftOGG.build/Objects-normal/arm64/SwiftOGG-linker-args.resp

SwiftDriverJobDiscovery normal arm64 Compiling AIHelper.swift, AppGroup.swift, AudioPrep.swift, Exporter.swift, LanguagePicker.swift, Models.swift, Pipeline.swift, ProStatus.swift, ShareView.swift, ShareViewController.swift, Theme.swift, Transcriber.swift (in target 'ActionExtension' from project 'VoiceReader')

SwiftDriver\ Compilation\ Requirements ActionExtension normal arm64 com.apple.xcode.tools.swift.compiler (in target 'ActionExtension' from project 'VoiceReader')
    cd /Users/runner/work/voice-message-reader/voice-message-reader
    builtin-Swift-Compilation-Requirements -- /Applications/Xcode_26.0.1.app/Contents/Developer/Toolchains/XcodeDefault.xctoolchain/usr/bin/swiftc -module-name ActionExtension -O -whole-module-optimization -enforce-exclusivity\=checked @/Users/runner/Library/Developer/Xcode/DerivedData/VoiceReader-bvwdbkwbpbgbfcglgmbytagthmuj/Build/Intermediates.noindex/ArchiveIntermediates/VoiceReader/IntermediateBuildFilesPath/VoiceReader.build/Release-iphoneos/ActionExtension.build/Objects-normal/arm64/ActionExtension.SwiftFileList -enable-bare-slash-regex -enable-experimental-feature DebugDescriptionMacro -sdk /Applications/Xcode_26.0.1.app/Contents/Developer/Platforms/iPhoneOS.platform/Developer/SDKs/iPhoneOS26.0.sdk -target arm64-apple-ios17.0 -g -module-cache-path /Users/runner/Library/Developer/Xcode/DerivedData/ModuleCache.noindex -Xfrontend -serialize-debugging-options -application-extension -swift-version 5 -I /Users/runner/Library/Developer/Xcode/DerivedData/VoiceReader-bvwdbkwbpbgbfcglgmbytagthmuj/Build/Intermediates.noindex/ArchiveIntermediates/VoiceReader/BuildProductsPath/Release-iphoneos -F /Users/runner/Library/Developer/Xcode/DerivedData/VoiceReader-bvwdbkwbpbgbfcglgmbytagthmuj/Build/Intermediates.noindex/ArchiveIntermediates/VoiceReader/BuildProductsPath/Release-iphoneos/PackageFrameworks -F /Users/runner/Library/Developer/Xcode/DerivedData/VoiceReader-bvwdbkwbpbgbfcglgmbytagthmuj/Build/Intermediates.noindex/ArchiveIntermediates/VoiceReader/BuildProductsPath/Release-iphoneos/PackageFrameworks -F /Users/runner/Library/Developer/Xcode/DerivedData/VoiceReader-bvwdbkwbpbgbfcglgmbytagthmuj/Build/Intermediates.noindex/ArchiveIntermediates/VoiceReader/BuildProductsPath/Release-iphoneos -c -num-threads 3 -Xcc -ivfsstatcache -Xcc /Users/runner/Library/Developer/Xcode/DerivedData/SDKStatCaches.noindex/iphoneos26.0-23A339-3885c01c3e6b6a337905948deab2002ee897cee61435230feef45a4748fd4bcc.sdkstatcache -output-file-map /Users/runner/Library/Developer/Xcode/DerivedData/VoiceReader-bvwdbkwbpbgbfcglgmbytagthmuj/Build/Intermediates.noindex/ArchiveIntermediates/VoiceReader/IntermediateBuildFilesPath/VoiceReader.build/Release-iphoneos/ActionExtension.build/Objects-normal/arm64/ActionExtension-OutputFileMap.json -use-frontend-parseable-output -save-temps -no-color-diagnostics -explicit-module-build -module-cache-path /Users/runner/Library/Developer/Xcode/DerivedData/VoiceReader-bvwdbkwbpbgbfcglgmbytagthmuj/Build/Intermediates.noindex/ArchiveIntermediates/VoiceReader/IntermediateBuildFilesPath/SwiftExplicitPrecompiledModules -clang-scanner-module-cache-path /Users/runner/Library/Developer/Xcode/DerivedData/ModuleCache.noindex -sdk-module-cache-path /Users/runner/Library/Developer/Xcode/DerivedData/ModuleCache.noindex -serialize-diagnostics -emit-dependencies -emit-module -emit-module-path /Users/runner/Library/Developer/Xcode/DerivedData/VoiceReader-bvwdbkwbpbgbfcglgmbytagthmuj/Build/Intermediates.noindex/ArchiveIntermediates/VoiceReader/IntermediateBuildFilesPath/VoiceReader.build/Release-iphoneos/ActionExtension.build/Objects-normal/arm64/ActionExtension.swiftmodule -validate-clang-modules-once -clang-build-session-file /Users/runner/Library/Developer/Xcode/DerivedData/ModuleCache.noindex/Session.modulevalidation -Xcc -I/Users/runner/Library/Developer/Xcode/DerivedData/VoiceReader-bvwdbkwbpbgbfcglgmbytagthmuj/Build/Intermediates.noindex/ArchiveIntermediates/VoiceReader/IntermediateBuildFilesPath/VoiceReader.build/Release-iphoneos/ActionExtension.build/swift-overrides.hmap -emit-const-values -Xfrontend -const-gather-protocols-file -Xfrontend /Users/runner/Library/Developer/Xcode/DerivedData/VoiceReader-bvwdbkwbpbgbfcglgmbytagthmuj/Build/Intermediates.noindex/ArchiveIntermediates/VoiceReader/IntermediateBuildFilesPath/VoiceReader.build/Release-iphoneos/ActionExtension.build/Objects-normal/arm64/ActionExtension_const_extract_protocols.json -Xcc -iquote -Xcc /Users/runner/Library/Developer/Xcode/DerivedData/VoiceReader-bvwdbkwbpbgbfcglgmbytagthmuj/Build/Intermediates.noindex/ArchiveIntermediates/VoiceReader/IntermediateBuildFilesPath/VoiceReader.build/Release-iphoneos/ActionExtension.build/ActionExtension-generated-files.hmap -Xcc -I/Users/runner/Library/Developer/Xcode/DerivedData/VoiceReader-bvwdbkwbpbgbfcglgmbytagthmuj/Build/Intermediates.noindex/ArchiveIntermediates/VoiceReader/IntermediateBuildFilesPath/VoiceReader.build/Release-iphoneos/ActionExtension.build/ActionExtension-own-target-headers.hmap -Xcc -I/Users/runner/Library/Developer/Xcode/DerivedData/VoiceReader-bvwdbkwbpbgbfcglgmbytagthmuj/Build/Intermediates.noindex/ArchiveIntermediates/VoiceReader/IntermediateBuildFilesPath/VoiceReader.build/Release-iphoneos/ActionExtension.build/ActionExtension-all-non-framework-target-headers.hmap -Xcc -ivfsoverlay -Xcc /Users/runner/Library/Developer/Xcode/DerivedData/VoiceReader-bvwdbkwbpbgbfcglgmbytagthmuj/Build/Intermediates.noindex/ArchiveIntermediates/VoiceReader/IntermediateBuildFilesPath/VoiceReader.build/Release-iphoneos/VoiceReader-830d9596576bdeff74835997051ea29d-VFS-iphoneos/all-product-headers.yaml -Xcc -iquote -Xcc /Users/runner/Library/Developer/Xcode/DerivedData/VoiceReader-bvwdbkwbpbgbfcglgmbytagthmuj/Build/Intermediates.noindex/ArchiveIntermediates/VoiceReader/IntermediateBuildFilesPath/VoiceReader.build/Release-iphoneos/ActionExtension.build/ActionExtension-project-headers.hmap -Xcc -I/Users/runner/Library/Developer/Xcode/DerivedData/VoiceReader-bvwdbkwbpbgbfcglgmbytagthmuj/SourcePackages/checkouts/swift-ogg/Sources/SupportingFiles/Dependencies/Copustools/include -Xcc -I/Users/runner/Library/Developer/Xcode/DerivedData/VoiceReader-bvwdbkwbpbgbfcglgmbytagthmuj/Build/Intermediates.noindex/ArchiveIntermediates/VoiceReader/BuildProductsPath/Release-iphoneos/include -Xcc -I/Users/runner/Library/Developer/Xcode/DerivedData/VoiceReader-bvwdbkwbpbgbfcglgmbytagthmuj/Build/Intermediates.noindex/ArchiveIntermediates/VoiceReader/IntermediateBuildFilesPath/VoiceReader.build/Release-iphoneos/ActionExtension.build/DerivedSources-normal/arm64 -Xcc -I/Users/runner/Library/Developer/Xcode/DerivedData/VoiceReader-bvwdbkwbpbgbfcglgmbytagthmuj/Build/Intermediates.noindex/ArchiveIntermediates/VoiceReader/IntermediateBuildFilesPath/VoiceReader.build/Release-iphoneos/ActionExtension.build/DerivedSources/arm64 -Xcc -I/Users/runner/Library/Developer/Xcode/DerivedData/VoiceReader-bvwdbkwbpbgbfcglgmbytagthmuj/Build/Intermediates.noindex/ArchiveIntermediates/VoiceReader/IntermediateBuildFilesPath/VoiceReader.build/Release-iphoneos/ActionExtension.build/DerivedSources -emit-objc-header -emit-objc-header-path /Users/runner/Library/Developer/Xcode/DerivedData/VoiceReader-bvwdbkwbpbgbfcglgmbytagthmuj/Build/Intermediates.noindex/ArchiveIntermediates/VoiceReader/IntermediateBuildFilesPath/VoiceReader.build/Release-iphoneos/ActionExtension.build/Objects-normal/arm64/ActionExtension-Swift.h -working-directory /Users/runner/work/voice-message-reader/voice-message-reader -no-emit-module-separately-wmo

SwiftMergeGeneratedHeaders /Users/runner/Library/Developer/Xcode/DerivedData/VoiceReader-bvwdbkwbpbgbfcglgmbytagthmuj/Build/Intermediates.noindex/ArchiveIntermediates/VoiceReader/IntermediateBuildFilesPath/VoiceReader.build/Release-iphoneos/ActionExtension.build/DerivedSources/ActionExtension-Swift.h /Users/runner/Library/Developer/Xcode/DerivedData/VoiceReader-bvwdbkwbpbgbfcglgmbytagthmuj/Build/Intermediates.noindex/ArchiveIntermediates/VoiceReader/IntermediateBuildFilesPath/VoiceReader.build/Release-iphoneos/ActionExtension.build/Objects-normal/arm64/ActionExtension-Swift.h (in target 'ActionExtension' from project 'VoiceReader')
    cd /Users/runner/work/voice-message-reader/voice-message-reader
    builtin-swiftHeaderTool -arch arm64 /Users/runner/Library/Developer/Xcode/DerivedData/VoiceReader-bvwdbkwbpbgbfcglgmbytagthmuj/Build/Intermediates.noindex/ArchiveIntermediates/VoiceReader/IntermediateBuildFilesPath/VoiceReader.build/Release-iphoneos/ActionExtension.build/Objects-normal/arm64/ActionExtension-Swift.h -o /Users/runner/Library/Developer/Xcode/DerivedData/VoiceReader-bvwdbkwbpbgbfcglgmbytagthmuj/Build/Intermediates.noindex/ArchiveIntermediates/VoiceReader/IntermediateBuildFilesPath/VoiceReader.build/Release-iphoneos/ActionExtension.build/DerivedSources/ActionExtension-Swift.h

Copy /Users/runner/Library/Developer/Xcode/DerivedData/VoiceReader-bvwdbkwbpbgbfcglgmbytagthmuj/Build/Intermediates.noindex/ArchiveIntermediates/VoiceReader/BuildProductsPath/Release-iphoneos/ActionExtension.swiftmodule/arm64-apple-ios.swiftmodule /Users/runner/Library/Developer/Xcode/DerivedData/VoiceReader-bvwdbkwbpbgbfcglgmbytagthmuj/Build/Intermediates.noindex/ArchiveIntermediates/VoiceReader/IntermediateBuildFilesPath/VoiceReader.build/Release-iphoneos/ActionExtension.build/Objects-normal/arm64/ActionExtension.swiftmodule (in target 'ActionExtension' from project 'VoiceReader')
    cd /Users/runner/work/voice-message-reader/voice-message-reader
    builtin-copy -exclude .DS_Store -exclude CVS -exclude .svn -exclude .git -exclude .hg -resolve-src-symlinks -rename /Users/runner/Library/Developer/Xcode/DerivedData/VoiceReader-bvwdbkwbpbgbfcglgmbytagthmuj/Build/Intermediates.noindex/ArchiveIntermediates/VoiceReader/IntermediateBuildFilesPath/VoiceReader.build/Release-iphoneos/ActionExtension.build/Objects-normal/arm64/ActionExtension.swiftmodule /Users/runner/Library/Developer/Xcode/DerivedData/VoiceReader-bvwdbkwbpbgbfcglgmbytagthmuj/Build/Intermediates.noindex/ArchiveIntermediates/VoiceReader/BuildProductsPath/Release-iphoneos/ActionExtension.swiftmodule/arm64-apple-ios.swiftmodule

Copy /Users/runner/Library/Developer/Xcode/DerivedData/VoiceReader-bvwdbkwbpbgbfcglgmbytagthmuj/Build/Intermediates.noindex/ArchiveIntermediates/VoiceReader/BuildProductsPath/Release-iphoneos/ActionExtension.swiftmodule/arm64-apple-ios.swiftdoc /Users/runner/Library/Developer/Xcode/DerivedData/VoiceReader-bvwdbkwbpbgbfcglgmbytagthmuj/Build/Intermediates.noindex/ArchiveIntermediates/VoiceReader/IntermediateBuildFilesPath/VoiceReader.build/Release-iphoneos/ActionExtension.build/Objects-normal/arm64/ActionExtension.swiftdoc (in target 'ActionExtension' from project 'VoiceReader')
    cd /Users/runner/work/voice-message-reader/voice-message-reader
    builtin-copy -exclude .DS_Store -exclude CVS -exclude .svn -exclude .git -exclude .hg -resolve-src-symlinks -rename /Users/runner/Library/Developer/Xcode/DerivedData/VoiceReader-bvwdbkwbpbgbfcglgmbytagthmuj/Build/Intermediates.noindex/ArchiveIntermediates/VoiceReader/IntermediateBuildFilesPath/VoiceReader.build/Release-iphoneos/ActionExtension.build/Objects-normal/arm64/ActionExtension.swiftdoc /Users/runner/Library/Developer/Xcode/DerivedData/VoiceReader-bvwdbkwbpbgbfcglgmbytagthmuj/Build/Intermediates.noindex/ArchiveIntermediates/VoiceReader/BuildProductsPath/Release-iphoneos/ActionExtension.swiftmodule/arm64-apple-ios.swiftdoc

Copy /Users/runner/Library/Developer/Xcode/DerivedData/VoiceReader-bvwdbkwbpbgbfcglgmbytagthmuj/Build/Intermediates.noindex/ArchiveIntermediates/VoiceReader/BuildProductsPath/Release-iphoneos/ActionExtension.swiftmodule/arm64-apple-ios.abi.json /Users/runner/Library/Developer/Xcode/DerivedData/VoiceReader-bvwdbkwbpbgbfcglgmbytagthmuj/Build/Intermediates.noindex/ArchiveIntermediates/VoiceReader/IntermediateBuildFilesPath/VoiceReader.build/Release-iphoneos/ActionExtension.build/Objects-normal/arm64/ActionExtension.abi.json (in target 'ActionExtension' from project 'VoiceReader')
    cd /Users/runner/work/voice-message-reader/voice-message-reader
    builtin-copy -exclude .DS_Store -exclude CVS -exclude .svn -exclude .git -exclude .hg -resolve-src-symlinks -rename /Users/runner/Library/Developer/Xcode/DerivedData/VoiceReader-bvwdbkwbpbgbfcglgmbytagthmuj/Build/Intermediates.noindex/ArchiveIntermediates/VoiceReader/IntermediateBuildFilesPath/VoiceReader.build/Release-iphoneos/ActionExtension.build/Objects-normal/arm64/ActionExtension.abi.json /Users/runner/Library/Developer/Xcode/DerivedData/VoiceReader-bvwdbkwbpbgbfcglgmbytagthmuj/Build/Intermediates.noindex/ArchiveIntermediates/VoiceReader/BuildProductsPath/Release-iphoneos/ActionExtension.swiftmodule/arm64-apple-ios.abi.json

Ld /Users/runner/Library/Developer/Xcode/DerivedData/VoiceReader-bvwdbkwbpbgbfcglgmbytagthmuj/Build/Intermediates.noindex/ArchiveIntermediates/VoiceReader/IntermediateBuildFilesPath/UninstalledProducts/iphoneos/ActionExtension.appex/ActionExtension normal (in target 'ActionExtension' from project 'VoiceReader')
    cd /Users/runner/work/voice-message-reader/voice-message-reader
    /Applications/Xcode_26.0.1.app/Contents/Developer/Toolchains/XcodeDefault.xctoolchain/usr/bin/clang -Xlinker -reproducible -target arm64-apple-ios17.0 -isysroot /Applications/Xcode_26.0.1.app/Contents/Developer/Platforms/iPhoneOS.platform/Developer/SDKs/iPhoneOS26.0.sdk -Os -L/Users/runner/Library/Developer/Xcode/DerivedData/VoiceReader-bvwdbkwbpbgbfcglgmbytagthmuj/Build/Intermediates.noindex/ArchiveIntermediates/VoiceReader/IntermediateBuildFilesPath/EagerLinkingTBDs/Release-iphoneos -L/Users/runner/Library/Developer/Xcode/DerivedData/VoiceReader-bvwdbkwbpbgbfcglgmbytagthmuj/Build/Intermediates.noindex/ArchiveIntermediates/VoiceReader/BuildProductsPath/Release-iphoneos -F/Users/runner/Library/Developer/Xcode/DerivedData/VoiceReader-bvwdbkwbpbgbfcglgmbytagthmuj/Build/Intermediates.noindex/ArchiveIntermediates/VoiceReader/IntermediateBuildFilesPath/EagerLinkingTBDs/Release-iphoneos -F/Users/runner/Library/Developer/Xcode/DerivedData/VoiceReader-bvwdbkwbpbgbfcglgmbytagthmuj/Build/Intermediates.noindex/ArchiveIntermediates/VoiceReader/BuildProductsPath/Release-iphoneos/PackageFrameworks -F/Users/runner/Library/Developer/Xcode/DerivedData/VoiceReader-bvwdbkwbpbgbfcglgmbytagthmuj/Build/Intermediates.noindex/ArchiveIntermediates/VoiceReader/BuildProductsPath/Release-iphoneos/PackageFrameworks -F/Users/runner/Library/Developer/Xcode/DerivedData/VoiceReader-bvwdbkwbpbgbfcglgmbytagthmuj/Build/Intermediates.noindex/ArchiveIntermediates/VoiceReader/BuildProductsPath/Release-iphoneos -filelist /Users/runner/Library/Developer/Xcode/DerivedData/VoiceReader-bvwdbkwbpbgbfcglgmbytagthmuj/Build/Intermediates.noindex/ArchiveIntermediates/VoiceReader/IntermediateBuildFilesPath/VoiceReader.build/Release-iphoneos/ActionExtension.build/Objects-normal/arm64/ActionExtension.LinkFileList -Xlinker -rpath -Xlinker /usr/lib/swift -Xlinker -rpath -Xlinker @executable_path/Frameworks -Xlinker -rpath -Xlinker @executable_path/../../Frameworks -dead_strip -Xlinker -object_path_lto -Xlinker /Users/runner/Library/Developer/Xcode/DerivedData/VoiceReader-bvwdbkwbpbgbfcglgmbytagthmuj/Build/Intermediates.noindex/ArchiveIntermediates/VoiceReader/IntermediateBuildFilesPath/VoiceReader.build/Release-iphoneos/ActionExtension.build/Objects-normal/arm64/ActionExtension_lto.o -Xlinker -dependency_info -Xlinker /Users/runner/Library/Developer/Xcode/DerivedData/VoiceReader-bvwdbkwbpbgbfcglgmbytagthmuj/Build/Intermediates.noindex/ArchiveIntermediates/VoiceReader/IntermediateBuildFilesPath/VoiceReader.build/Release-iphoneos/ActionExtension.build/Objects-normal/arm64/ActionExtension_dependency_info.dat -e _NSExtensionMain -fapplication-extension -fobjc-link-runtime -L/Applications/Xcode_26.0.1.app/Contents/Developer/Toolchains/XcodeDefault.xctoolchain/usr/lib/swift/iphoneos -L/usr/lib/swift -Xlinker -add_ast_path -Xlinker /Users/runner/Library/Developer/Xcode/DerivedData/VoiceReader-bvwdbkwbpbgbfcglgmbytagthmuj/Build/Intermediates.noindex/ArchiveIntermediates/VoiceReader/IntermediateBuildFilesPath/VoiceReader.build/Release-iphoneos/ActionExtension.build/Objects-normal/arm64/ActionExtension.swiftmodule @/Users/runner/Library/Developer/Xcode/DerivedData/VoiceReader-bvwdbkwbpbgbfcglgmbytagthmuj/Build/Intermediates.noindex/ArchiveIntermediates/VoiceReader/IntermediateBuildFilesPath/VoiceReader.build/Release-iphoneos/ActionExtension.build/Objects-normal/arm64/ActionExtension-linker-args.resp -Wl,-no_warn_duplicate_libraries -Wl,-no_warn_duplicate_libraries -weak_framework FoundationModels -weak_framework Translation -framework YbridOpus -framework YbridOpus -framework YbridOgg -framework YbridOgg -Xlinker -no_adhoc_codesign -o /Users/runner/Library/Developer/Xcode/DerivedData/VoiceReader-bvwdbkwbpbgbfcglgmbytagthmuj/Build/Intermediates.noindex/ArchiveIntermediates/VoiceReader/IntermediateBuildFilesPath/UninstalledProducts/iphoneos/ActionExtension.appex/ActionExtension -Xlinker -add_ast_path -Xlinker /Users/runner/Library/Developer/Xcode/DerivedData/VoiceReader-bvwdbkwbpbgbfcglgmbytagthmuj/Build/Intermediates.noindex/ArchiveIntermediates/VoiceReader/IntermediateBuildFilesPath/SwiftOGG.build/Release-iphoneos/SwiftOGG.build/Objects-normal/arm64/SwiftOGG.swiftmodule @/Users/runner/Library/Developer/Xcode/DerivedData/VoiceReader-bvwdbkwbpbgbfcglgmbytagthmuj/Build/Intermediates.noindex/ArchiveIntermediates/VoiceReader/IntermediateBuildFilesPath/SwiftOGG.build/Release-iphoneos/SwiftOGG.build/Objects-normal/arm64/SwiftOGG-linker-args.resp

ProcessProductPackaging /Users/runner/work/voice-message-reader/voice-message-reader/App/VoiceReader.entitlements /Users/runner/Library/Developer/Xcode/DerivedData/VoiceReader-bvwdbkwbpbgbfcglgmbytagthmuj/Build/Intermediates.noindex/ArchiveIntermediates/VoiceReader/IntermediateBuildFilesPath/VoiceReader.build/Release-iphoneos/VoiceReader.build/VoiceReader.app.xcent (in target 'VoiceReader' from project 'VoiceReader')
    cd /Users/runner/work/voice-message-reader/voice-message-reader
    
    Entitlements:
    
    {
    "application-identifier" = "QAT93YWVSF.com.noorulain.voicereader";
    "com.apple.developer.team-identifier" = QAT93YWVSF;
    "com.apple.security.application-groups" =     (
        "group.com.noorulain.voicereader"
    );
    "get-task-allow" = 1;
}
    
    builtin-productPackagingUtility /Users/runner/work/voice-message-reader/voice-message-reader/App/VoiceReader.entitlements -entitlements -format xml -o /Users/runner/Library/Developer/Xcode/DerivedData/VoiceReader-bvwdbkwbpbgbfcglgmbytagthmuj/Build/Intermediates.noindex/ArchiveIntermediates/VoiceReader/IntermediateBuildFilesPath/VoiceReader.build/Release-iphoneos/VoiceReader.build/VoiceReader.app.xcent

ProcessProductPackaging /Users/runner/Library/Developer/Xcode/UserData/Provisioning\ Profiles/43a4ab9d-cab1-486a-b628-030a5b36c7e8.mobileprovision /Users/runner/Library/Developer/Xcode/DerivedData/VoiceReader-bvwdbkwbpbgbfcglgmbytagthmuj/Build/Intermediates.noindex/ArchiveIntermediates/VoiceReader/InstallationBuildProductsLocation/Applications/VoiceReader.app/embedded.mobileprovision (in target 'VoiceReader' from project 'VoiceReader')
    cd /Users/runner/work/voice-message-reader/voice-message-reader
    builtin-productPackagingUtility /Users/runner/Library/Developer/Xcode/UserData/Provisioning\ Profiles/43a4ab9d-cab1-486a-b628-030a5b36c7e8.mobileprovision -o /Users/runner/Library/Developer/Xcode/DerivedData/VoiceReader-bvwdbkwbpbgbfcglgmbytagthmuj/Build/Intermediates.noindex/ArchiveIntermediates/VoiceReader/InstallationBuildProductsLocation/Applications/VoiceReader.app/embedded.mobileprovision

ProcessProductPackagingDER /Users/runner/Library/Developer/Xcode/DerivedData/VoiceReader-bvwdbkwbpbgbfcglgmbytagthmuj/Build/Intermediates.noindex/ArchiveIntermediates/VoiceReader/IntermediateBuildFilesPath/VoiceReader.build/Release-iphoneos/VoiceReader.build/VoiceReader.app.xcent /Users/runner/Library/Developer/Xcode/DerivedData/VoiceReader-bvwdbkwbpbgbfcglgmbytagthmuj/Build/Intermediates.noindex/ArchiveIntermediates/VoiceReader/IntermediateBuildFilesPath/VoiceReader.build/Release-iphoneos/VoiceReader.build/VoiceReader.app.xcent.der (in target 'VoiceReader' from project 'VoiceReader')
    cd /Users/runner/work/voice-message-reader/voice-message-reader
    /usr/bin/derq query -f xml -i /Users/runner/Library/Developer/Xcode/DerivedData/VoiceReader-bvwdbkwbpbgbfcglgmbytagthmuj/Build/Intermediates.noindex/ArchiveIntermediates/VoiceReader/IntermediateBuildFilesPath/VoiceReader.build/Release-iphoneos/VoiceReader.build/VoiceReader.app.xcent -o /Users/runner/Library/Developer/Xcode/DerivedData/VoiceReader-bvwdbkwbpbgbfcglgmbytagthmuj/Build/Intermediates.noindex/ArchiveIntermediates/VoiceReader/IntermediateBuildFilesPath/VoiceReader.build/Release-iphoneos/VoiceReader.build/VoiceReader.app.xcent.der --raw

MkDir /Users/runner/Library/Developer/Xcode/DerivedData/VoiceReader-bvwdbkwbpbgbfcglgmbytagthmuj/Build/Intermediates.noindex/ArchiveIntermediates/VoiceReader/IntermediateBuildFilesPath/VoiceReader.build/Release-iphoneos/VoiceReader.build/assetcatalog_output/unthinned (in target 'VoiceReader' from project 'VoiceReader')
    cd /Users/runner/work/voice-message-reader/voice-message-reader
    /bin/mkdir -p /Users/runner/Library/Developer/Xcode/DerivedData/VoiceReader-bvwdbkwbpbgbfcglgmbytagthmuj/Build/Intermediates.noindex/ArchiveIntermediates/VoiceReader/IntermediateBuildFilesPath/VoiceReader.build/Release-iphoneos/VoiceReader.build/assetcatalog_output/unthinned

MkDir /Users/runner/Library/Developer/Xcode/DerivedData/VoiceReader-bvwdbkwbpbgbfcglgmbytagthmuj/Build/Intermediates.noindex/ArchiveIntermediates/VoiceReader/IntermediateBuildFilesPath/VoiceReader.build/Release-iphoneos/VoiceReader.build/assetcatalog_output/thinned (in target 'VoiceReader' from project 'VoiceReader')
    cd /Users/runner/work/voice-message-reader/voice-message-reader
    /bin/mkdir -p /Users/runner/Library/Developer/Xcode/DerivedData/VoiceReader-bvwdbkwbpbgbfcglgmbytagthmuj/Build/Intermediates.noindex/ArchiveIntermediates/VoiceReader/IntermediateBuildFilesPath/VoiceReader.build/Release-iphoneos/VoiceReader.build/assetcatalog_output/thinned

GenerateAssetSymbols /Users/runner/work/voice-message-reader/voice-message-reader/App/Assets.xcassets (in target 'VoiceReader' from project 'VoiceReader')
    cd /Users/runner/work/voice-message-reader/voice-message-reader
    /Applications/Xcode_26.0.1.app/Contents/Developer/usr/bin/actool /Users/runner/work/voice-message-reader/voice-message-reader/App/Assets.xcassets --compile /Users/runner/Library/Developer/Xcode/DerivedData/VoiceReader-bvwdbkwbpbgbfcglgmbytagthmuj/Build/Intermediates.noindex/ArchiveIntermediates/VoiceReader/InstallationBuildProductsLocation/Applications/VoiceReader.app --output-format human-readable-text --notices --warnings --export-dependency-info /Users/runner/Library/Developer/Xcode/DerivedData/VoiceReader-bvwdbkwbpbgbfcglgmbytagthmuj/Build/Intermediates.noindex/ArchiveIntermediates/VoiceReader/IntermediateBuildFilesPath/VoiceReader.build/Release-iphoneos/VoiceReader.build/assetcatalog_dependencies --output-partial-info-plist /Users/runner/Library/Developer/Xcode/DerivedData/VoiceReader-bvwdbkwbpbgbfcglgmbytagthmuj/Build/Intermediates.noindex/ArchiveIntermediates/VoiceReader/IntermediateBuildFilesPath/VoiceReader.build/Release-iphoneos/VoiceReader.build/assetcatalog_generated_info.plist --app-icon AppIcon --accent-color AccentColor --compress-pngs --enable-on-demand-resources YES --development-region en --target-device iphone --minimum-deployment-target 17.0 --platform iphoneos --bundle-identifier com.noorulain.voicereader --generate-swift-asset-symbol-extensions NO --generate-swift-asset-symbols /Users/runner/Library/Developer/Xcode/DerivedData/VoiceReader-bvwdbkwbpbgbfcglgmbytagthmuj/Build/Intermediates.noindex/ArchiveIntermediates/VoiceReader/IntermediateBuildFilesPath/VoiceReader.build/Release-iphoneos/VoiceReader.build/DerivedSources/GeneratedAssetSymbols.swift --generate-objc-asset-symbols /Users/runner/Library/Developer/Xcode/DerivedData/VoiceReader-bvwdbkwbpbgbfcglgmbytagthmuj/Build/Intermediates.noindex/ArchiveIntermediates/VoiceReader/IntermediateBuildFilesPath/VoiceReader.build/Release-iphoneos/VoiceReader.build/DerivedSources/GeneratedAssetSymbols.h --generate-asset-symbol-index /Users/runner/Library/Developer/Xcode/DerivedData/VoiceReader-bvwdbkwbpbgbfcglgmbytagthmuj/Build/Intermediates.noindex/ArchiveIntermediates/VoiceReader/IntermediateBuildFilesPath/VoiceReader.build/Release-iphoneos/VoiceReader.build/DerivedSources/GeneratedAssetSymbols-Index.plist
/* com.apple.actool.compilation-results */
/Users/runner/Library/Developer/Xcode/DerivedData/VoiceReader-bvwdbkwbpbgbfcglgmbytagthmuj/Build/Intermediates.noindex/ArchiveIntermediates/VoiceReader/IntermediateBuildFilesPath/VoiceReader.build/Release-iphoneos/VoiceReader.build/DerivedSources/GeneratedAssetSymbols-Index.plist
/Users/runner/Library/Developer/Xcode/DerivedData/VoiceReader-bvwdbkwbpbgbfcglgmbytagthmuj/Build/Intermediates.noindex/ArchiveIntermediates/VoiceReader/IntermediateBuildFilesPath/VoiceReader.build/Release-iphoneos/VoiceReader.build/DerivedSources/GeneratedAssetSymbols.h
/Users/runner/Library/Developer/Xcode/DerivedData/VoiceReader-bvwdbkwbpbgbfcglgmbytagthmuj/Build/Intermediates.noindex/ArchiveIntermediates/VoiceReader/IntermediateBuildFilesPath/VoiceReader.build/Release-iphoneos/VoiceReader.build/DerivedSources/GeneratedAssetSymbols.swift


CompileAssetCatalogVariant thinned /Users/runner/Library/Developer/Xcode/DerivedData/VoiceReader-bvwdbkwbpbgbfcglgmbytagthmuj/Build/Intermediates.noindex/ArchiveIntermediates/VoiceReader/InstallationBuildProductsLocation/Applications/VoiceReader.app /Users/runner/work/voice-message-reader/voice-message-reader/App/Assets.xcassets (in target 'VoiceReader' from project 'VoiceReader')
    cd /Users/runner/work/voice-message-reader/voice-message-reader
    /Applications/Xcode_26.0.1.app/Contents/Developer/usr/bin/actool /Users/runner/work/voice-message-reader/voice-message-reader/App/Assets.xcassets --compile /Users/runner/Library/Developer/Xcode/DerivedData/VoiceReader-bvwdbkwbpbgbfcglgmbytagthmuj/Build/Intermediates.noindex/ArchiveIntermediates/VoiceReader/IntermediateBuildFilesPath/VoiceReader.build/Release-iphoneos/VoiceReader.build/assetcatalog_output/thinned --output-format human-readable-text --notices --warnings --export-dependency-info /Users/runner/Library/Developer/Xcode/DerivedData/VoiceReader-bvwdbkwbpbgbfcglgmbytagthmuj/Build/Intermediates.noindex/ArchiveIntermediates/VoiceReader/IntermediateBuildFilesPath/VoiceReader.build/Release-iphoneos/VoiceReader.build/assetcatalog_dependencies_thinned --output-partial-info-plist /Users/runner/Library/Developer/Xcode/DerivedData/VoiceReader-bvwdbkwbpbgbfcglgmbytagthmuj/Build/Intermediates.noindex/ArchiveIntermediates/VoiceReader/IntermediateBuildFilesPath/VoiceReader.build/Release-iphoneos/VoiceReader.build/assetcatalog_generated_info.plist_thinned --app-icon AppIcon --accent-color AccentColor --compress-pngs --enable-on-demand-resources YES --development-region en --target-device iphone --minimum-deployment-target 17.0 --platform iphoneos
objc[3344]: Class _NoAnimationDelegate is implemented in both /Library/Developer/CoreSimulator/Volumes/iOS_23A8464/Library/Developer/CoreSimulator/Profiles/Runtimes/iOS 26.0.simruntime/Contents/Resources/RuntimeRoot/System/Library/Frameworks/SwiftUICore.framework/SwiftUICore (0x13ff64130) and /Library/Developer/CoreSimulator/Volumes/iOS_23A8464/Library/Developer/CoreSimulator/Profiles/Runtimes/iOS 26.0.simruntime/Contents/Resources/RuntimeRoot/System/Library/PrivateFrameworks/UIKitCore.framework/UIKitCore (0x145c6d198). This may cause spurious casting failures and mysterious crashes. One of the duplicates must be removed or renamed.
/* com.apple.actool.compilation-results */
/Users/runner/Library/Developer/Xcode/DerivedData/VoiceReader-bvwdbkwbpbgbfcglgmbytagthmuj/Build/Intermediates.noindex/ArchiveIntermediates/VoiceReader/IntermediateBuildFilesPath/VoiceReader.build/Release-iphoneos/VoiceReader.build/assetcatalog_generated_info.plist_thinned
/Users/runner/Library/Developer/Xcode/DerivedData/VoiceReader-bvwdbkwbpbgbfcglgmbytagthmuj/Build/Intermediates.noindex/ArchiveIntermediates/VoiceReader/IntermediateBuildFilesPath/VoiceReader.build/Release-iphoneos/VoiceReader.build/assetcatalog_output/thinned/AppIcon60x60@2x.png
/Users/runner/Library/Developer/Xcode/DerivedData/VoiceReader-bvwdbkwbpbgbfcglgmbytagthmuj/Build/Intermediates.noindex/ArchiveIntermediates/VoiceReader/IntermediateBuildFilesPath/VoiceReader.build/Release-iphoneos/VoiceReader.build/assetcatalog_output/thinned/AppIcon76x76@2x~ipad.png
/Users/runner/Library/Developer/Xcode/DerivedData/VoiceReader-bvwdbkwbpbgbfcglgmbytagthmuj/Build/Intermediates.noindex/ArchiveIntermediates/VoiceReader/IntermediateBuildFilesPath/VoiceReader.build/Release-iphoneos/VoiceReader.build/assetcatalog_output/thinned/Assets.car


SwiftDriver VoiceReader normal arm64 com.apple.xcode.tools.swift.compiler (in target 'VoiceReader' from project 'VoiceReader')
    cd /Users/runner/work/voice-message-reader/voice-message-reader
    builtin-SwiftDriver -- /Applications/Xcode_26.0.1.app/Contents/Developer/Toolchains/XcodeDefault.xctoolchain/usr/bin/swiftc -module-name VoiceReader -O -whole-module-optimization -enforce-exclusivity\=checked @/Users/runner/Library/Developer/Xcode/DerivedData/VoiceReader-bvwdbkwbpbgbfcglgmbytagthmuj/Build/Intermediates.noindex/ArchiveIntermediates/VoiceReader/IntermediateBuildFilesPath/VoiceReader.build/Release-iphoneos/VoiceReader.build/Objects-normal/arm64/VoiceReader.SwiftFileList -enable-bare-slash-regex -enable-experimental-feature DebugDescriptionMacro -sdk /Applications/Xcode_26.0.1.app/Contents/Developer/Platforms/iPhoneOS.platform/Developer/SDKs/iPhoneOS26.0.sdk -target arm64-apple-ios17.0 -g -module-cache-path /Users/runner/Library/Developer/Xcode/DerivedData/ModuleCache.noindex -Xfrontend -serialize-debugging-options -swift-version 5 -I /Users/runner/Library/Developer/Xcode/DerivedData/VoiceReader-bvwdbkwbpbgbfcglgmbytagthmuj/Build/Intermediates.noindex/ArchiveIntermediates/VoiceReader/BuildProductsPath/Release-iphoneos -F /Users/runner/Library/Developer/Xcode/DerivedData/VoiceReader-bvwdbkwbpbgbfcglgmbytagthmuj/Build/Intermediates.noindex/ArchiveIntermediates/VoiceReader/BuildProductsPath/Release-iphoneos/PackageFrameworks -F /Users/runner/Library/Developer/Xcode/DerivedData/VoiceReader-bvwdbkwbpbgbfcglgmbytagthmuj/Build/Intermediates.noindex/ArchiveIntermediates/VoiceReader/BuildProductsPath/Release-iphoneos/PackageFrameworks -F /Users/runner/Library/Developer/Xcode/DerivedData/VoiceReader-bvwdbkwbpbgbfcglgmbytagthmuj/Build/Intermediates.noindex/ArchiveIntermediates/VoiceReader/BuildProductsPath/Release-iphoneos -c -num-threads 3 -Xcc -ivfsstatcache -Xcc /Users/runner/Library/Developer/Xcode/DerivedData/SDKStatCaches.noindex/iphoneos26.0-23A339-3885c01c3e6b6a337905948deab2002ee897cee61435230feef45a4748fd4bcc.sdkstatcache -output-file-map /Users/runner/Library/Developer/Xcode/DerivedData/VoiceReader-bvwdbkwbpbgbfcglgmbytagthmuj/Build/Intermediates.noindex/ArchiveIntermediates/VoiceReader/IntermediateBuildFilesPath/VoiceReader.build/Release-iphoneos/VoiceReader.build/Objects-normal/arm64/VoiceReader-OutputFileMap.json -use-frontend-parseable-output -save-temps -no-color-diagnostics -explicit-module-build -module-cache-path /Users/runner/Library/Developer/Xcode/DerivedData/VoiceReader-bvwdbkwbpbgbfcglgmbytagthmuj/Build/Intermediates.noindex/ArchiveIntermediates/VoiceReader/IntermediateBuildFilesPath/SwiftExplicitPrecompiledModules -clang-scanner-module-cache-path /Users/runner/Library/Developer/Xcode/DerivedData/ModuleCache.noindex -sdk-module-cache-path /Users/runner/Library/Developer/Xcode/DerivedData/ModuleCache.noindex -serialize-diagnostics -emit-dependencies -emit-module -emit-module-path /Users/runner/Library/Developer/Xcode/DerivedData/VoiceReader-bvwdbkwbpbgbfcglgmbytagthmuj/Build/Intermediates.noindex/ArchiveIntermediates/VoiceReader/IntermediateBuildFilesPath/VoiceReader.build/Release-iphoneos/VoiceReader.build/Objects-normal/arm64/VoiceReader.swiftmodule -validate-clang-modules-once -clang-build-session-file /Users/runner/Library/Developer/Xcode/DerivedData/ModuleCache.noindex/Session.modulevalidation -Xcc -I/Users/runner/Library/Developer/Xcode/DerivedData/VoiceReader-bvwdbkwbpbgbfcglgmbytagthmuj/Build/Intermediates.noindex/ArchiveIntermediates/VoiceReader/IntermediateBuildFilesPath/VoiceReader.build/Release-iphoneos/VoiceReader.build/swift-overrides.hmap -emit-const-values -Xfrontend -const-gather-protocols-file -Xfrontend /Users/runner/Library/Developer/Xcode/DerivedData/VoiceReader-bvwdbkwbpbgbfcglgmbytagthmuj/Build/Intermediates.noindex/ArchiveIntermediates/VoiceReader/IntermediateBuildFilesPath/VoiceReader.build/Release-iphoneos/VoiceReader.build/Objects-normal/arm64/VoiceReader_const_extract_protocols.json -Xcc -iquote -Xcc /Users/runner/Library/Developer/Xcode/DerivedData/VoiceReader-bvwdbkwbpbgbfcglgmbytagthmuj/Build/Intermediates.noindex/ArchiveIntermediates/VoiceReader/IntermediateBuildFilesPath/VoiceReader.build/Release-iphoneos/VoiceReader.build/VoiceReader-generated-files.hmap -Xcc -I/Users/runner/Library/Developer/Xcode/DerivedData/VoiceReader-bvwdbkwbpbgbfcglgmbytagthmuj/Build/Intermediates.noindex/ArchiveIntermediates/VoiceReader/IntermediateBuildFilesPath/VoiceReader.build/Release-iphoneos/VoiceReader.build/VoiceReader-own-target-headers.hmap -Xcc -I/Users/runner/Library/Developer/Xcode/DerivedData/VoiceReader-bvwdbkwbpbgbfcglgmbytagthmuj/Build/Intermediates.noindex/ArchiveIntermediates/VoiceReader/IntermediateBuildFilesPath/VoiceReader.build/Release-iphoneos/VoiceReader.build/VoiceReader-all-non-framework-target-headers.hmap -Xcc -ivfsoverlay -Xcc /Users/runner/Library/Developer/Xcode/DerivedData/VoiceReader-bvwdbkwbpbgbfcglgmbytagthmuj/Build/Intermediates.noindex/ArchiveIntermediates/VoiceReader/IntermediateBuildFilesPath/VoiceReader.build/Release-iphoneos/VoiceReader-830d9596576bdeff74835997051ea29d-VFS-iphoneos/all-product-headers.yaml -Xcc -iquote -Xcc /Users/runner/Library/Developer/Xcode/DerivedData/VoiceReader-bvwdbkwbpbgbfcglgmbytagthmuj/Build/Intermediates.noindex/ArchiveIntermediates/VoiceReader/IntermediateBuildFilesPath/VoiceReader.build/Release-iphoneos/VoiceReader.build/VoiceReader-project-headers.hmap -Xcc -I/Users/runner/Library/Developer/Xcode/DerivedData/VoiceReader-bvwdbkwbpbgbfcglgmbytagthmuj/SourcePackages/checkouts/swift-ogg/Sources/SupportingFiles/Dependencies/Copustools/include -Xcc -I/Users/runner/Library/Developer/Xcode/DerivedData/VoiceReader-bvwdbkwbpbgbfcglgmbytagthmuj/Build/Intermediates.noindex/ArchiveIntermediates/VoiceReader/BuildProductsPath/Release-iphoneos/include -Xcc -I/Users/runner/Library/Developer/Xcode/DerivedData/VoiceReader-bvwdbkwbpbgbfcglgmbytagthmuj/Build/Intermediates.noindex/ArchiveIntermediates/VoiceReader/IntermediateBuildFilesPath/VoiceReader.build/Release-iphoneos/VoiceReader.build/DerivedSources-normal/arm64 -Xcc -I/Users/runner/Library/Developer/Xcode/DerivedData/VoiceReader-bvwdbkwbpbgbfcglgmbytagthmuj/Build/Intermediates.noindex/ArchiveIntermediates/VoiceReader/IntermediateBuildFilesPath/VoiceReader.build/Release-iphoneos/VoiceReader.build/DerivedSources/arm64 -Xcc -I/Users/runner/Library/Developer/Xcode/DerivedData/VoiceReader-bvwdbkwbpbgbfcglgmbytagthmuj/Build/Intermediates.noindex/ArchiveIntermediates/VoiceReader/IntermediateBuildFilesPath/VoiceReader.build/Release-iphoneos/VoiceReader.build/DerivedSources -emit-objc-header -emit-objc-header-path /Users/runner/Library/Developer/Xcode/DerivedData/VoiceReader-bvwdbkwbpbgbfcglgmbytagthmuj/Build/Intermediates.noindex/ArchiveIntermediates/VoiceReader/IntermediateBuildFilesPath/VoiceReader.build/Release-iphoneos/VoiceReader.build/Objects-normal/arm64/VoiceReader-Swift.h -working-directory /Users/runner/work/voice-message-reader/voice-message-reader -no-emit-module-separately-wmo

GenerateDSYMFile /Users/runner/Library/Developer/Xcode/DerivedData/VoiceReader-bvwdbkwbpbgbfcglgmbytagthmuj/Build/Intermediates.noindex/ArchiveIntermediates/VoiceReader/BuildProductsPath/Release-iphoneos/ShareExtension.appex.dSYM /Users/runner/Library/Developer/Xcode/DerivedData/VoiceReader-bvwdbkwbpbgbfcglgmbytagthmuj/Build/Intermediates.noindex/ArchiveIntermediates/VoiceReader/IntermediateBuildFilesPath/UninstalledProducts/iphoneos/ShareExtension.appex/ShareExtension (in target 'ShareExtension' from project 'VoiceReader')
    cd /Users/runner/work/voice-message-reader/voice-message-reader
    /Applications/Xcode_26.0.1.app/Contents/Developer/Toolchains/XcodeDefault.xctoolchain/usr/bin/dsymutil /Users/runner/Library/Developer/Xcode/DerivedData/VoiceReader-bvwdbkwbpbgbfcglgmbytagthmuj/Build/Intermediates.noindex/ArchiveIntermediates/VoiceReader/IntermediateBuildFilesPath/UninstalledProducts/iphoneos/ShareExtension.appex/ShareExtension -o /Users/runner/Library/Developer/Xcode/DerivedData/VoiceReader-bvwdbkwbpbgbfcglgmbytagthmuj/Build/Intermediates.noindex/ArchiveIntermediates/VoiceReader/BuildProductsPath/Release-iphoneos/ShareExtension.appex.dSYM

GenerateDSYMFile /Users/runner/Library/Developer/Xcode/DerivedData/VoiceReader-bvwdbkwbpbgbfcglgmbytagthmuj/Build/Intermediates.noindex/ArchiveIntermediates/VoiceReader/BuildProductsPath/Release-iphoneos/ActionExtension.appex.dSYM /Users/runner/Library/Developer/Xcode/DerivedData/VoiceReader-bvwdbkwbpbgbfcglgmbytagthmuj/Build/Intermediates.noindex/ArchiveIntermediates/VoiceReader/IntermediateBuildFilesPath/UninstalledProducts/iphoneos/ActionExtension.appex/ActionExtension (in target 'ActionExtension' from project 'VoiceReader')
    cd /Users/runner/work/voice-message-reader/voice-message-reader
    /Applications/Xcode_26.0.1.app/Contents/Developer/Toolchains/XcodeDefault.xctoolchain/usr/bin/dsymutil /Users/runner/Library/Developer/Xcode/DerivedData/VoiceReader-bvwdbkwbpbgbfcglgmbytagthmuj/Build/Intermediates.noindex/ArchiveIntermediates/VoiceReader/IntermediateBuildFilesPath/UninstalledProducts/iphoneos/ActionExtension.appex/ActionExtension -o /Users/runner/Library/Developer/Xcode/DerivedData/VoiceReader-bvwdbkwbpbgbfcglgmbytagthmuj/Build/Intermediates.noindex/ArchiveIntermediates/VoiceReader/BuildProductsPath/Release-iphoneos/ActionExtension.appex.dSYM

ExtractAppIntentsMetadata (in target 'ShareExtension' from project 'VoiceReader')
    cd /Users/runner/work/voice-message-reader/voice-message-reader
    /Applications/Xcode_26.0.1.app/Contents/Developer/Toolchains/XcodeDefault.xctoolchain/usr/bin/appintentsmetadataprocessor --toolchain-dir /var/run/com.apple.security.cryptexd/mnt/com.apple.MobileAsset.MetalToolchain-v17.1.324.0.XSlXT5/Metal.xctoolchain --module-name ShareExtension --sdk-root /Applications/Xcode_26.0.1.app/Contents/Developer/Platforms/iPhoneOS.platform/Developer/SDKs/iPhoneOS26.0.sdk --xcode-version 17A400 --platform-family iOS --deployment-target 17.0 --bundle-identifier com.noorulain.voicereader.share --output /Users/runner/Library/Developer/Xcode/DerivedData/VoiceReader-bvwdbkwbpbgbfcglgmbytagthmuj/Build/Intermediates.noindex/ArchiveIntermediates/VoiceReader/IntermediateBuildFilesPath/UninstalledProducts/iphoneos/ShareExtension.appex --target-triple arm64-apple-ios17.0 --binary-file /Users/runner/Library/Developer/Xcode/DerivedData/VoiceReader-bvwdbkwbpbgbfcglgmbytagthmuj/Build/Intermediates.noindex/ArchiveIntermediates/VoiceReader/IntermediateBuildFilesPath/UninstalledProducts/iphoneos/ShareExtension.appex/ShareExtension --dependency-file /Users/runner/Library/Developer/Xcode/DerivedData/VoiceReader-bvwdbkwbpbgbfcglgmbytagthmuj/Build/Intermediates.noindex/ArchiveIntermediates/VoiceReader/IntermediateBuildFilesPath/VoiceReader.build/Release-iphoneos/ShareExtension.build/Objects-normal/arm64/ShareExtension_dependency_info.dat --stringsdata-file /Users/runner/Library/Developer/Xcode/DerivedData/VoiceReader-bvwdbkwbpbgbfcglgmbytagthmuj/Build/Intermediates.noindex/ArchiveIntermediates/VoiceReader/IntermediateBuildFilesPath/VoiceReader.build/Release-iphoneos/ShareExtension.build/Objects-normal/arm64/ExtractedAppShortcutsMetadata.stringsdata --source-file-list /Users/runner/Library/Developer/Xcode/DerivedData/VoiceReader-bvwdbkwbpbgbfcglgmbytagthmuj/Build/Intermediates.noindex/ArchiveIntermediates/VoiceReader/IntermediateBuildFilesPath/VoiceReader.build/Release-iphoneos/ShareExtension.build/Objects-normal/arm64/ShareExtension.SwiftFileList --metadata-file-list /Users/runner/Library/Developer/Xcode/DerivedData/VoiceReader-bvwdbkwbpbgbfcglgmbytagthmuj/Build/Intermediates.noindex/ArchiveIntermediates/VoiceReader/IntermediateBuildFilesPath/VoiceReader.build/Release-iphoneos/ShareExtension.build/ShareExtension.DependencyMetadataFileList --static-metadata-file-list /Users/runner/Library/Developer/Xcode/DerivedData/VoiceReader-bvwdbkwbpbgbfcglgmbytagthmuj/Build/Intermediates.noindex/ArchiveIntermediates/VoiceReader/IntermediateBuildFilesPath/VoiceReader.build/Release-iphoneos/ShareExtension.build/ShareExtension.DependencyStaticMetadataFileList --swift-const-vals-list /Users/runner/Library/Developer/Xcode/DerivedData/VoiceReader-bvwdbkwbpbgbfcglgmbytagthmuj/Build/Intermediates.noindex/ArchiveIntermediates/VoiceReader/IntermediateBuildFilesPath/VoiceReader.build/Release-iphoneos/ShareExtension.build/Objects-normal/arm64/ShareExtension.SwiftConstValuesFileList --compile-time-extraction --deployment-aware-processing --validate-assistant-intents --no-app-shortcuts-localization
2026-10-03 14:44:25.513 appintentsmetadataprocessor[3387:14069] Starting appintentsmetadataprocessor export
2026-10-03 14:44:25.515 appintentsmetadataprocessor[3387:14069] warning: Metadata extraction skipped. No AppIntents.framework dependency found.

ExtractAppIntentsMetadata (in target 'ActionExtension' from project 'VoiceReader')
    cd /Users/runner/work/voice-message-reader/voice-message-reader
    /Applications/Xcode_26.0.1.app/Contents/Developer/Toolchains/XcodeDefault.xctoolchain/usr/bin/appintentsmetadataprocessor --toolchain-dir /var/run/com.apple.security.cryptexd/mnt/com.apple.MobileAsset.MetalToolchain-v17.1.324.0.XSlXT5/Metal.xctoolchain --module-name ActionExtension --sdk-root /Applications/Xcode_26.0.1.app/Contents/Developer/Platforms/iPhoneOS.platform/Developer/SDKs/iPhoneOS26.0.sdk --xcode-version 17A400 --platform-family iOS --deployment-target 17.0 --bundle-identifier com.noorulain.voicereader.action --output /Users/runner/Library/Developer/Xcode/DerivedData/VoiceReader-bvwdbkwbpbgbfcglgmbytagthmuj/Build/Intermediates.noindex/ArchiveIntermediates/VoiceReader/IntermediateBuildFilesPath/UninstalledProducts/iphoneos/ActionExtension.appex --target-triple arm64-apple-ios17.0 --binary-file /Users/runner/Library/Developer/Xcode/DerivedData/VoiceReader-bvwdbkwbpbgbfcglgmbytagthmuj/Build/Intermediates.noindex/ArchiveIntermediates/VoiceReader/IntermediateBuildFilesPath/UninstalledProducts/iphoneos/ActionExtension.appex/ActionExtension --dependency-file /Users/runner/Library/Developer/Xcode/DerivedData/VoiceReader-bvwdbkwbpbgbfcglgmbytagthmuj/Build/Intermediates.noindex/ArchiveIntermediates/VoiceReader/IntermediateBuildFilesPath/VoiceReader.build/Release-iphoneos/ActionExtension.build/Objects-normal/arm64/ActionExtension_dependency_info.dat --stringsdata-file /Users/runner/Library/Developer/Xcode/DerivedData/VoiceReader-bvwdbkwbpbgbfcglgmbytagthmuj/Build/Intermediates.noindex/ArchiveIntermediates/VoiceReader/IntermediateBuildFilesPath/VoiceReader.build/Release-iphoneos/ActionExtension.build/Objects-normal/arm64/ExtractedAppShortcutsMetadata.stringsdata --source-file-list /Users/runner/Library/Developer/Xcode/DerivedData/VoiceReader-bvwdbkwbpbgbfcglgmbytagthmuj/Build/Intermediates.noindex/ArchiveIntermediates/VoiceReader/IntermediateBuildFilesPath/VoiceReader.build/Release-iphoneos/ActionExtension.build/Objects-normal/arm64/ActionExtension.SwiftFileList --metadata-file-list /Users/runner/Library/Developer/Xcode/DerivedData/VoiceReader-bvwdbkwbpbgbfcglgmbytagthmuj/Build/Intermediates.noindex/ArchiveIntermediates/VoiceReader/IntermediateBuildFilesPath/VoiceReader.build/Release-iphoneos/ActionExtension.build/ActionExtension.DependencyMetadataFileList --static-metadata-file-list /Users/runner/Library/Developer/Xcode/DerivedData/VoiceReader-bvwdbkwbpbgbfcglgmbytagthmuj/Build/Intermediates.noindex/ArchiveIntermediates/VoiceReader/IntermediateBuildFilesPath/VoiceReader.build/Release-iphoneos/ActionExtension.build/ActionExtension.DependencyStaticMetadataFileList --swift-const-vals-list /Users/runner/Library/Developer/Xcode/DerivedData/VoiceReader-bvwdbkwbpbgbfcglgmbytagthmuj/Build/Intermediates.noindex/ArchiveIntermediates/VoiceReader/IntermediateBuildFilesPath/VoiceReader.build/Release-iphoneos/ActionExtension.build/Objects-normal/arm64/ActionExtension.SwiftConstValuesFileList --compile-time-extraction --deployment-aware-processing --validate-assistant-intents --no-app-shortcuts-localization
2026-10-03 14:44:25.539 appintentsmetadataprocessor[3395:14085] Starting appintentsmetadataprocessor export
2026-10-03 14:44:25.541 appintentsmetadataprocessor[3395:14085] warning: Metadata extraction skipped. No AppIntents.framework dependency found.

AppIntentsSSUTraining (in target 'ShareExtension' from project 'VoiceReader')
    cd /Users/runner/work/voice-message-reader/voice-message-reader
    /Applications/Xcode_26.0.1.app/Contents/Developer/Toolchains/XcodeDefault.xctoolchain/usr/bin/appintentsnltrainingprocessor --infoplist-path /Users/runner/Library/Developer/Xcode/DerivedData/VoiceReader-bvwdbkwbpbgbfcglgmbytagthmuj/Build/Intermediates.noindex/ArchiveIntermediates/VoiceReader/IntermediateBuildFilesPath/UninstalledProducts/iphoneos/ShareExtension.appex/Info.plist --temp-dir-path /Users/runner/Library/Developer/Xcode/DerivedData/VoiceReader-bvwdbkwbpbgbfcglgmbytagthmuj/Build/Intermediates.noindex/ArchiveIntermediates/VoiceReader/IntermediateBuildFilesPath/VoiceReader.build/Release-iphoneos/ShareExtension.build/ssu --bundle-id com.noorulain.voicereader.share --product-path /Users/runner/Library/Developer/Xcode/DerivedData/VoiceReader-bvwdbkwbpbgbfcglgmbytagthmuj/Build/Intermediates.noindex/ArchiveIntermediates/VoiceReader/IntermediateBuildFilesPath/UninstalledProducts/iphoneos/ShareExtension.appex --extracted-metadata-path /Users/runner/Library/Developer/Xcode/DerivedData/VoiceReader-bvwdbkwbpbgbfcglgmbytagthmuj/Build/Intermediates.noindex/ArchiveIntermediates/VoiceReader/IntermediateBuildFilesPath/UninstalledProducts/iphoneos/ShareExtension.appex/Metadata.appintents --deployment-postprocessing --metadata-file-list /Users/runner/Library/Developer/Xcode/DerivedData/VoiceReader-bvwdbkwbpbgbfcglgmbytagthmuj/Build/Intermediates.noindex/ArchiveIntermediates/VoiceReader/IntermediateBuildFilesPath/VoiceReader.build/Release-iphoneos/ShareExtension.build/ShareExtension.DependencyMetadataFileList --archive-ssu-assets
2026-10-03 14:44:25.561 appintentsnltrainingprocessor[3399:14093] Parsing options for appintentsnltrainingprocessor
2026-10-03 14:44:25.562 appintentsnltrainingprocessor[3399:14093] No AppShortcuts found - Skipping.

AppIntentsSSUTraining (in target 'ActionExtension' from project 'VoiceReader')
    cd /Users/runner/work/voice-message-reader/voice-message-reader
    /Applications/Xcode_26.0.1.app/Contents/Developer/Toolchains/XcodeDefault.xctoolchain/usr/bin/appintentsnltrainingprocessor --infoplist-path /Users/runner/Library/Developer/Xcode/DerivedData/VoiceReader-bvwdbkwbpbgbfcglgmbytagthmuj/Build/Intermediates.noindex/ArchiveIntermediates/VoiceReader/IntermediateBuildFilesPath/UninstalledProducts/iphoneos/ActionExtension.appex/Info.plist --temp-dir-path /Users/runner/Library/Developer/Xcode/DerivedData/VoiceReader-bvwdbkwbpbgbfcglgmbytagthmuj/Build/Intermediates.noindex/ArchiveIntermediates/VoiceReader/IntermediateBuildFilesPath/VoiceReader.build/Release-iphoneos/ActionExtension.build/ssu --bundle-id com.noorulain.voicereader.action --product-path /Users/runner/Library/Developer/Xcode/DerivedData/VoiceReader-bvwdbkwbpbgbfcglgmbytagthmuj/Build/Intermediates.noindex/ArchiveIntermediates/VoiceReader/IntermediateBuildFilesPath/UninstalledProducts/iphoneos/ActionExtension.appex --extracted-metadata-path /Users/runner/Library/Developer/Xcode/DerivedData/VoiceReader-bvwdbkwbpbgbfcglgmbytagthmuj/Build/Intermediates.noindex/ArchiveIntermediates/VoiceReader/IntermediateBuildFilesPath/UninstalledProducts/iphoneos/ActionExtension.appex/Metadata.appintents --deployment-postprocessing --metadata-file-list /Users/runner/Library/Developer/Xcode/DerivedData/VoiceReader-bvwdbkwbpbgbfcglgmbytagthmuj/Build/Intermediates.noindex/ArchiveIntermediates/VoiceReader/IntermediateBuildFilesPath/VoiceReader.build/Release-iphoneos/ActionExtension.build/ActionExtension.DependencyMetadataFileList --archive-ssu-assets
2026-10-03 14:44:25.578 appintentsnltrainingprocessor[3404:14102] Parsing options for appintentsnltrainingprocessor
2026-10-03 14:44:25.580 appintentsnltrainingprocessor[3404:14102] No AppShortcuts found - Skipping.

Strip /Users/runner/Library/Developer/Xcode/DerivedData/VoiceReader-bvwdbkwbpbgbfcglgmbytagthmuj/Build/Intermediates.noindex/ArchiveIntermediates/VoiceReader/IntermediateBuildFilesPath/UninstalledProducts/iphoneos/ShareExtension.appex/ShareExtension (in target 'ShareExtension' from project 'VoiceReader')
    cd /Users/runner/work/voice-message-reader/voice-message-reader
    /Applications/Xcode_26.0.1.app/Contents/Developer/Toolchains/XcodeDefault.xctoolchain/usr/bin/strip -D -x -T /Users/runner/Library/Developer/Xcode/DerivedData/VoiceReader-bvwdbkwbpbgbfcglgmbytagthmuj/Build/Intermediates.noindex/ArchiveIntermediates/VoiceReader/IntermediateBuildFilesPath/UninstalledProducts/iphoneos/ShareExtension.appex/ShareExtension

SetOwnerAndGroup runner:staff /Users/runner/Library/Developer/Xcode/DerivedData/VoiceReader-bvwdbkwbpbgbfcglgmbytagthmuj/Build/Intermediates.noindex/ArchiveIntermediates/VoiceReader/IntermediateBuildFilesPath/UninstalledProducts/iphoneos/ShareExtension.appex (in target 'ShareExtension' from project 'VoiceReader')
    cd /Users/runner/work/voice-message-reader/voice-message-reader
    /usr/sbin/chown -RH runner:staff /Users/runner/Library/Developer/Xcode/DerivedData/VoiceReader-bvwdbkwbpbgbfcglgmbytagthmuj/Build/Intermediates.noindex/ArchiveIntermediates/VoiceReader/IntermediateBuildFilesPath/UninstalledProducts/iphoneos/ShareExtension.appex

SetMode u+w,go-w,a+rX /Users/runner/Library/Developer/Xcode/DerivedData/VoiceReader-bvwdbkwbpbgbfcglgmbytagthmuj/Build/Intermediates.noindex/ArchiveIntermediates/VoiceReader/IntermediateBuildFilesPath/UninstalledProducts/iphoneos/ShareExtension.appex (in target 'ShareExtension' from project 'VoiceReader')
    cd /Users/runner/work/voice-message-reader/voice-message-reader
    /bin/chmod -RH u+w,go-w,a+rX /Users/runner/Library/Developer/Xcode/DerivedData/VoiceReader-bvwdbkwbpbgbfcglgmbytagthmuj/Build/Intermediates.noindex/ArchiveIntermediates/VoiceReader/IntermediateBuildFilesPath/UninstalledProducts/iphoneos/ShareExtension.appex

Strip /Users/runner/Library/Developer/Xcode/DerivedData/VoiceReader-bvwdbkwbpbgbfcglgmbytagthmuj/Build/Intermediates.noindex/ArchiveIntermediates/VoiceReader/IntermediateBuildFilesPath/UninstalledProducts/iphoneos/ActionExtension.appex/ActionExtension (in target 'ActionExtension' from project 'VoiceReader')
    cd /Users/runner/work/voice-message-reader/voice-message-reader
    /Applications/Xcode_26.0.1.app/Contents/Developer/Toolchains/XcodeDefault.xctoolchain/usr/bin/strip -D -x -T /Users/runner/Library/Developer/Xcode/DerivedData/VoiceReader-bvwdbkwbpbgbfcglgmbytagthmuj/Build/Intermediates.noindex/ArchiveIntermediates/VoiceReader/IntermediateBuildFilesPath/UninstalledProducts/iphoneos/ActionExtension.appex/ActionExtension

SetOwnerAndGroup runner:staff /Users/runner/Library/Developer/Xcode/DerivedData/VoiceReader-bvwdbkwbpbgbfcglgmbytagthmuj/Build/Intermediates.noindex/ArchiveIntermediates/VoiceReader/IntermediateBuildFilesPath/UninstalledProducts/iphoneos/ActionExtension.appex (in target 'ActionExtension' from project 'VoiceReader')
    cd /Users/runner/work/voice-message-reader/voice-message-reader
    /usr/sbin/chown -RH runner:staff /Users/runner/Library/Developer/Xcode/DerivedData/VoiceReader-bvwdbkwbpbgbfcglgmbytagthmuj/Build/Intermediates.noindex/ArchiveIntermediates/VoiceReader/IntermediateBuildFilesPath/UninstalledProducts/iphoneos/ActionExtension.appex

CodeSign /Users/runner/Library/Developer/Xcode/DerivedData/VoiceReader-bvwdbkwbpbgbfcglgmbytagthmuj/Build/Intermediates.noindex/ArchiveIntermediates/VoiceReader/IntermediateBuildFilesPath/UninstalledProducts/iphoneos/ShareExtension.appex (in target 'ShareExtension' from project 'VoiceReader')
    cd /Users/runner/work/voice-message-reader/voice-message-reader
    
    Signing Identity:     "Apple Development: Created via API (5SND3RFSYB)"
    Provisioning Profile: "iOS Team Provisioning Profile: com.noorulain.voicereader.share"
                          (370e241a-1789-47fc-8e8e-ba058518c385)
    
    /usr/bin/codesign --force --sign 4106A9D45955CE6DFE2CAAF55087A7B2770978E5 --entitlements /Users/runner/Library/Developer/Xcode/DerivedData/VoiceReader-bvwdbkwbpbgbfcglgmbytagthmuj/Build/Intermediates.noindex/ArchiveIntermediates/VoiceReader/IntermediateBuildFilesPath/VoiceReader.build/Release-iphoneos/ShareExtension.build/ShareExtension.appex.xcent --generate-entitlement-der /Users/runner/Library/Developer/Xcode/DerivedData/VoiceReader-bvwdbkwbpbgbfcglgmbytagthmuj/Build/Intermediates.noindex/ArchiveIntermediates/VoiceReader/IntermediateBuildFilesPath/UninstalledProducts/iphoneos/ShareExtension.appex

SetMode u+w,go-w,a+rX /Users/runner/Library/Developer/Xcode/DerivedData/VoiceReader-bvwdbkwbpbgbfcglgmbytagthmuj/Build/Intermediates.noindex/ArchiveIntermediates/VoiceReader/IntermediateBuildFilesPath/UninstalledProducts/iphoneos/ActionExtension.appex (in target 'ActionExtension' from project 'VoiceReader')
    cd /Users/runner/work/voice-message-reader/voice-message-reader
    /bin/chmod -RH u+w,go-w,a+rX /Users/runner/Library/Developer/Xcode/DerivedData/VoiceReader-bvwdbkwbpbgbfcglgmbytagthmuj/Build/Intermediates.noindex/ArchiveIntermediates/VoiceReader/IntermediateBuildFilesPath/UninstalledProducts/iphoneos/ActionExtension.appex

RegisterExecutionPolicyException /Users/runner/Library/Developer/Xcode/DerivedData/VoiceReader-bvwdbkwbpbgbfcglgmbytagthmuj/Build/Intermediates.noindex/ArchiveIntermediates/VoiceReader/IntermediateBuildFilesPath/UninstalledProducts/iphoneos/ShareExtension.appex (in target 'ShareExtension' from project 'VoiceReader')
    cd /Users/runner/work/voice-message-reader/voice-message-reader
    builtin-RegisterExecutionPolicyException /Users/runner/Library/Developer/Xcode/DerivedData/VoiceReader-bvwdbkwbpbgbfcglgmbytagthmuj/Build/Intermediates.noindex/ArchiveIntermediates/VoiceReader/IntermediateBuildFilesPath/UninstalledProducts/iphoneos/ShareExtension.appex

CodeSign /Users/runner/Library/Developer/Xcode/DerivedData/VoiceReader-bvwdbkwbpbgbfcglgmbytagthmuj/Build/Intermediates.noindex/ArchiveIntermediates/VoiceReader/IntermediateBuildFilesPath/UninstalledProducts/iphoneos/ActionExtension.appex (in target 'ActionExtension' from project 'VoiceReader')
    cd /Users/runner/work/voice-message-reader/voice-message-reader
    
    Signing Identity:     "Apple Development: Created via API (5SND3RFSYB)"
    Provisioning Profile: "iOS Team Provisioning Profile: com.noorulain.voicereader.action"
                          (62e2d002-0391-4372-911c-ef87108ed6c9)
    
    /usr/bin/codesign --force --sign 4106A9D45955CE6DFE2CAAF55087A7B2770978E5 --entitlements /Users/runner/Library/Developer/Xcode/DerivedData/VoiceReader-bvwdbkwbpbgbfcglgmbytagthmuj/Build/Intermediates.noindex/ArchiveIntermediates/VoiceReader/IntermediateBuildFilesPath/VoiceReader.build/Release-iphoneos/ActionExtension.build/ActionExtension.appex.xcent --generate-entitlement-der /Users/runner/Library/Developer/Xcode/DerivedData/VoiceReader-bvwdbkwbpbgbfcglgmbytagthmuj/Build/Intermediates.noindex/ArchiveIntermediates/VoiceReader/IntermediateBuildFilesPath/UninstalledProducts/iphoneos/ActionExtension.appex

Touch /Users/runner/Library/Developer/Xcode/DerivedData/VoiceReader-bvwdbkwbpbgbfcglgmbytagthmuj/Build/Intermediates.noindex/ArchiveIntermediates/VoiceReader/IntermediateBuildFilesPath/UninstalledProducts/iphoneos/ShareExtension.appex (in target 'ShareExtension' from project 'VoiceReader')
    cd /Users/runner/work/voice-message-reader/voice-message-reader
    /usr/bin/touch -c /Users/runner/Library/Developer/Xcode/DerivedData/VoiceReader-bvwdbkwbpbgbfcglgmbytagthmuj/Build/Intermediates.noindex/ArchiveIntermediates/VoiceReader/IntermediateBuildFilesPath/UninstalledProducts/iphoneos/ShareExtension.appex

RegisterExecutionPolicyException /Users/runner/Library/Developer/Xcode/DerivedData/VoiceReader-bvwdbkwbpbgbfcglgmbytagthmuj/Build/Intermediates.noindex/ArchiveIntermediates/VoiceReader/IntermediateBuildFilesPath/UninstalledProducts/iphoneos/ActionExtension.appex (in target 'ActionExtension' from project 'VoiceReader')
    cd /Users/runner/work/voice-message-reader/voice-message-reader
    builtin-RegisterExecutionPolicyException /Users/runner/Library/Developer/Xcode/DerivedData/VoiceReader-bvwdbkwbpbgbfcglgmbytagthmuj/Build/Intermediates.noindex/ArchiveIntermediates/VoiceReader/IntermediateBuildFilesPath/UninstalledProducts/iphoneos/ActionExtension.appex

Touch /Users/runner/Library/Developer/Xcode/DerivedData/VoiceReader-bvwdbkwbpbgbfcglgmbytagthmuj/Build/Intermediates.noindex/ArchiveIntermediates/VoiceReader/IntermediateBuildFilesPath/UninstalledProducts/iphoneos/ActionExtension.appex (in target 'ActionExtension' from project 'VoiceReader')
    cd /Users/runner/work/voice-message-reader/voice-message-reader
    /usr/bin/touch -c /Users/runner/Library/Developer/Xcode/DerivedData/VoiceReader-bvwdbkwbpbgbfcglgmbytagthmuj/Build/Intermediates.noindex/ArchiveIntermediates/VoiceReader/IntermediateBuildFilesPath/UninstalledProducts/iphoneos/ActionExtension.appex

Copy /Users/runner/Library/Developer/Xcode/DerivedData/VoiceReader-bvwdbkwbpbgbfcglgmbytagthmuj/Build/Intermediates.noindex/ArchiveIntermediates/VoiceReader/InstallationBuildProductsLocation/Applications/VoiceReader.app/Frameworks/YbridOpus.framework /Users/runner/Library/Developer/Xcode/DerivedData/VoiceReader-bvwdbkwbpbgbfcglgmbytagthmuj/SourcePackages/artifacts/opus-swift/YbridOpus/YbridOpus.xcframework/ios-arm64_armv7/YbridOpus.framework (in target 'VoiceReader' from project 'VoiceReader')
    cd /Users/runner/work/voice-message-reader/voice-message-reader
    builtin-copy -exclude .DS_Store -exclude CVS -exclude .svn -exclude .git -exclude .hg -exclude Headers -exclude PrivateHeaders -exclude Modules -exclude \*.tbd -bitcode-strip all -bitcode-strip-tool /Applications/Xcode_26.0.1.app/Contents/Developer/Toolchains/XcodeDefault.xctoolchain/usr/bin/bitcode_strip -resolve-src-symlinks -remove-static-executable /Users/runner/Library/Developer/Xcode/DerivedData/VoiceReader-bvwdbkwbpbgbfcglgmbytagthmuj/SourcePackages/artifacts/opus-swift/YbridOpus/YbridOpus.xcframework/ios-arm64_armv7/YbridOpus.framework /Users/runner/Library/Developer/Xcode/DerivedData/VoiceReader-bvwdbkwbpbgbfcglgmbytagthmuj/Build/Intermediates.noindex/ArchiveIntermediates/VoiceReader/InstallationBuildProductsLocation/Applications/VoiceReader.app/Frameworks
/Applications/Xcode_26.0.1.app/Contents/Developer/Toolchains/XcodeDefault.xctoolchain/usr/bin/bitcode_strip /Users/runner/Library/Developer/Xcode/DerivedData/VoiceReader-bvwdbkwbpbgbfcglgmbytagthmuj/SourcePackages/artifacts/opus-swift/YbridOpus/YbridOpus.xcframework/ios-arm64_armv7/YbridOpus.framework/YbridOpus -r -o /Users/runner/Library/Developer/Xcode/DerivedData/VoiceReader-bvwdbkwbpbgbfcglgmbytagthmuj/Build/Intermediates.noindex/ArchiveIntermediates/VoiceReader/InstallationBuildProductsLocation/Applications/VoiceReader.app/Frameworks/YbridOpus.framework/YbridOpus

Copy /Users/runner/Library/Developer/Xcode/DerivedData/VoiceReader-bvwdbkwbpbgbfcglgmbytagthmuj/Build/Intermediates.noindex/ArchiveIntermediates/VoiceReader/InstallationBuildProductsLocation/Applications/VoiceReader.app/Frameworks/YbridOgg.framework /Users/runner/Library/Developer/Xcode/DerivedData/VoiceReader-bvwdbkwbpbgbfcglgmbytagthmuj/SourcePackages/artifacts/ogg-swift/YbridOgg/YbridOgg.xcframework/ios-arm64_armv7/YbridOgg.framework (in target 'VoiceReader' from project 'VoiceReader')
    cd /Users/runner/work/voice-message-reader/voice-message-reader
    builtin-copy -exclude .DS_Store -exclude CVS -exclude .svn -exclude .git -exclude .hg -exclude Headers -exclude PrivateHeaders -exclude Modules -exclude \*.tbd -bitcode-strip all -bitcode-strip-tool /Applications/Xcode_26.0.1.app/Contents/Developer/Toolchains/XcodeDefault.xctoolchain/usr/bin/bitcode_strip -resolve-src-symlinks -remove-static-executable /Users/runner/Library/Developer/Xcode/DerivedData/VoiceReader-bvwdbkwbpbgbfcglgmbytagthmuj/SourcePackages/artifacts/ogg-swift/YbridOgg/YbridOgg.xcframework/ios-arm64_armv7/YbridOgg.framework /Users/runner/Library/Developer/Xcode/DerivedData/VoiceReader-bvwdbkwbpbgbfcglgmbytagthmuj/Build/Intermediates.noindex/ArchiveIntermediates/VoiceReader/InstallationBuildProductsLocation/Applications/VoiceReader.app/Frameworks
/Applications/Xcode_26.0.1.app/Contents/Developer/Toolchains/XcodeDefault.xctoolchain/usr/bin/bitcode_strip /Users/runner/Library/Developer/Xcode/DerivedData/VoiceReader-bvwdbkwbpbgbfcglgmbytagthmuj/SourcePackages/artifacts/ogg-swift/YbridOgg/YbridOgg.xcframework/ios-arm64_armv7/YbridOgg.framework/YbridOgg -r -o /Users/runner/Library/Developer/Xcode/DerivedData/VoiceReader-bvwdbkwbpbgbfcglgmbytagthmuj/Build/Intermediates.noindex/ArchiveIntermediates/VoiceReader/InstallationBuildProductsLocation/Applications/VoiceReader.app/Frameworks/YbridOgg.framework/YbridOgg

CodeSign /Users/runner/Library/Developer/Xcode/DerivedData/VoiceReader-bvwdbkwbpbgbfcglgmbytagthmuj/Build/Intermediates.noindex/ArchiveIntermediates/VoiceReader/InstallationBuildProductsLocation/Applications/VoiceReader.app/Frameworks/YbridOpus.framework (in target 'VoiceReader' from project 'VoiceReader')
    cd /Users/runner/work/voice-message-reader/voice-message-reader
    
    Signing Identity:     "Apple Development: Created via API (5SND3RFSYB)"
    Provisioning Profile: "iOS Team Provisioning Profile: com.noorulain.voicereader"
                          (43a4ab9d-cab1-486a-b628-030a5b36c7e8)
    
    /usr/bin/codesign --force --sign 4106A9D45955CE6DFE2CAAF55087A7B2770978E5 --preserve-metadata\=identifier,entitlements,flags --generate-entitlement-der /Users/runner/Library/Developer/Xcode/DerivedData/VoiceReader-bvwdbkwbpbgbfcglgmbytagthmuj/Build/Intermediates.noindex/ArchiveIntermediates/VoiceReader/InstallationBuildProductsLocation/Applications/VoiceReader.app/Frameworks/YbridOpus.framework

CodeSign /Users/runner/Library/Developer/Xcode/DerivedData/VoiceReader-bvwdbkwbpbgbfcglgmbytagthmuj/Build/Intermediates.noindex/ArchiveIntermediates/VoiceReader/InstallationBuildProductsLocation/Applications/VoiceReader.app/Frameworks/YbridOgg.framework (in target 'VoiceReader' from project 'VoiceReader')
    cd /Users/runner/work/voice-message-reader/voice-message-reader
    
    Signing Identity:     "Apple Development: Created via API (5SND3RFSYB)"
    Provisioning Profile: "iOS Team Provisioning Profile: com.noorulain.voicereader"
                          (43a4ab9d-cab1-486a-b628-030a5b36c7e8)
    
    /usr/bin/codesign --force --sign 4106A9D45955CE6DFE2CAAF55087A7B2770978E5 --preserve-metadata\=identifier,entitlements,flags --generate-entitlement-der /Users/runner/Library/Developer/Xcode/DerivedData/VoiceReader-bvwdbkwbpbgbfcglgmbytagthmuj/Build/Intermediates.noindex/ArchiveIntermediates/VoiceReader/InstallationBuildProductsLocation/Applications/VoiceReader.app/Frameworks/YbridOgg.framework

SwiftDriver\ Compilation VoiceReader normal arm64 com.apple.xcode.tools.swift.compiler (in target 'VoiceReader' from project 'VoiceReader')
    cd /Users/runner/work/voice-message-reader/voice-message-reader
    builtin-Swift-Compilation -- /Applications/Xcode_26.0.1.app/Contents/Developer/Toolchains/XcodeDefault.xctoolchain/usr/bin/swiftc -module-name VoiceReader -O -whole-module-optimization -enforce-exclusivity\=checked @/Users/runner/Library/Developer/Xcode/DerivedData/VoiceReader-bvwdbkwbpbgbfcglgmbytagthmuj/Build/Intermediates.noindex/ArchiveIntermediates/VoiceReader/IntermediateBuildFilesPath/VoiceReader.build/Release-iphoneos/VoiceReader.build/Objects-normal/arm64/VoiceReader.SwiftFileList -enable-bare-slash-regex -enable-experimental-feature DebugDescriptionMacro -sdk /Applications/Xcode_26.0.1.app/Contents/Developer/Platforms/iPhoneOS.platform/Developer/SDKs/iPhoneOS26.0.sdk -target arm64-apple-ios17.0 -g -module-cache-path /Users/runner/Library/Developer/Xcode/DerivedData/ModuleCache.noindex -Xfrontend -serialize-debugging-options -swift-version 5 -I /Users/runner/Library/Developer/Xcode/DerivedData/VoiceReader-bvwdbkwbpbgbfcglgmbytagthmuj/Build/Intermediates.noindex/ArchiveIntermediates/VoiceReader/BuildProductsPath/Release-iphoneos -F /Users/runner/Library/Developer/Xcode/DerivedData/VoiceReader-bvwdbkwbpbgbfcglgmbytagthmuj/Build/Intermediates.noindex/ArchiveIntermediates/VoiceReader/BuildProductsPath/Release-iphoneos/PackageFrameworks -F /Users/runner/Library/Developer/Xcode/DerivedData/VoiceReader-bvwdbkwbpbgbfcglgmbytagthmuj/Build/Intermediates.noindex/ArchiveIntermediates/VoiceReader/BuildProductsPath/Release-iphoneos/PackageFrameworks -F /Users/runner/Library/Developer/Xcode/DerivedData/VoiceReader-bvwdbkwbpbgbfcglgmbytagthmuj/Build/Intermediates.noindex/ArchiveIntermediates/VoiceReader/BuildProductsPath/Release-iphoneos -c -num-threads 3 -Xcc -ivfsstatcache -Xcc /Users/runner/Library/Developer/Xcode/DerivedData/SDKStatCaches.noindex/iphoneos26.0-23A339-3885c01c3e6b6a337905948deab2002ee897cee61435230feef45a4748fd4bcc.sdkstatcache -output-file-map /Users/runner/Library/Developer/Xcode/DerivedData/VoiceReader-bvwdbkwbpbgbfcglgmbytagthmuj/Build/Intermediates.noindex/ArchiveIntermediates/VoiceReader/IntermediateBuildFilesPath/VoiceReader.build/Release-iphoneos/VoiceReader.build/Objects-normal/arm64/VoiceReader-OutputFileMap.json -use-frontend-parseable-output -save-temps -no-color-diagnostics -explicit-module-build -module-cache-path /Users/runner/Library/Developer/Xcode/DerivedData/VoiceReader-bvwdbkwbpbgbfcglgmbytagthmuj/Build/Intermediates.noindex/ArchiveIntermediates/VoiceReader/IntermediateBuildFilesPath/SwiftExplicitPrecompiledModules -clang-scanner-module-cache-path /Users/runner/Library/Developer/Xcode/DerivedData/ModuleCache.noindex -sdk-module-cache-path /Users/runner/Library/Developer/Xcode/DerivedData/ModuleCache.noindex -serialize-diagnostics -emit-dependencies -emit-module -emit-module-path /Users/runner/Library/Developer/Xcode/DerivedData/VoiceReader-bvwdbkwbpbgbfcglgmbytagthmuj/Build/Intermediates.noindex/ArchiveIntermediates/VoiceReader/IntermediateBuildFilesPath/VoiceReader.build/Release-iphoneos/VoiceReader.build/Objects-normal/arm64/VoiceReader.swiftmodule -validate-clang-modules-once -clang-build-session-file /Users/runner/Library/Developer/Xcode/DerivedData/ModuleCache.noindex/Session.modulevalidation -Xcc -I/Users/runner/Library/Developer/Xcode/DerivedData/VoiceReader-bvwdbkwbpbgbfcglgmbytagthmuj/Build/Intermediates.noindex/ArchiveIntermediates/VoiceReader/IntermediateBuildFilesPath/VoiceReader.build/Release-iphoneos/VoiceReader.build/swift-overrides.hmap -emit-const-values -Xfrontend -const-gather-protocols-file -Xfrontend /Users/runner/Library/Developer/Xcode/DerivedData/VoiceReader-bvwdbkwbpbgbfcglgmbytagthmuj/Build/Intermediates.noindex/ArchiveIntermediates/VoiceReader/IntermediateBuildFilesPath/VoiceReader.build/Release-iphoneos/VoiceReader.build/Objects-normal/arm64/VoiceReader_const_extract_protocols.json -Xcc -iquote -Xcc /Users/runner/Library/Developer/Xcode/DerivedData/VoiceReader-bvwdbkwbpbgbfcglgmbytagthmuj/Build/Intermediates.noindex/ArchiveIntermediates/VoiceReader/IntermediateBuildFilesPath/VoiceReader.build/Release-iphoneos/VoiceReader.build/VoiceReader-generated-files.hmap -Xcc -I/Users/runner/Library/Developer/Xcode/DerivedData/VoiceReader-bvwdbkwbpbgbfcglgmbytagthmuj/Build/Intermediates.noindex/ArchiveIntermediates/VoiceReader/IntermediateBuildFilesPath/VoiceReader.build/Release-iphoneos/VoiceReader.build/VoiceReader-own-target-headers.hmap -Xcc -I/Users/runner/Library/Developer/Xcode/DerivedData/VoiceReader-bvwdbkwbpbgbfcglgmbytagthmuj/Build/Intermediates.noindex/ArchiveIntermediates/VoiceReader/IntermediateBuildFilesPath/VoiceReader.build/Release-iphoneos/VoiceReader.build/VoiceReader-all-non-framework-target-headers.hmap -Xcc -ivfsoverlay -Xcc /Users/runner/Library/Developer/Xcode/DerivedData/VoiceReader-bvwdbkwbpbgbfcglgmbytagthmuj/Build/Intermediates.noindex/ArchiveIntermediates/VoiceReader/IntermediateBuildFilesPath/VoiceReader.build/Release-iphoneos/VoiceReader-830d9596576bdeff74835997051ea29d-VFS-iphoneos/all-product-headers.yaml -Xcc -iquote -Xcc /Users/runner/Library/Developer/Xcode/DerivedData/VoiceReader-bvwdbkwbpbgbfcglgmbytagthmuj/Build/Intermediates.noindex/ArchiveIntermediates/VoiceReader/IntermediateBuildFilesPath/VoiceReader.build/Release-iphoneos/VoiceReader.build/VoiceReader-project-headers.hmap -Xcc -I/Users/runner/Library/Developer/Xcode/DerivedData/VoiceReader-bvwdbkwbpbgbfcglgmbytagthmuj/SourcePackages/checkouts/swift-ogg/Sources/SupportingFiles/Dependencies/Copustools/include -Xcc -I/Users/runner/Library/Developer/Xcode/DerivedData/VoiceReader-bvwdbkwbpbgbfcglgmbytagthmuj/Build/Intermediates.noindex/ArchiveIntermediates/VoiceReader/BuildProductsPath/Release-iphoneos/include -Xcc -I/Users/runner/Library/Developer/Xcode/DerivedData/VoiceReader-bvwdbkwbpbgbfcglgmbytagthmuj/Build/Intermediates.noindex/ArchiveIntermediates/VoiceReader/IntermediateBuildFilesPath/VoiceReader.build/Release-iphoneos/VoiceReader.build/DerivedSources-normal/arm64 -Xcc -I/Users/runner/Library/Developer/Xcode/DerivedData/VoiceReader-bvwdbkwbpbgbfcglgmbytagthmuj/Build/Intermediates.noindex/ArchiveIntermediates/VoiceReader/IntermediateBuildFilesPath/VoiceReader.build/Release-iphoneos/VoiceReader.build/DerivedSources/arm64 -Xcc -I/Users/runner/Library/Developer/Xcode/DerivedData/VoiceReader-bvwdbkwbpbgbfcglgmbytagthmuj/Build/Intermediates.noindex/ArchiveIntermediates/VoiceReader/IntermediateBuildFilesPath/VoiceReader.build/Release-iphoneos/VoiceReader.build/DerivedSources -emit-objc-header -emit-objc-header-path /Users/runner/Library/Developer/Xcode/DerivedData/VoiceReader-bvwdbkwbpbgbfcglgmbytagthmuj/Build/Intermediates.noindex/ArchiveIntermediates/VoiceReader/IntermediateBuildFilesPath/VoiceReader.build/Release-iphoneos/VoiceReader.build/Objects-normal/arm64/VoiceReader-Swift.h -working-directory /Users/runner/work/voice-message-reader/voice-message-reader -no-emit-module-separately-wmo

SwiftExplicitDependencyGeneratePcm arm64 /Users/runner/Library/Developer/Xcode/DerivedData/ModuleCache.noindex/_AvailabilityInternal-3ATYOQX7Y8FLM8A2YCZJ3XY20.pcm

SwiftExplicitDependencyGeneratePcm arm64 /Users/runner/Library/Developer/Xcode/DerivedData/ModuleCache.noindex/_StoreKit_SwiftUI-4VGCA1C54XQYCZ5OAYT39JIFD.pcm

SwiftExplicitDependencyGeneratePcm arm64 /Users/runner/Library/Developer/Xcode/DerivedData/ModuleCache.noindex/DeveloperToolsSupport-HCZMCF2IFW7XDM9N7A06STUF.pcm

SwiftExplicitDependencyGeneratePcm arm64 /Users/runner/Library/Developer/Xcode/DerivedData/ModuleCache.noindex/_Builtin_stddef-BCN5UZKFGITR7ZRCKPL0XV6NH.pcm

SwiftExplicitDependencyGeneratePcm arm64 /Users/runner/Library/Developer/Xcode/DerivedData/ModuleCache.noindex/ptrcheck-CSG821Y62FW54DU5Q3NJ3BXXK.pcm

SwiftExplicitDependencyGeneratePcm arm64 /Users/runner/Library/Developer/Xcode/DerivedData/ModuleCache.noindex/ActivityKit-CG13TUGG53V8PSMQC59HIAXA5.pcm

SwiftExplicitDependencyGeneratePcm arm64 /Users/runner/Library/Developer/Xcode/DerivedData/ModuleCache.noindex/_SwiftConcurrencyShims-ABAP3XK4FPZ0HOQN2OA37HGW1.pcm

SwiftExplicitDependencyGeneratePcm arm64 /Users/runner/Library/Developer/Xcode/DerivedData/ModuleCache.noindex/_DarwinFoundation1-C4GMY5GJL27V67BC5GLXL6RIS.pcm

SwiftExplicitDependencyGeneratePcm arm64 /Users/runner/Library/Developer/Xcode/DerivedData/ModuleCache.noindex/_Builtin_stdarg-9Y4GU7MTA8DBNH1PACULN7G8Y.pcm

SwiftExplicitDependencyGeneratePcm arm64 /Users/runner/Library/Developer/Xcode/DerivedData/ModuleCache.noindex/SwiftShims-729RK0AG4RLNXRNPZ5CEVPYCL.pcm

SwiftExplicitDependencyGeneratePcm arm64 /Users/runner/Library/Developer/Xcode/DerivedData/ModuleCache.noindex/_Builtin_stdbool-BU6A90G0BL93UCVHPFOADHETH.pcm

SwiftExplicitDependencyGeneratePcm arm64 /Users/runner/Library/Developer/Xcode/DerivedData/ModuleCache.noindex/_Builtin_limits-586IO2Q4GEPFTFV4IRQ5FNWRR.pcm

SwiftExplicitDependencyGeneratePcm arm64 /Users/runner/Library/Developer/Xcode/DerivedData/ModuleCache.noindex/_DarwinFoundation2-6ADNO32KZEHEK53UWCW60DAFQ.pcm

SwiftExplicitDependencyGeneratePcm arm64 /Users/runner/Library/Developer/Xcode/DerivedData/ModuleCache.noindex/_Builtin_float-DSICRM00A0IHM2RV3M1PUDXJC.pcm

SwiftExplicitDependencyGeneratePcm arm64 /Users/runner/Library/Developer/Xcode/DerivedData/ModuleCache.noindex/ptrauth-DNC48MLQZWYGD5SJ5HWZM6P46.pcm

SwiftExplicitDependencyGeneratePcm arm64 /Users/runner/Library/Developer/Xcode/DerivedData/ModuleCache.noindex/ExtensionFoundation-AYAEESTCBZUKE34FA88GIH1M8.pcm

SwiftExplicitDependencyGeneratePcm arm64 /Users/runner/Library/Developer/Xcode/DerivedData/ModuleCache.noindex/sys_types-5HXOG0DU2OYW3S1Q29RL7PL63.pcm

SwiftExplicitDependencyGeneratePcm arm64 /Users/runner/Library/Developer/Xcode/DerivedData/VoiceReader-bvwdbkwbpbgbfcglgmbytagthmuj/Build/Intermediates.noindex/ArchiveIntermediates/VoiceReader/IntermediateBuildFilesPath/SwiftExplicitPrecompiledModules/Copustools-2ANFUUUT0VPQ10MPVFI25CWOT.pcm

SwiftExplicitDependencyGeneratePcm arm64 /Users/runner/Library/Developer/Xcode/DerivedData/ModuleCache.noindex/_Builtin_stdint-379KIWUSTSQGLC7FGPEAQ6AS7.pcm

SwiftExplicitDependencyGeneratePcm arm64 /Users/runner/Library/Developer/Xcode/DerivedData/ModuleCache.noindex/_Builtin_tgmath-3ZF2NMDBDQQN37E1XMTYNAQ0Y.pcm

SwiftExplicitDependencyGeneratePcm arm64 /Users/runner/Library/Developer/Xcode/DerivedData/ModuleCache.noindex/_Builtin_intrinsics-30WBM5K2R1MC2I220BS6KD47Z.pcm

SwiftExplicitDependencyGeneratePcm arm64 /Users/runner/Library/Developer/Xcode/DerivedData/ModuleCache.noindex/_Builtin_stdatomic-DGHOMB92ZJDMG52O1936F23SA.pcm

SwiftExplicitDependencyGeneratePcm arm64 /Users/runner/Library/Developer/Xcode/DerivedData/ModuleCache.noindex/_DarwinFoundation3-JD4MMCU08CNDI8D8QFYVZDC3.pcm

SwiftExplicitDependencyGeneratePcm arm64 /Users/runner/Library/Developer/Xcode/DerivedData/ModuleCache.noindex/_Builtin_inttypes-62UOWMKMLEV9XBHM5G186VZAH.pcm

SwiftExplicitDependencyGeneratePcm arm64 /Users/runner/Library/Developer/Xcode/DerivedData/ModuleCache.noindex/simd-3O670MLI2MMW0ZLUGJAAWYUR2.pcm

SwiftExplicitDependencyGeneratePcm arm64 /Users/runner/Library/Developer/Xcode/DerivedData/ModuleCache.noindex/Darwin-U8PUF732SX13N33G09IAAQOS.pcm

SwiftExplicitDependencyGeneratePcm arm64 /Users/runner/Library/Developer/Xcode/DerivedData/ModuleCache.noindex/Spatial-2K78JFZ044PP6X7943F0JL00H.pcm

SwiftExplicitDependencyGeneratePcm arm64 /Users/runner/Library/Developer/Xcode/DerivedData/ModuleCache.noindex/ObjectiveC-8V2PWUULKPXWRBDXNE2BKE1BJ.pcm

SwiftExplicitDependencyGeneratePcm arm64 /Users/runner/Library/Developer/Xcode/DerivedData/ModuleCache.noindex/MachO-CVHLH2GYTOEPOLMSLEVV61F1X.pcm

SwiftExplicitDependencyGeneratePcm arm64 /Users/runner/Library/Developer/Xcode/DerivedData/ModuleCache.noindex/os_object-AUJ0U64R0QIXXA4LPBV6Y91FB.pcm

SwiftExplicitDependencyGeneratePcm arm64 /Users/runner/Library/Developer/Xcode/DerivedData/ModuleCache.noindex/os_workgroup-COJ7YOPUPZLAQNEZAX23Y4ZE4.pcm

SwiftExplicitDependencyGeneratePcm arm64 /Users/runner/Library/Developer/Xcode/DerivedData/ModuleCache.noindex/Dispatch-7KNT5O4HDUREECLDI0GL3OEQ6.pcm

SwiftExplicitDependencyGeneratePcm arm64 /Users/runner/Library/Developer/Xcode/DerivedData/ModuleCache.noindex/XPC-D51TOL6KMG2RGCWCH2BXI93P.pcm

SwiftExplicitDependencyGeneratePcm arm64 /Users/runner/Library/Developer/Xcode/DerivedData/ModuleCache.noindex/CoreFoundation-2L4O5SIVVNW7M5P87T1XF5OYI.pcm

SwiftExplicitDependencyGeneratePcm arm64 /Users/runner/Library/Developer/Xcode/DerivedData/ModuleCache.noindex/dnssd-B1IR7YDNBYN2TRVRRYGCUJ2R0.pcm

SwiftExplicitDependencyGeneratePcm arm64 /Users/runner/Library/Developer/Xcode/DerivedData/ModuleCache.noindex/os-EWI5QL6OJBTUQZKNMKOMU4GWF.pcm

SwiftExplicitDependencyGeneratePcm arm64 /Users/runner/Library/Developer/Xcode/DerivedData/ModuleCache.noindex/CoreAudioTypes-6HAK54JTJ8H732J30PQD0GH0W.pcm

SwiftExplicitDependencyGeneratePcm arm64 /Users/runner/Library/Developer/Xcode/DerivedData/ModuleCache.noindex/CFNetwork-DTTIM1ZKDYDUINM30JGIYEV8X.pcm

SwiftExplicitDependencyGeneratePcm arm64 /Users/runner/Library/Developer/Xcode/DerivedData/ModuleCache.noindex/CoreGraphics-9TSHA2JH95RH8D9QYN7DFV8QT.pcm

SwiftExplicitDependencyGeneratePcm arm64 /Users/runner/Library/Developer/Xcode/DerivedData/ModuleCache.noindex/Security-9VFL9IB8YO33PBBJHPU1YBEVE.pcm

SwiftExplicitDependencyGeneratePcm arm64 /Users/runner/Library/Developer/Xcode/DerivedData/ModuleCache.noindex/CoreAudio-AIAQD0RDB0GC7G8592NBKQAX4.pcm

SwiftExplicitDependencyGeneratePcm arm64 /Users/runner/Library/Developer/Xcode/DerivedData/ModuleCache.noindex/ImageIO-AIXE908AL0IQ02V7C59YWKYOV.pcm

SwiftExplicitDependencyGeneratePcm arm64 /Users/runner/Library/Developer/Xcode/DerivedData/ModuleCache.noindex/Foundation-A95BH4TQXZVOJUCJN0DIP56BB.pcm

SwiftExplicitDependencyGeneratePcm arm64 /Users/runner/Library/Developer/Xcode/DerivedData/ModuleCache.noindex/CoreText-A9M3SPGAPV3SY7YHHIO5JWX8H.pcm

SwiftExplicitDependencyGeneratePcm arm64 /Users/runner/Library/Developer/Xcode/DerivedData/ModuleCache.noindex/Symbols-2FZB5AB69AFXFHU8B3M56Y7NB.pcm

SwiftExplicitDependencyGeneratePcm arm64 /Users/runner/Library/Developer/Xcode/DerivedData/ModuleCache.noindex/CoreTransferable-3IYPRRPKICF90NP07RDAUBV67.pcm

SwiftExplicitDependencyGeneratePcm arm64 /Users/runner/Library/Developer/Xcode/DerivedData/ModuleCache.noindex/UIUtilities-DTLAW841QZLFVKVXH2ED11ZC0.pcm

SwiftExplicitDependencyGeneratePcm arm64 /Users/runner/Library/Developer/Xcode/DerivedData/ModuleCache.noindex/CoreData-4R5CXE55DPVEZ08F2ZM56N0HE.pcm

SwiftExplicitDependencyGeneratePcm arm64 /Users/runner/Library/Developer/Xcode/DerivedData/ModuleCache.noindex/Translation-2RP00JVQI2ZDHNBCEOM4QWV4Y.pcm

SwiftExplicitDependencyGeneratePcm arm64 /Users/runner/Library/Developer/Xcode/DerivedData/ModuleCache.noindex/UserNotifications-1Y7EX84IYVX9YSZQANX8V93XQ.pcm

SwiftExplicitDependencyGeneratePcm arm64 /Users/runner/Library/Developer/Xcode/DerivedData/ModuleCache.noindex/FileProvider-EWJIZAIZUERRXMTQ3TTYW7EPT.pcm

SwiftExplicitDependencyGeneratePcm arm64 /Users/runner/Library/Developer/Xcode/DerivedData/ModuleCache.noindex/OSLog-9PO079U4T1G1LP8S2YPUJWBZA.pcm

SwiftExplicitDependencyGeneratePcm arm64 /Users/runner/Library/Developer/Xcode/DerivedData/ModuleCache.noindex/Accessibility-72H5DGDZJSCOB9T48PC4RWGUR.pcm

SwiftExplicitDependencyGeneratePcm arm64 /Users/runner/Library/Developer/Xcode/DerivedData/ModuleCache.noindex/DataDetection-65QR7EQGZM8NPFAZ5CC20MEJF.pcm

SwiftExplicitDependencyGeneratePcm arm64 /Users/runner/Library/Developer/Xcode/DerivedData/ModuleCache.noindex/Network-2LMF9QADW6GETITAM3CMO9841.pcm

SwiftExplicitDependencyGeneratePcm arm64 /Users/runner/Library/Developer/Xcode/DerivedData/ModuleCache.noindex/UniformTypeIdentifiers-47LXFV6O1V36Q1912GEWOLFNA.pcm

SwiftExplicitDependencyGeneratePcm arm64 /Users/runner/Library/Developer/Xcode/DerivedData/ModuleCache.noindex/BackgroundAssets-F3APDSY2U8U3933M8VR0MM9TW.pcm

SwiftExplicitDependencyGeneratePcm arm64 /Users/runner/Library/Developer/Xcode/DerivedData/ModuleCache.noindex/CoreSpotlight-5I00H3845HZZQ3KWB3BW5933S.pcm

SwiftExplicitDependencyGeneratePcm arm64 /Users/runner/Library/Developer/Xcode/DerivedData/ModuleCache.noindex/AVRouting-MJ518UQCF1IVH0RM586GVYJS.pcm

SwiftExplicitDependencyGeneratePcm arm64 /Users/runner/Library/Developer/Xcode/DerivedData/ModuleCache.noindex/_LocationEssentials-BX5FDMLC71RV864D7B2EDGDAK.pcm

SwiftExplicitDependencyGeneratePcm arm64 /Users/runner/Library/Developer/Xcode/DerivedData/ModuleCache.noindex/CoreMIDI-BI83QOLTGATOMDC8SL1EH9MKM.pcm

SwiftExplicitDependencyGeneratePcm arm64 /Users/runner/Library/Developer/Xcode/DerivedData/ModuleCache.noindex/LocalAuthentication-E6IU6GVDZIMCI01KDB51LPX59.pcm

SwiftExplicitDependencyGeneratePcm arm64 /Users/runner/Library/Developer/Xcode/DerivedData/ModuleCache.noindex/CoreLocation-56QQ42TIKVS6XJSGE8UUERSX1.pcm

SwiftExplicitDependencyGeneratePcm arm64 /Users/runner/Library/Developer/Xcode/DerivedData/ModuleCache.noindex/AudioToolbox-DPJWASD0PF5FRR3JP4321L2Y9.pcm

SwiftExplicitDependencyGeneratePcm arm64 /Users/runner/Library/Developer/Xcode/DerivedData/ModuleCache.noindex/WidgetKit-9TXF8HJV22HWZ06XCAS5CF6IX.pcm

SwiftExplicitDependencyGeneratePcm arm64 /Users/runner/Library/Developer/Xcode/DerivedData/ModuleCache.noindex/Intents-79I2BOI5Y7B71WMU3L06BNL2K.pcm

SwiftExplicitDependencyGeneratePcm arm64 /Users/runner/Library/Developer/Xcode/DerivedData/ModuleCache.noindex/NaturalLanguage-CJ374FKVNGV3TEKR6M2TCECRM.pcm

SwiftExplicitDependencyGeneratePcm arm64 /Users/runner/Library/Developer/Xcode/DerivedData/ModuleCache.noindex/IOSurface-9YMPTTCBKQ8SN5R8D0K704TC1.pcm

SwiftExplicitDependencyGeneratePcm arm64 /Users/runner/Library/Developer/Xcode/DerivedData/ModuleCache.noindex/RelevanceKit-EK13QU0TTHLXKJBEAXHQPUX4V.pcm

SwiftExplicitDependencyGeneratePcm arm64 /Users/runner/Library/Developer/Xcode/DerivedData/ModuleCache.noindex/Metal-96BFSLK4OEZGZLY7WGCHZW1CS.pcm

SwiftExplicitDependencyGeneratePcm arm64 /Users/runner/Library/Developer/Xcode/DerivedData/ModuleCache.noindex/OpenGLES-F2KFK56NZQ65D0H35CC08GL13.pcm

SwiftExplicitDependencyGeneratePcm arm64 /Users/runner/Library/Developer/Xcode/DerivedData/ModuleCache.noindex/AppIntents-1230T7P465VP4TYXMIF9RIDLK.pcm

SwiftExplicitDependencyGeneratePcm arm64 /Users/runner/Library/Developer/Xcode/DerivedData/ModuleCache.noindex/CoreVideo-4RQLPJW95GAI8M6EXQ0MYJLW7.pcm

SwiftExplicitDependencyGeneratePcm arm64 /Users/runner/Library/Developer/Xcode/DerivedData/ModuleCache.noindex/CoreImage-CI97WNAUXMED66ZKD7WAAHR6U.pcm

SwiftExplicitDependencyGeneratePcm arm64 /Users/runner/Library/Developer/Xcode/DerivedData/ModuleCache.noindex/QuartzCore-5MBENFANP60MA955OZ6721AZV.pcm

SwiftExplicitDependencyGeneratePcm arm64 /Users/runner/Library/Developer/Xcode/DerivedData/ModuleCache.noindex/CoreMedia-B3QWQ3ZLEG27WT003DJ60TZQN.pcm

SwiftExplicitDependencyGeneratePcm arm64 /Users/runner/Library/Developer/Xcode/DerivedData/ModuleCache.noindex/SwiftUICore-3STSSDJJHXV1GLC66UKOTQU87.pcm

SwiftExplicitDependencyGeneratePcm arm64 /Users/runner/Library/Developer/Xcode/DerivedData/ModuleCache.noindex/UIKit-DB427KMNGOPCV878UTWFYYT01.pcm

SwiftExplicitDependencyGeneratePcm arm64 /Users/runner/Library/Developer/Xcode/DerivedData/ModuleCache.noindex/AVFAudio-B6RTRMT7LT6LP7B93IC3J8OSR.pcm

SwiftExplicitDependencyGeneratePcm arm64 /Users/runner/Library/Developer/Xcode/DerivedData/ModuleCache.noindex/MediaToolbox-2CMZS8VQTFS3F9EAU8T9FYM25.pcm

SwiftExplicitDependencyGeneratePcm arm64 /Users/runner/Library/Developer/Xcode/DerivedData/ModuleCache.noindex/AVFoundation-AH0BSUS7WYYC81WNKEXL0OB8G.pcm

SwiftExplicitDependencyGeneratePcm arm64 /Users/runner/Library/Developer/Xcode/DerivedData/ModuleCache.noindex/Photos-15G41Z2NWMJMI4YIUQ0R5DWHI.pcm

SwiftExplicitDependencyGeneratePcm arm64 /Users/runner/Library/Developer/Xcode/DerivedData/ModuleCache.noindex/Speech-71UCLBOLQFLY19PU69ZRLX4AS.pcm

SwiftExplicitDependencyGeneratePcm arm64 /Users/runner/Library/Developer/Xcode/DerivedData/ModuleCache.noindex/SwiftUI-CVPINHMD2655GQUYRFVEN7P12.pcm

SwiftExplicitDependencyGeneratePcm arm64 /Users/runner/Library/Developer/Xcode/DerivedData/ModuleCache.noindex/PhotosUI-AGPJQC2V5M2GNUT55CKN65O0N.pcm

SwiftExplicitDependencyGeneratePcm arm64 /Users/runner/Library/Developer/Xcode/DerivedData/ModuleCache.noindex/StoreKit-2JV0EV00XOE5T4ZSW70SF0ZCR.pcm

SwiftExplicitDependencyGeneratePcm arm64 /Users/runner/Library/Developer/Xcode/DerivedData/VoiceReader-bvwdbkwbpbgbfcglgmbytagthmuj/Build/Intermediates.noindex/ArchiveIntermediates/VoiceReader/IntermediateBuildFilesPath/SwiftExplicitPrecompiledModules/YbridOpus-3Z13SNB2DV71BMWBTFEN314UY.pcm

SwiftExplicitDependencyGeneratePcm arm64 /Users/runner/Library/Developer/Xcode/DerivedData/VoiceReader-bvwdbkwbpbgbfcglgmbytagthmuj/Build/Intermediates.noindex/ArchiveIntermediates/VoiceReader/IntermediateBuildFilesPath/SwiftExplicitPrecompiledModules/YbridOgg-EABJ3RJ70A2L35RRGAUMXG4PX.pcm

LinkAssetCatalog /Users/runner/work/voice-message-reader/voice-message-reader/App/Assets.xcassets (in target 'VoiceReader' from project 'VoiceReader')
    cd /Users/runner/work/voice-message-reader/voice-message-reader
    builtin-linkAssetCatalog --thinned /Users/runner/Library/Developer/Xcode/DerivedData/VoiceReader-bvwdbkwbpbgbfcglgmbytagthmuj/Build/Intermediates.noindex/ArchiveIntermediates/VoiceReader/IntermediateBuildFilesPath/VoiceReader.build/Release-iphoneos/VoiceReader.build/assetcatalog_output/thinned --thinned-dependencies /Users/runner/Library/Developer/Xcode/DerivedData/VoiceReader-bvwdbkwbpbgbfcglgmbytagthmuj/Build/Intermediates.noindex/ArchiveIntermediates/VoiceReader/IntermediateBuildFilesPath/VoiceReader.build/Release-iphoneos/VoiceReader.build/assetcatalog_dependencies_thinned --thinned-info-plist-content /Users/runner/Library/Developer/Xcode/DerivedData/VoiceReader-bvwdbkwbpbgbfcglgmbytagthmuj/Build/Intermediates.noindex/ArchiveIntermediates/VoiceReader/IntermediateBuildFilesPath/VoiceReader.build/Release-iphoneos/VoiceReader.build/assetcatalog_generated_info.plist_thinned --unthinned /Users/runner/Library/Developer/Xcode/DerivedData/VoiceReader-bvwdbkwbpbgbfcglgmbytagthmuj/Build/Intermediates.noindex/ArchiveIntermediates/VoiceReader/IntermediateBuildFilesPath/VoiceReader.build/Release-iphoneos/VoiceReader.build/assetcatalog_output/unthinned --unthinned-dependencies /Users/runner/Library/Developer/Xcode/DerivedData/VoiceReader-bvwdbkwbpbgbfcglgmbytagthmuj/Build/Intermediates.noindex/ArchiveIntermediates/VoiceReader/IntermediateBuildFilesPath/VoiceReader.build/Release-iphoneos/VoiceReader.build/assetcatalog_dependencies_unthinned --unthinned-info-plist-content /Users/runner/Library/Developer/Xcode/DerivedData/VoiceReader-bvwdbkwbpbgbfcglgmbytagthmuj/Build/Intermediates.noindex/ArchiveIntermediates/VoiceReader/IntermediateBuildFilesPath/VoiceReader.build/Release-iphoneos/VoiceReader.build/assetcatalog_generated_info.plist_unthinned --output /Users/runner/Library/Developer/Xcode/DerivedData/VoiceReader-bvwdbkwbpbgbfcglgmbytagthmuj/Build/Intermediates.noindex/ArchiveIntermediates/VoiceReader/InstallationBuildProductsLocation/Applications/VoiceReader.app --plist-output /Users/runner/Library/Developer/Xcode/DerivedData/VoiceReader-bvwdbkwbpbgbfcglgmbytagthmuj/Build/Intermediates.noindex/ArchiveIntermediates/VoiceReader/IntermediateBuildFilesPath/VoiceReader.build/Release-iphoneos/VoiceReader.build/assetcatalog_generated_info.plist
note: Emplaced /Users/runner/Library/Developer/Xcode/DerivedData/VoiceReader-bvwdbkwbpbgbfcglgmbytagthmuj/Build/Intermediates.noindex/ArchiveIntermediates/VoiceReader/InstallationBuildProductsLocation/Applications/VoiceReader.app/Assets.car (in target 'VoiceReader' from project 'VoiceReader')
note: Emplaced /Users/runner/Library/Developer/Xcode/DerivedData/VoiceReader-bvwdbkwbpbgbfcglgmbytagthmuj/Build/Intermediates.noindex/ArchiveIntermediates/VoiceReader/InstallationBuildProductsLocation/Applications/VoiceReader.app/AppIcon60x60@2x.png (in target 'VoiceReader' from project 'VoiceReader')
note: Emplaced /Users/runner/Library/Developer/Xcode/DerivedData/VoiceReader-bvwdbkwbpbgbfcglgmbytagthmuj/Build/Intermediates.noindex/ArchiveIntermediates/VoiceReader/InstallationBuildProductsLocation/Applications/VoiceReader.app/AppIcon76x76@2x~ipad.png (in target 'VoiceReader' from project 'VoiceReader')

SwiftCompile normal arm64 Compiling\ AIHelper.swift,\ AppGroup.swift,\ AppState.swift,\ AudioPlayerModel.swift,\ AudioPrep.swift,\ Exporter.swift,\ HistoryStore.swift,\ HistoryView.swift,\ HomeView.swift,\ InfoViews.swift,\ Intents.swift,\ LanguagePicker.swift,\ LiveTranscriber.swift,\ Models.swift,\ OnboardingView.swift,\ PaywallView.swift,\ Pipeline.swift,\ ProStatus.swift,\ RecordView.swift,\ RootView.swift,\ SettingsView.swift,\ StoreManager.swift,\ Theme.swift,\ Transcriber.swift,\ TranscriptDetailView.swift,\ TranslatePanel.swift,\ TutorialView.swift,\ VoiceReaderApp.swift,\ GeneratedAssetSymbols.swift /Users/runner/work/voice-message-reader/voice-message-reader/Shared/AIHelper.swift /Users/runner/work/voice-message-reader/voice-message-reader/Shared/AppGroup.swift /Users/runner/work/voice-message-reader/voice-message-reader/App/AppState.swift /Users/runner/work/voice-message-reader/voice-message-reader/App/AudioPlayerModel.swift /Users/runner/work/voice-message-reader/voice-message-reader/Shared/AudioPrep.swift /Users/runner/work/voice-message-reader/voice-message-reader/Shared/Exporter.swift /Users/runner/work/voice-message-reader/voice-message-reader/App/HistoryStore.swift /Users/runner/work/voice-message-reader/voice-message-reader/App/Views/HistoryView.swift /Users/runner/work/voice-message-reader/voice-message-reader/App/Views/HomeView.swift /Users/runner/work/voice-message-reader/voice-message-reader/App/Views/InfoViews.swift /Users/runner/work/voice-message-reader/voice-message-reader/App/Intents.swift /Users/runner/work/voice-message-reader/voice-message-reader/Shared/LanguagePicker.swift /Users/runner/work/voice-message-reader/voice-message-reader/App/LiveTranscriber.swift /Users/runner/work/voice-message-reader/voice-message-reader/Shared/Models.swift /Users/runner/work/voice-message-reader/voice-message-reader/App/Views/OnboardingView.swift /Users/runner/work/voice-message-reader/voice-message-reader/App/Views/PaywallView.swift /Users/runner/work/voice-message-reader/voice-message-reader/Shared/Pipeline.swift /Users/runner/work/voice-message-reader/voice-message-reader/Shared/ProStatus.swift /Users/runner/work/voice-message-reader/voice-message-reader/App/Views/RecordView.swift /Users/runner/work/voice-message-reader/voice-message-reader/App/Views/RootView.swift /Users/runner/work/voice-message-reader/voice-message-reader/App/Views/SettingsView.swift /Users/runner/work/voice-message-reader/voice-message-reader/App/StoreManager.swift /Users/runner/work/voice-message-reader/voice-message-reader/Shared/Theme.swift /Users/runner/work/voice-message-reader/voice-message-reader/Shared/Transcriber.swift /Users/runner/work/voice-message-reader/voice-message-reader/App/Views/TranscriptDetailView.swift /Users/runner/work/voice-message-reader/voice-message-reader/App/Views/TranslatePanel.swift /Users/runner/work/voice-message-reader/voice-message-reader/App/Views/TutorialView.swift /Users/runner/work/voice-message-reader/voice-message-reader/App/VoiceReaderApp.swift /Users/runner/Library/Developer/Xcode/DerivedData/VoiceReader-bvwdbkwbpbgbfcglgmbytagthmuj/Build/Intermediates.noindex/ArchiveIntermediates/VoiceReader/IntermediateBuildFilesPath/VoiceReader.build/Release-iphoneos/VoiceReader.build/DerivedSources/GeneratedAssetSymbols.swift /Applications/Xcode_26.0.1.app/Contents/Developer/Toolchains/XcodeDefault.xctoolchain/usr/lib/swift/iphoneos/prebuilt-modules/26.0/_DarwinFoundation3.swiftmodule/arm64e-apple-ios.swiftmodule /Applications/Xcode_26.0.1.app/Contents/Developer/Toolchains/XcodeDefault.xctoolchain/usr/lib/swift/iphoneos/prebuilt-modules/26.0/NaturalLanguage.swiftmodule/arm64e-apple-ios.swiftmodule /Applications/Xcode_26.0.1.app/Contents/Developer/Toolchains/XcodeDefault.xctoolchain/usr/lib/swift/iphoneos/prebuilt-modules/26.0/simd.swiftmodule/arm64e-apple-ios.swiftmodule /Applications/Xcode_26.0.1.app/Contents/Developer/Toolchains/XcodeDefault.xctoolchain/usr/lib/swift/iphoneos/prebuilt-modules/26.0/DeveloperToolsSupport.swiftmodule/arm64e-apple-ios.swiftmodule /Applications/Xcode_26.0.1.app/Contents/Developer/Toolchains/XcodeDefault.xctoolchain/usr/lib/swift/iphoneos/prebuilt-modules/26.0/Network.swiftmodule/arm64e-apple-ios.swiftmodule /Applications/Xcode_26.0.1.app/Contents/Developer/Toolchains/XcodeDefault.xctoolchain/usr/lib/swift/iphoneos/prebuilt-modules/26.0/CoreImage.swiftmodule/arm64e-apple-ios.swiftmodule /Applications/Xcode_26.0.1.app/Contents/Developer/Toolchains/XcodeDefault.xctoolchain/usr/lib/swift/iphoneos/prebuilt-modules/26.0/PhotosUI.swiftmodule/arm64e-apple-ios.swiftmodule /Applications/Xcode_26.0.1.app/Contents/Developer/Toolchains/XcodeDefault.xctoolchain/usr/lib/swift/iphoneos/prebuilt-modules/26.0/Intents.swiftmodule/arm64e-apple-ios.swiftmodule /Applications/Xcode_26.0.1.app/Contents/Developer/Toolchains/XcodeDefault.xctoolchain/usr/lib/swift/iphoneos/prebuilt-modules/26.0/Metal.swiftmodule/arm64e-apple-ios.swiftmodule /Applications/Xcode_26.0.1.app/Contents/Developer/Toolchains/XcodeDefault.xctoolchain/usr/lib/swift/iphoneos/prebuilt-modules/26.0/Distributed.swiftmodule/arm64e-apple-ios.swiftmodule /Applications/Xcode_26.0.1.app/Contents/Developer/Toolchains/XcodeDefault.xctoolchain/usr/lib/swift/iphoneos/prebuilt-modules/26.0/CryptoKit.swiftmodule/arm64e-apple-ios.swiftmodule /Applications/Xcode_26.0.1.app/Contents/Developer/Toolchains/XcodeDefault.xctoolchain/usr/lib/swift/iphoneos/prebuilt-modules/26.0/Symbols.swiftmodule/arm64e-apple-ios.swiftmodule /Applications/Xcode_26.0.1.app/Contents/Developer/Toolchains/XcodeDefault.xctoolchain/usr/lib/swift/iphoneos/prebuilt-modules/26.0/Foundation.swiftmodule/arm64e-apple-ios.swiftmodule /Applications/Xcode_26.0.1.app/Contents/Developer/Toolchains/XcodeDefault.xctoolchain/usr/lib/swift/iphoneos/prebuilt-modules/26.0/Spatial.swiftmodule/arm64e-apple-ios.swiftmodule /Applications/Xcode_26.0.1.app/Contents/Developer/Toolchains/XcodeDefault.xctoolchain/usr/lib/swift/iphoneos/prebuilt-modules/26.0/_Builtin_float.swiftmodule/arm64e-apple-ios.swiftmodule /Applications/Xcode_26.0.1.app/Contents/Developer/Toolchains/XcodeDefault.xctoolchain/usr/lib/swift/iphoneos/prebuilt-modules/26.0/CoreSpotlight.swiftmodule/arm64e-apple-ios.swiftmodule /Applications/Xcode_26.0.1.app/Contents/Developer/Toolchains/XcodeDefault.xctoolchain/usr/lib/swift/iphoneos/prebuilt-modules/26.0/AVFAudio.swiftmodule/arm64e-apple-ios.swiftmodule /Applications/Xcode_26.0.1.app/Contents/Developer/Toolchains/XcodeDefault.xctoolchain/usr/lib/swift/iphoneos/prebuilt-modules/26.0/LocalAuthentication.swiftmodule/arm64e-apple-ios.swiftmodule /Applications/Xcode_26.0.1.app/Contents/Developer/Toolchains/XcodeDefault.xctoolchain/usr/lib/swift/iphoneos/prebuilt-modules/26.0/CoreMedia.swiftmodule/arm64e-apple-ios.swiftmodule /Applications/Xcode_26.0.1.app/Contents/Developer/Toolchains/XcodeDefault.xctoolchain/usr/lib/swift/iphoneos/prebuilt-modules/26.0/_PhotosUI_SwiftUI.swiftmodule/arm64e-apple-ios.swiftmodule /Applications/Xcode_26.0.1.app/Contents/Developer/Toolchains/XcodeDefault.xctoolchain/usr/lib/swift/iphoneos/prebuilt-modules/26.0/CoreVideo.swiftmodule/arm64e-apple-ios.swiftmodule /Applications/Xcode_26.0.1.app/Contents/Developer/Toolchains/XcodeDefault.xctoolchain/usr/lib/swift/iphoneos/prebuilt-modules/26.0/SwiftUI.swiftmodule/arm64e-apple-ios.swiftmodule /Applications/Xcode_26.0.1.app/Contents/Developer/Toolchains/XcodeDefault.xctoolchain/usr/lib/swift/iphoneos/prebuilt-modules/26.0/Swift.swiftmodule/arm64e-apple-ios.swiftmodule /Applications/Xcode_26.0.1.app/Contents/Developer/Toolchains/XcodeDefault.xctoolchain/usr/lib/swift/iphoneos/prebuilt-modules/26.0/Photos.swiftmodule/arm64e-apple-ios.swiftmodule /Applications/Xcode_26.0.1.app/Contents/Developer/Toolchains/XcodeDefault.xctoolchain/usr/lib/swift/iphoneos/prebuilt-modules/26.0/XPC.swiftmodule/arm64e-apple-ios.swiftmodule /Applications/Xcode_26.0.1.app/Contents/Developer/Toolchains/XcodeDefault.xctoolchain/usr/lib/swift/iphoneos/prebuilt-modules/26.0/RelevanceKit.swiftmodule/arm64e-apple-ios.swiftmodule /Applications/Xcode_26.0.1.app/Contents/Developer/Toolchains/XcodeDefault.xctoolchain/usr/lib/swift/iphoneos/prebuilt-modules/26.0/DataDetection.swiftmodule/arm64e-apple-ios.swiftmodule /Applications/Xcode_26.0.1.app/Contents/Developer/Toolchains/XcodeDefault.xctoolchain/usr/lib/swift/iphoneos/prebuilt-modules/26.0/OSLog.swiftmodule/arm64e-apple-ios.swiftmodule /Users/runner/Library/Developer/Xcode/DerivedData/VoiceReader-bvwdbkwbpbgbfcglgmbytagthmuj/Build/Intermediates.noindex/ArchiveIntermediates/VoiceReader/BuildProductsPath/Release-iphoneos/SwiftOGG.swiftmodule/arm64-apple-ios.swiftmodule /Applications/Xcode_26.0.1.app/Contents/Developer/Toolchains/XcodeDefault.xctoolchain/usr/lib/swift/iphoneos/prebuilt-modules/26.0/Dispatch.swiftmodule/arm64e-apple-ios.swiftmodule /Applications/Xcode_26.0.1.app/Contents/Developer/Toolchains/XcodeDefault.xctoolchain/usr/lib/swift/iphoneos/prebuilt-modules/26.0/_DarwinFoundation2.swiftmodule/arm64e-apple-ios.swiftmodule /Applications/Xcode_26.0.1.app/Contents/Developer/Toolchains/XcodeDefault.xctoolchain/usr/lib/swift/iphoneos/prebuilt-modules/26.0/CoreAudio.swiftmodule/arm64e-apple-ios.swiftmodule /Applications/Xcode_26.0.1.app/Contents/Developer/Toolchains/XcodeDefault.xctoolchain/usr/lib/swift/iphoneos/prebuilt-modules/26.0/CoreGraphics.swiftmodule/arm64e-apple-ios.swiftmodule /Applications/Xcode_26.0.1.app/Contents/Developer/Toolchains/XcodeDefault.xctoolchain/usr/lib/swift/iphoneos/prebuilt-modules/26.0/_StringProcessing.swiftmodule/arm64e-apple-ios.swiftmodule /Applications/Xcode_26.0.1.app/Contents/Developer/Toolchains/XcodeDefault.xctoolchain/usr/lib/swift/iphoneos/prebuilt-modules/26.0/Synchronization.swiftmodule/arm64e-apple-ios.swiftmodule /Applications/Xcode_26.0.1.app/Contents/Developer/Toolchains/XcodeDefault.xctoolchain/usr/lib/swift/iphoneos/prebuilt-modules/26.0/ActivityKit.swiftmodule/arm64e-apple-ios.swiftmodule /Applications/Xcode_26.0.1.app/Contents/Developer/Toolchains/XcodeDefault.xctoolchain/usr/lib/swift/iphoneos/prebuilt-modules/26.0/CoreLocation.swiftmodule/arm64e-apple-ios.swiftmodule /Applications/Xcode_26.0.1.app/Contents/Developer/Toolchains/XcodeDefault.xctoolchain/usr/lib/swift/iphoneos/prebuilt-modules/26.0/AppIntents.swiftmodule/arm64e-apple-ios.swiftmodule /Applications/Xcode_26.0.1.app/Contents/Developer/Toolchains/XcodeDefault.xctoolchain/usr/lib/swift/iphoneos/prebuilt-modules/26.0/StoreKit.swiftmodule/arm64e-apple-ios.swiftmodule /Applications/Xcode_26.0.1.app/Contents/Developer/Toolchains/XcodeDefault.xctoolchain/usr/lib/swift/iphoneos/prebuilt-modules/26.0/CoreFoundation.swiftmodule/arm64e-apple-ios.swiftmodule /Applications/Xcode_26.0.1.app/Contents/Developer/Toolchains/XcodeDefault.xctoolchain/usr/lib/swift/iphoneos/prebuilt-modules/26.0/AVFoundation.swiftmodule/arm64e-apple-ios.swiftmodule /Applications/Xcode_26.0.1.app/Contents/Developer/Toolchains/XcodeDefault.xctoolchain/usr/lib/swift/iphoneos/prebuilt-modules/26.0/_DarwinFoundation1.swiftmodule/arm64e-apple-ios.swiftmodule /Applications/Xcode_26.0.1.app/Contents/Developer/Toolchains/XcodeDefault.xctoolchain/usr/lib/swift/iphoneos/prebuilt-modules/26.0/_AppIntents_UIKit.swiftmodule/arm64e-apple-ios.swiftmodule /Applications/Xcode_26.0.1.app/Contents/Developer/Toolchains/XcodeDefault.xctoolchain/usr/lib/swift/iphoneos/prebuilt-modules/26.0/CoreText.swiftmodule/arm64e-apple-ios.swiftmodule /Applications/Xcode_26.0.1.app/Contents/Developer/Toolchains/XcodeDefault.xctoolchain/usr/lib/swift/iphoneos/prebuilt-modules/26.0/_Concurrency.swiftmodule/arm64e-apple-ios.swiftmodule /Applications/Xcode_26.0.1.app/Contents/Developer/Toolchains/XcodeDefault.xctoolchain/usr/lib/swift/iphoneos/prebuilt-modules/26.0/QuartzCore.swiftmodule/arm64e-apple-ios.swiftmodule /Applications/Xcode_26.0.1.app/Contents/Developer/Toolchains/XcodeDefault.xctoolchain/usr/lib/swift/iphoneos/prebuilt-modules/26.0/SwiftUICore.swiftmodule/arm64e-apple-ios.swiftmodule /Applications/Xcode_26.0.1.app/Contents/Developer/Toolchains/XcodeDefault.xctoolchain/usr/lib/swift/iphoneos/prebuilt-modules/26.0/ExtensionFoundation.swiftmodule/arm64e-apple-ios.swiftmodule /Applications/Xcode_26.0.1.app/Contents/Developer/Toolchains/XcodeDefault.xctoolchain/usr/lib/swift/iphoneos/prebuilt-modules/26.0/ObjectiveC.swiftmodule/arm64e-apple-ios.swiftmodule /Applications/Xcode_26.0.1.app/Contents/Developer/Toolchains/XcodeDefault.xctoolchain/usr/lib/swift/iphoneos/prebuilt-modules/26.0/UIKit.swiftmodule/arm64e-apple-ios.swiftmodule /Applications/Xcode_26.0.1.app/Contents/Developer/Toolchains/XcodeDefault.xctoolchain/usr/lib/swift/iphoneos/prebuilt-modules/26.0/FoundationModels.swiftmodule/arm64e-apple-ios.swiftmodule /Applications/Xcode_26.0.1.app/Contents/Developer/Toolchains/XcodeDefault.xctoolchain/usr/lib/swift/iphoneos/prebuilt-modules/26.0/System.swiftmodule/arm64e-apple-ios.swiftmodule /Applications/Xcode_26.0.1.app/Contents/Developer/Toolchains/XcodeDefault.xctoolchain/usr/lib/swift/iphoneos/prebuilt-modules/26.0/CoreMIDI.swiftmodule/arm64e-apple-ios.swiftmodule /Applications/Xcode_26.0.1.app/Contents/Developer/Toolchains/XcodeDefault.xctoolchain/usr/lib/swift/iphoneos/prebuilt-modules/26.0/CoreData.swiftmodule/arm64e-apple-ios.swiftmodule /Applications/Xcode_26.0.1.app/Contents/Developer/Toolchains/XcodeDefault.xctoolchain/usr/lib/swift/iphoneos/prebuilt-modules/26.0/Observation.swiftmodule/arm64e-apple-ios.swiftmodule /Applications/Xcode_26.0.1.app/Contents/Developer/Toolchains/XcodeDefault.xctoolchain/usr/lib/swift/iphoneos/prebuilt-modules/26.0/AudioToolbox.swiftmodule/arm64e-apple-ios.swiftmodule /Applications/Xcode_26.0.1.app/Contents/Developer/Toolchains/XcodeDefault.xctoolchain/usr/lib/swift/iphoneos/prebuilt-modules/26.0/UniformTypeIdentifiers.swiftmodule/arm64e-apple-ios.swiftmodule /Applications/Xcode_26.0.1.app/Contents/Developer/Toolchains/XcodeDefault.xctoolchain/usr/lib/swift/iphoneos/prebuilt-modules/26.0/Accessibility.swiftmodule/arm64e-apple-ios.swiftmodule /Applications/Xcode_26.0.1.app/Contents/Developer/Toolchains/XcodeDefault.xctoolchain/usr/lib/swift/iphoneos/prebuilt-modules/26.0/Darwin.swiftmodule/arm64e-apple-ios.swiftmodule /Applications/Xcode_26.0.1.app/Contents/Developer/Toolchains/XcodeDefault.xctoolchain/usr/lib/swift/iphoneos/prebuilt-modules/26.0/CoreTransferable.swiftmodule/arm64e-apple-ios.swiftmodule /Applications/Xcode_26.0.1.app/Contents/Developer/Toolchains/XcodeDefault.xctoolchain/usr/lib/swift/iphoneos/prebuilt-modules/26.0/_AppIntents_SwiftUI.swiftmodule/arm64e-apple-ios.swiftmodule /Applications/Xcode_26.0.1.app/Contents/Developer/Toolchains/XcodeDefault.xctoolchain/usr/lib/swift/iphoneos/prebuilt-modules/26.0/Combine.swiftmodule/arm64e-apple-ios.swiftmodule /Applications/Xcode_26.0.1.app/Contents/Developer/Toolchains/XcodeDefault.xctoolchain/usr/lib/swift/iphoneos/prebuilt-modules/26.0/BackgroundAssets.swiftmodule/arm64e-apple-ios.swiftmodule /Applications/Xcode_26.0.1.app/Contents/Developer/Toolchains/XcodeDefault.xctoolchain/usr/lib/swift/iphoneos/prebuilt-modules/26.0/Speech.swiftmodule/arm64e-apple-ios.swiftmodule /Applications/Xcode_26.0.1.app/Contents/Developer/Toolchains/XcodeDefault.xctoolchain/usr/lib/swift/iphoneos/prebuilt-modules/26.0/_StoreKit_SwiftUI.swiftmodule/arm64e-apple-ios.swiftmodule /Applications/Xcode_26.0.1.app/Contents/Developer/Toolchains/XcodeDefault.xctoolchain/usr/lib/swift/iphoneos/prebuilt-modules/26.0/Translation.swiftmodule/arm64e-apple-ios.swiftmodule /Applications/Xcode_26.0.1.app/Contents/Developer/Toolchains/XcodeDefault.xctoolchain/usr/lib/swift/iphoneos/prebuilt-modules/26.0/FileProvider.swiftmodule/arm64e-apple-ios.swiftmodule /Applications/Xcode_26.0.1.app/Contents/Developer/Toolchains/XcodeDefault.xctoolchain/usr/lib/swift/iphoneos/prebuilt-modules/26.0/WidgetKit.swiftmodule/arm64e-apple-ios.swiftmodule /Applications/Xcode_26.0.1.app/Contents/Developer/Toolchains/XcodeDefault.xctoolchain/usr/lib/swift/iphoneos/prebuilt-modules/26.0/os.swiftmodule/arm64e-apple-ios.swiftmodule /Applications/Xcode_26.0.1.app/Contents/Developer/Toolchains/XcodeDefault.xctoolchain/usr/lib/swift/iphoneos/prebuilt-modules/26.0/_Translation_SwiftUI.swiftmodule/arm64e-apple-ios.swiftmodule /Users/runner/Library/Developer/Xcode/DerivedData/ModuleCache.noindex/OpenGLES-F2KFK56NZQ65D0H35CC08GL13.pcm /Users/runner/Library/Developer/Xcode/DerivedData/ModuleCache.noindex/simd-3O670MLI2MMW0ZLUGJAAWYUR2.pcm /Users/runner/Library/Developer/Xcode/DerivedData/ModuleCache.noindex/SwiftShims-729RK0AG4RLNXRNPZ5CEVPYCL.pcm /Users/runner/Library/Developer/Xcode/DerivedData/ModuleCache.noindex/AppIntents-1230T7P465VP4TYXMIF9RIDLK.pcm /Users/runner/Library/Developer/Xcode/DerivedData/ModuleCache.noindex/CoreData-4R5CXE55DPVEZ08F2ZM56N0HE.pcm /Users/runner/Library/Developer/Xcode/DerivedData/ModuleCache.noindex/DeveloperToolsSupport-HCZMCF2IFW7XDM9N7A06STUF.pcm /Users/runner/Library/Developer/Xcode/DerivedData/ModuleCache.noindex/AVFAudio-B6RTRMT7LT6LP7B93IC3J8OSR.pcm /Users/runner/Library/Developer/Xcode/DerivedData/ModuleCache.noindex/Symbols-2FZB5AB69AFXFHU8B3M56Y7NB.pcm /Users/runner/Library/Developer/Xcode/DerivedData/ModuleCache.noindex/BackgroundAssets-F3APDSY2U8U3933M8VR0MM9TW.pcm /Users/runner/Library/Developer/Xcode/DerivedData/VoiceReader-bvwdbkwbpbgbfcglgmbytagthmuj/Build/Intermediates.noindex/ArchiveIntermediates/VoiceReader/IntermediateBuildFilesPath/SwiftExplicitPrecompiledModules/YbridOpus-3Z13SNB2DV71BMWBTFEN314UY.pcm /Users/runner/Library/Developer/Xcode/DerivedData/ModuleCache.noindex/SwiftUICore-3STSSDJJHXV1GLC66UKOTQU87.pcm /Users/runner/Library/Developer/Xcode/DerivedData/ModuleCache.noindex/UserNotifications-1Y7EX84IYVX9YSZQANX8V93XQ.pcm /Users/runner/Library/Developer/Xcode/DerivedData/ModuleCache.noindex/Intents-79I2BOI5Y7B71WMU3L06BNL2K.pcm /Users/runner/Library/Developer/Xcode/DerivedData/ModuleCache.noindex/CoreMIDI-BI83QOLTGATOMDC8SL1EH9MKM.pcm /Users/runner/Library/Developer/Xcode/DerivedData/ModuleCache.noindex/CoreImage-CI97WNAUXMED66ZKD7WAAHR6U.pcm /Users/runner/Library/Developer/Xcode/DerivedData/ModuleCache.noindex/Foundation-A95BH4TQXZVOJUCJN0DIP56BB.pcm /Users/runner/Library/Developer/Xcode/DerivedData/ModuleCache.noindex/MediaToolbox-2CMZS8VQTFS3F9EAU8T9FYM25.pcm /Users/runner/Library/Developer/Xcode/DerivedData/ModuleCache.noindex/_DarwinFoundation2-6ADNO32KZEHEK53UWCW60DAFQ.pcm /Users/runner/Library/Developer/Xcode/DerivedData/ModuleCache.noindex/QuartzCore-5MBENFANP60MA955OZ6721AZV.pcm /Users/runner/Library/Developer/Xcode/DerivedData/ModuleCache.noindex/ObjectiveC-8V2PWUULKPXWRBDXNE2BKE1BJ.pcm /Users/runner/Library/Developer/Xcode/DerivedData/ModuleCache.noindex/Security-9VFL9IB8YO33PBBJHPU1YBEVE.pcm /Users/runner/Library/Developer/Xcode/DerivedData/ModuleCache.noindex/_LocationEssentials-BX5FDMLC71RV864D7B2EDGDAK.pcm /Users/runner/Library/Developer/Xcode/DerivedData/ModuleCache.noindex/CoreFoundation-2L4O5SIVVNW7M5P87T1XF5OYI.pcm /Users/runner/Library/Developer/Xcode/DerivedData/ModuleCache.noindex/ImageIO-AIXE908AL0IQ02V7C59YWKYOV.pcm /Users/runner/Library/Developer/Xcode/DerivedData/ModuleCache.noindex/CoreText-A9M3SPGAPV3SY7YHHIO5JWX8H.pcm /Users/runner/Library/Developer/Xcode/DerivedData/ModuleCache.noindex/FileProvider-EWJIZAIZUERRXMTQ3TTYW7EPT.pcm /Users/runner/Library/Developer/Xcode/DerivedData/ModuleCache.noindex/_Builtin_stdarg-9Y4GU7MTA8DBNH1PACULN7G8Y.pcm /Users/runner/Library/Developer/Xcode/DerivedData/ModuleCache.noindex/_Builtin_inttypes-62UOWMKMLEV9XBHM5G186VZAH.pcm /Users/runner/Library/Developer/Xcode/DerivedData/ModuleCache.noindex/dnssd-B1IR7YDNBYN2TRVRRYGCUJ2R0.pcm /Users/runner/Library/Developer/Xcode/DerivedData/ModuleCache.noindex/os_workgroup-COJ7YOPUPZLAQNEZAX23Y4ZE4.pcm /Users/runner/Library/Developer/Xcode/DerivedData/ModuleCache.noindex/_StoreKit_SwiftUI-4VGCA1C54XQYCZ5OAYT39JIFD.pcm /Users/runner/Library/Developer/Xcode/DerivedData/ModuleCache.noindex/_Builtin_float-DSICRM00A0IHM2RV3M1PUDXJC.pcm /Users/runner/Library/Developer/Xcode/DerivedData/ModuleCache.noindex/_SwiftConcurrencyShims-ABAP3XK4FPZ0HOQN2OA37HGW1.pcm /Users/runner/Library/Developer/Xcode/DerivedData/ModuleCache.noindex/CFNetwork-DTTIM1ZKDYDUINM30JGIYEV8X.pcm /Users/runner/Library/Developer/Xcode/DerivedData/ModuleCache.noindex/MachO-CVHLH2GYTOEPOLMSLEVV61F1X.pcm /Users/runner/Library/Developer/Xcode/DerivedData/ModuleCache.noindex/PhotosUI-AGPJQC2V5M2GNUT55CKN65O0N.pcm /Users/runner/Library/Developer/Xcode/DerivedData/ModuleCache.noindex/_Builtin_stddef-BCN5UZKFGITR7ZRCKPL0XV6NH.pcm /Users/runner/Library/Developer/Xcode/DerivedData/ModuleCache.noindex/CoreTransferable-3IYPRRPKICF90NP07RDAUBV67.pcm /Users/runner/Library/Developer/Xcode/DerivedData/ModuleCache.noindex/ptrcheck-CSG821Y62FW54DU5Q3NJ3BXXK.pcm /Users/runner/Library/Developer/Xcode/DerivedData/ModuleCache.noindex/AVFoundation-AH0BSUS7WYYC81WNKEXL0OB8G.pcm /Users/runner/Library/Developer/Xcode/DerivedData/VoiceReader-bvwdbkwbpbgbfcglgmbytagthmuj/Build/Intermediates.noindex/ArchiveIntermediates/VoiceReader/IntermediateBuildFilesPath/SwiftExplicitPrecompiledModules/Copustools-2ANFUUUT0VPQ10MPVFI25CWOT.pcm /Users/runner/Library/Developer/Xcode/DerivedData/ModuleCache.noindex/Dispatch-7KNT5O4HDUREECLDI0GL3OEQ6.pcm /Users/runner/Library/Developer/Xcode/DerivedData/ModuleCache.noindex/_Builtin_tgmath-3ZF2NMDBDQQN37E1XMTYNAQ0Y.pcm /Users/runner/Library/Developer/Xcode/DerivedData/ModuleCache.noindex/NaturalLanguage-CJ374FKVNGV3TEKR6M2TCECRM.pcm /Users/runner/Library/Developer/Xcode/DerivedData/ModuleCache.noindex/Spatial-2K78JFZ044PP6X7943F0JL00H.pcm /Users/runner/Library/Developer/Xcode/DerivedData/ModuleCache.noindex/_DarwinFoundation3-JD4MMCU08CNDI8D8QFYVZDC3.pcm /Users/runner/Library/Developer/Xcode/DerivedData/ModuleCache.noindex/Translation-2RP00JVQI2ZDHNBCEOM4QWV4Y.pcm /Users/runner/Library/Developer/Xcode/DerivedData/ModuleCache.noindex/XPC-D51TOL6KMG2RGCWCH2BXI93P.pcm /Users/runner/Library/Developer/Xcode/DerivedData/ModuleCache.noindex/CoreMedia-B3QWQ3ZLEG27WT003DJ60TZQN.pcm /Users/runner/Library/Developer/Xcode/DerivedData/ModuleCache.noindex/UIUtilities-DTLAW841QZLFVKVXH2ED11ZC0.pcm /Users/runner/Library/Developer/Xcode/DerivedData/ModuleCache.noindex/StoreKit-2JV0EV00XOE5T4ZSW70SF0ZCR.pcm /Users/runner/Library/Developer/Xcode/DerivedData/ModuleCache.noindex/WidgetKit-9TXF8HJV22HWZ06XCAS5CF6IX.pcm /Users/runner/Library/Developer/Xcode/DerivedData/ModuleCache.noindex/ExtensionFoundation-AYAEESTCBZUKE34FA88GIH1M8.pcm /Users/runner/Library/Developer/Xcode/DerivedData/ModuleCache.noindex/_DarwinFoundation1-C4GMY5GJL27V67BC5GLXL6RIS.pcm /Users/runner/Library/Developer/Xcode/DerivedData/ModuleCache.noindex/CoreGraphics-9TSHA2JH95RH8D9QYN7DFV8QT.pcm /Users/runner/Library/Developer/Xcode/DerivedData/ModuleCache.noindex/Network-2LMF9QADW6GETITAM3CMO9841.pcm /Users/runner/Library/Developer/Xcode/DerivedData/ModuleCache.noindex/AVRouting-MJ518UQCF1IVH0RM586GVYJS.pcm /Users/runner/Library/Developer/Xcode/DerivedData/VoiceReader-bvwdbkwbpbgbfcglgmbytagthmuj/Build/Intermediates.noindex/ArchiveIntermediates/VoiceReader/IntermediateBuildFilesPath/SwiftExplicitPrecompiledModules/YbridOgg-EABJ3RJ70A2L35RRGAUMXG4PX.pcm /Users/runner/Library/Developer/Xcode/DerivedData/ModuleCache.noindex/_Builtin_stdint-379KIWUSTSQGLC7FGPEAQ6AS7.pcm /Users/runner/Library/Developer/Xcode/DerivedData/ModuleCache.noindex/UIKit-DB427KMNGOPCV878UTWFYYT01.pcm /Users/runner/Library/Developer/Xcode/DerivedData/ModuleCache.noindex/Photos-15G41Z2NWMJMI4YIUQ0R5DWHI.pcm /Users/runner/Library/Developer/Xcode/DerivedData/ModuleCache.noindex/os_object-AUJ0U64R0QIXXA4LPBV6Y91FB.pcm /Users/runner/Library/Developer/Xcode/DerivedData/ModuleCache.noindex/CoreVideo-4RQLPJW95GAI8M6EXQ0MYJLW7.pcm /Users/runner/Library/Developer/Xcode/DerivedData/ModuleCache.noindex/_Builtin_stdbool-BU6A90G0BL93UCVHPFOADHETH.pcm /Users/runner/Library/Developer/Xcode/DerivedData/ModuleCache.noindex/CoreLocation-56QQ42TIKVS6XJSGE8UUERSX1.pcm /Users/runner/Library/Developer/Xcode/DerivedData/ModuleCache.noindex/Metal-96BFSLK4OEZGZLY7WGCHZW1CS.pcm /Users/runner/Library/Developer/Xcode/DerivedData/ModuleCache.noindex/SwiftUI-CVPINHMD2655GQUYRFVEN7P12.pcm /Users/runner/Library/Developer/Xcode/DerivedData/ModuleCache.noindex/Accessibility-72H5DGDZJSCOB9T48PC4RWGUR.pcm /Users/runner/Library/Developer/Xcode/DerivedData/ModuleCache.noindex/LocalAuthentication-E6IU6GVDZIMCI01KDB51LPX59.pcm /Users/runner/Library/Developer/Xcode/DerivedData/ModuleCache.noindex/_AvailabilityInternal-3ATYOQX7Y8FLM8A2YCZJ3XY20.pcm /Users/runner/Library/Developer/Xcode/DerivedData/ModuleCache.noindex/_Builtin_limits-586IO2Q4GEPFTFV4IRQ5FNWRR.pcm /Users/runner/Library/Developer/Xcode/DerivedData/ModuleCache.noindex/Speech-71UCLBOLQFLY19PU69ZRLX4AS.pcm /Users/runner/Library/Developer/Xcode/DerivedData/ModuleCache.noindex/OSLog-9PO079U4T1G1LP8S2YPUJWBZA.pcm /Users/runner/Library/Developer/Xcode/DerivedData/ModuleCache.noindex/UniformTypeIdentifiers-47LXFV6O1V36Q1912GEWOLFNA.pcm /Users/runner/Library/Developer/Xcode/DerivedData/ModuleCache.noindex/DataDetection-65QR7EQGZM8NPFAZ5CC20MEJF.pcm /Users/runner/Library/Developer/Xcode/DerivedData/ModuleCache.noindex/CoreAudio-AIAQD0RDB0GC7G8592NBKQAX4.pcm /Users/runner/Library/Developer/Xcode/DerivedData/ModuleCache.noindex/ptrauth-DNC48MLQZWYGD5SJ5HWZM6P46.pcm /Users/runner/Library/Developer/Xcode/DerivedData/ModuleCache.noindex/_Builtin_stdatomic-DGHOMB92ZJDMG52O1936F23SA.pcm /Users/runner/Library/Developer/Xcode/DerivedData/ModuleCache.noindex/_Builtin_intrinsics-30WBM5K2R1MC2I220BS6KD47Z.pcm /Users/runner/Library/Developer/Xcode/DerivedData/ModuleCache.noindex/RelevanceKit-EK13QU0TTHLXKJBEAXHQPUX4V.pcm /Users/runner/Library/Developer/Xcode/DerivedData/ModuleCache.noindex/CoreAudioTypes-6HAK54JTJ8H732J30PQD0GH0W.pcm /Users/runner/Library/Developer/Xcode/DerivedData/ModuleCache.noindex/CoreSpotlight-5I00H3845HZZQ3KWB3BW5933S.pcm /Users/runner/Library/Developer/Xcode/DerivedData/ModuleCache.noindex/sys_types-5HXOG0DU2OYW3S1Q29RL7PL63.pcm /Users/runner/Library/Developer/Xcode/DerivedData/ModuleCache.noindex/IOSurface-9YMPTTCBKQ8SN5R8D0K704TC1.pcm /Users/runner/Library/Developer/Xcode/DerivedData/ModuleCache.noindex/os-EWI5QL6OJBTUQZKNMKOMU4GWF.pcm /Users/runner/Library/Developer/Xcode/DerivedData/ModuleCache.noindex/AudioToolbox-DPJWASD0PF5FRR3JP4321L2Y9.pcm /Users/runner/Library/Developer/Xcode/DerivedData/ModuleCache.noindex/Darwin-U8PUF732SX13N33G09IAAQOS.pcm /Users/runner/Library/Developer/Xcode/DerivedData/ModuleCache.noindex/ActivityKit-CG13TUGG53V8PSMQC59HIAXA5.pcm /Users/runner/Library/Developer/Xcode/DerivedData/VoiceReader-bvwdbkwbpbgbfcglgmbytagthmuj/Build/Intermediates.noindex/ArchiveIntermediates/VoiceReader/IntermediateBuildFilesPath/VoiceReader.build/Release-iphoneos/VoiceReader.build/Objects-normal/arm64/VoiceReader-dependencies-1.json (in target 'VoiceReader' from project 'VoiceReader')

CompileSwift normal arm64 (in target 'VoiceReader' from project 'VoiceReader')
    cd /Users/runner/work/voice-message-reader/voice-message-reader
    

SwiftDriverJobDiscovery normal arm64 Compiling AIHelper.swift, AppGroup.swift, AppState.swift, AudioPlayerModel.swift, AudioPrep.swift, Exporter.swift, HistoryStore.swift, HistoryView.swift, HomeView.swift, InfoViews.swift, Intents.swift, LanguagePicker.swift, LiveTranscriber.swift, Models.swift, OnboardingView.swift, PaywallView.swift, Pipeline.swift, ProStatus.swift, RecordView.swift, RootView.swift, SettingsView.swift, StoreManager.swift, Theme.swift, Transcriber.swift, TranscriptDetailView.swift, TranslatePanel.swift, TutorialView.swift, VoiceReaderApp.swift, GeneratedAssetSymbols.swift (in target 'VoiceReader' from project 'VoiceReader')

SwiftDriver\ Compilation\ Requirements VoiceReader normal arm64 com.apple.xcode.tools.swift.compiler (in target 'VoiceReader' from project 'VoiceReader')
    cd /Users/runner/work/voice-message-reader/voice-message-reader
    builtin-Swift-Compilation-Requirements -- /Applications/Xcode_26.0.1.app/Contents/Developer/Toolchains/XcodeDefault.xctoolchain/usr/bin/swiftc -module-name VoiceReader -O -whole-module-optimization -enforce-exclusivity\=checked @/Users/runner/Library/Developer/Xcode/DerivedData/VoiceReader-bvwdbkwbpbgbfcglgmbytagthmuj/Build/Intermediates.noindex/ArchiveIntermediates/VoiceReader/IntermediateBuildFilesPath/VoiceReader.build/Release-iphoneos/VoiceReader.build/Objects-normal/arm64/VoiceReader.SwiftFileList -enable-bare-slash-regex -enable-experimental-feature DebugDescriptionMacro -sdk /Applications/Xcode_26.0.1.app/Contents/Developer/Platforms/iPhoneOS.platform/Developer/SDKs/iPhoneOS26.0.sdk -target arm64-apple-ios17.0 -g -module-cache-path /Users/runner/Library/Developer/Xcode/DerivedData/ModuleCache.noindex -Xfrontend -serialize-debugging-options -swift-version 5 -I /Users/runner/Library/Developer/Xcode/DerivedData/VoiceReader-bvwdbkwbpbgbfcglgmbytagthmuj/Build/Intermediates.noindex/ArchiveIntermediates/VoiceReader/BuildProductsPath/Release-iphoneos -F /Users/runner/Library/Developer/Xcode/DerivedData/VoiceReader-bvwdbkwbpbgbfcglgmbytagthmuj/Build/Intermediates.noindex/ArchiveIntermediates/VoiceReader/BuildProductsPath/Release-iphoneos/PackageFrameworks -F /Users/runner/Library/Developer/Xcode/DerivedData/VoiceReader-bvwdbkwbpbgbfcglgmbytagthmuj/Build/Intermediates.noindex/ArchiveIntermediates/VoiceReader/BuildProductsPath/Release-iphoneos/PackageFrameworks -F /Users/runner/Library/Developer/Xcode/DerivedData/VoiceReader-bvwdbkwbpbgbfcglgmbytagthmuj/Build/Intermediates.noindex/ArchiveIntermediates/VoiceReader/BuildProductsPath/Release-iphoneos -c -num-threads 3 -Xcc -ivfsstatcache -Xcc /Users/runner/Library/Developer/Xcode/DerivedData/SDKStatCaches.noindex/iphoneos26.0-23A339-3885c01c3e6b6a337905948deab2002ee897cee61435230feef45a4748fd4bcc.sdkstatcache -output-file-map /Users/runner/Library/Developer/Xcode/DerivedData/VoiceReader-bvwdbkwbpbgbfcglgmbytagthmuj/Build/Intermediates.noindex/ArchiveIntermediates/VoiceReader/IntermediateBuildFilesPath/VoiceReader.build/Release-iphoneos/VoiceReader.build/Objects-normal/arm64/VoiceReader-OutputFileMap.json -use-frontend-parseable-output -save-temps -no-color-diagnostics -explicit-module-build -module-cache-path /Users/runner/Library/Developer/Xcode/DerivedData/VoiceReader-bvwdbkwbpbgbfcglgmbytagthmuj/Build/Intermediates.noindex/ArchiveIntermediates/VoiceReader/IntermediateBuildFilesPath/SwiftExplicitPrecompiledModules -clang-scanner-module-cache-path /Users/runner/Library/Developer/Xcode/DerivedData/ModuleCache.noindex -sdk-module-cache-path /Users/runner/Library/Developer/Xcode/DerivedData/ModuleCache.noindex -serialize-diagnostics -emit-dependencies -emit-module -emit-module-path /Users/runner/Library/Developer/Xcode/DerivedData/VoiceReader-bvwdbkwbpbgbfcglgmbytagthmuj/Build/Intermediates.noindex/ArchiveIntermediates/VoiceReader/IntermediateBuildFilesPath/VoiceReader.build/Release-iphoneos/VoiceReader.build/Objects-normal/arm64/VoiceReader.swiftmodule -validate-clang-modules-once -clang-build-session-file /Users/runner/Library/Developer/Xcode/DerivedData/ModuleCache.noindex/Session.modulevalidation -Xcc -I/Users/runner/Library/Developer/Xcode/DerivedData/VoiceReader-bvwdbkwbpbgbfcglgmbytagthmuj/Build/Intermediates.noindex/ArchiveIntermediates/VoiceReader/IntermediateBuildFilesPath/VoiceReader.build/Release-iphoneos/VoiceReader.build/swift-overrides.hmap -emit-const-values -Xfrontend -const-gather-protocols-file -Xfrontend /Users/runner/Library/Developer/Xcode/DerivedData/VoiceReader-bvwdbkwbpbgbfcglgmbytagthmuj/Build/Intermediates.noindex/ArchiveIntermediates/VoiceReader/IntermediateBuildFilesPath/VoiceReader.build/Release-iphoneos/VoiceReader.build/Objects-normal/arm64/VoiceReader_const_extract_protocols.json -Xcc -iquote -Xcc /Users/runner/Library/Developer/Xcode/DerivedData/VoiceReader-bvwdbkwbpbgbfcglgmbytagthmuj/Build/Intermediates.noindex/ArchiveIntermediates/VoiceReader/IntermediateBuildFilesPath/VoiceReader.build/Release-iphoneos/VoiceReader.build/VoiceReader-generated-files.hmap -Xcc -I/Users/runner/Library/Developer/Xcode/DerivedData/VoiceReader-bvwdbkwbpbgbfcglgmbytagthmuj/Build/Intermediates.noindex/ArchiveIntermediates/VoiceReader/IntermediateBuildFilesPath/VoiceReader.build/Release-iphoneos/VoiceReader.build/VoiceReader-own-target-headers.hmap -Xcc -I/Users/runner/Library/Developer/Xcode/DerivedData/VoiceReader-bvwdbkwbpbgbfcglgmbytagthmuj/Build/Intermediates.noindex/ArchiveIntermediates/VoiceReader/IntermediateBuildFilesPath/VoiceReader.build/Release-iphoneos/VoiceReader.build/VoiceReader-all-non-framework-target-headers.hmap -Xcc -ivfsoverlay -Xcc /Users/runner/Library/Developer/Xcode/DerivedData/VoiceReader-bvwdbkwbpbgbfcglgmbytagthmuj/Build/Intermediates.noindex/ArchiveIntermediates/VoiceReader/IntermediateBuildFilesPath/VoiceReader.build/Release-iphoneos/VoiceReader-830d9596576bdeff74835997051ea29d-VFS-iphoneos/all-product-headers.yaml -Xcc -iquote -Xcc /Users/runner/Library/Developer/Xcode/DerivedData/VoiceReader-bvwdbkwbpbgbfcglgmbytagthmuj/Build/Intermediates.noindex/ArchiveIntermediates/VoiceReader/IntermediateBuildFilesPath/VoiceReader.build/Release-iphoneos/VoiceReader.build/VoiceReader-project-headers.hmap -Xcc -I/Users/runner/Library/Developer/Xcode/DerivedData/VoiceReader-bvwdbkwbpbgbfcglgmbytagthmuj/SourcePackages/checkouts/swift-ogg/Sources/SupportingFiles/Dependencies/Copustools/include -Xcc -I/Users/runner/Library/Developer/Xcode/DerivedData/VoiceReader-bvwdbkwbpbgbfcglgmbytagthmuj/Build/Intermediates.noindex/ArchiveIntermediates/VoiceReader/BuildProductsPath/Release-iphoneos/include -Xcc -I/Users/runner/Library/Developer/Xcode/DerivedData/VoiceReader-bvwdbkwbpbgbfcglgmbytagthmuj/Build/Intermediates.noindex/ArchiveIntermediates/VoiceReader/IntermediateBuildFilesPath/VoiceReader.build/Release-iphoneos/VoiceReader.build/DerivedSources-normal/arm64 -Xcc -I/Users/runner/Library/Developer/Xcode/DerivedData/VoiceReader-bvwdbkwbpbgbfcglgmbytagthmuj/Build/Intermediates.noindex/ArchiveIntermediates/VoiceReader/IntermediateBuildFilesPath/VoiceReader.build/Release-iphoneos/VoiceReader.build/DerivedSources/arm64 -Xcc -I/Users/runner/Library/Developer/Xcode/DerivedData/VoiceReader-bvwdbkwbpbgbfcglgmbytagthmuj/Build/Intermediates.noindex/ArchiveIntermediates/VoiceReader/IntermediateBuildFilesPath/VoiceReader.build/Release-iphoneos/VoiceReader.build/DerivedSources -emit-objc-header -emit-objc-header-path /Users/runner/Library/Developer/Xcode/DerivedData/VoiceReader-bvwdbkwbpbgbfcglgmbytagthmuj/Build/Intermediates.noindex/ArchiveIntermediates/VoiceReader/IntermediateBuildFilesPath/VoiceReader.build/Release-iphoneos/VoiceReader.build/Objects-normal/arm64/VoiceReader-Swift.h -working-directory /Users/runner/work/voice-message-reader/voice-message-reader -no-emit-module-separately-wmo

SwiftMergeGeneratedHeaders /Users/runner/Library/Developer/Xcode/DerivedData/VoiceReader-bvwdbkwbpbgbfcglgmbytagthmuj/Build/Intermediates.noindex/ArchiveIntermediates/VoiceReader/IntermediateBuildFilesPath/VoiceReader.build/Release-iphoneos/VoiceReader.build/DerivedSources/VoiceReader-Swift.h /Users/runner/Library/Developer/Xcode/DerivedData/VoiceReader-bvwdbkwbpbgbfcglgmbytagthmuj/Build/Intermediates.noindex/ArchiveIntermediates/VoiceReader/IntermediateBuildFilesPath/VoiceReader.build/Release-iphoneos/VoiceReader.build/Objects-normal/arm64/VoiceReader-Swift.h (in target 'VoiceReader' from project 'VoiceReader')
    cd /Users/runner/work/voice-message-reader/voice-message-reader
    builtin-swiftHeaderTool -arch arm64 /Users/runner/Library/Developer/Xcode/DerivedData/VoiceReader-bvwdbkwbpbgbfcglgmbytagthmuj/Build/Intermediates.noindex/ArchiveIntermediates/VoiceReader/IntermediateBuildFilesPath/VoiceReader.build/Release-iphoneos/VoiceReader.build/Objects-normal/arm64/VoiceReader-Swift.h -o /Users/runner/Library/Developer/Xcode/DerivedData/VoiceReader-bvwdbkwbpbgbfcglgmbytagthmuj/Build/Intermediates.noindex/ArchiveIntermediates/VoiceReader/IntermediateBuildFilesPath/VoiceReader.build/Release-iphoneos/VoiceReader.build/DerivedSources/VoiceReader-Swift.h

Copy /Users/runner/Library/Developer/Xcode/DerivedData/VoiceReader-bvwdbkwbpbgbfcglgmbytagthmuj/Build/Intermediates.noindex/ArchiveIntermediates/VoiceReader/BuildProductsPath/Release-iphoneos/VoiceReader.swiftmodule/arm64-apple-ios.swiftmodule /Users/runner/Library/Developer/Xcode/DerivedData/VoiceReader-bvwdbkwbpbgbfcglgmbytagthmuj/Build/Intermediates.noindex/ArchiveIntermediates/VoiceReader/IntermediateBuildFilesPath/VoiceReader.build/Release-iphoneos/VoiceReader.build/Objects-normal/arm64/VoiceReader.swiftmodule (in target 'VoiceReader' from project 'VoiceReader')
    cd /Users/runner/work/voice-message-reader/voice-message-reader
    builtin-copy -exclude .DS_Store -exclude CVS -exclude .svn -exclude .git -exclude .hg -resolve-src-symlinks -rename /Users/runner/Library/Developer/Xcode/DerivedData/VoiceReader-bvwdbkwbpbgbfcglgmbytagthmuj/Build/Intermediates.noindex/ArchiveIntermediates/VoiceReader/IntermediateBuildFilesPath/VoiceReader.build/Release-iphoneos/VoiceReader.build/Objects-normal/arm64/VoiceReader.swiftmodule /Users/runner/Library/Developer/Xcode/DerivedData/VoiceReader-bvwdbkwbpbgbfcglgmbytagthmuj/Build/Intermediates.noindex/ArchiveIntermediates/VoiceReader/BuildProductsPath/Release-iphoneos/VoiceReader.swiftmodule/arm64-apple-ios.swiftmodule

Copy /Users/runner/Library/Developer/Xcode/DerivedData/VoiceReader-bvwdbkwbpbgbfcglgmbytagthmuj/Build/Intermediates.noindex/ArchiveIntermediates/VoiceReader/BuildProductsPath/Release-iphoneos/VoiceReader.swiftmodule/arm64-apple-ios.swiftdoc /Users/runner/Library/Developer/Xcode/DerivedData/VoiceReader-bvwdbkwbpbgbfcglgmbytagthmuj/Build/Intermediates.noindex/ArchiveIntermediates/VoiceReader/IntermediateBuildFilesPath/VoiceReader.build/Release-iphoneos/VoiceReader.build/Objects-normal/arm64/VoiceReader.swiftdoc (in target 'VoiceReader' from project 'VoiceReader')
    cd /Users/runner/work/voice-message-reader/voice-message-reader
    builtin-copy -exclude .DS_Store -exclude CVS -exclude .svn -exclude .git -exclude .hg -resolve-src-symlinks -rename /Users/runner/Library/Developer/Xcode/DerivedData/VoiceReader-bvwdbkwbpbgbfcglgmbytagthmuj/Build/Intermediates.noindex/ArchiveIntermediates/VoiceReader/IntermediateBuildFilesPath/VoiceReader.build/Release-iphoneos/VoiceReader.build/Objects-normal/arm64/VoiceReader.swiftdoc /Users/runner/Library/Developer/Xcode/DerivedData/VoiceReader-bvwdbkwbpbgbfcglgmbytagthmuj/Build/Intermediates.noindex/ArchiveIntermediates/VoiceReader/BuildProductsPath/Release-iphoneos/VoiceReader.swiftmodule/arm64-apple-ios.swiftdoc

Copy /Users/runner/Library/Developer/Xcode/DerivedData/VoiceReader-bvwdbkwbpbgbfcglgmbytagthmuj/Build/Intermediates.noindex/ArchiveIntermediates/VoiceReader/BuildProductsPath/Release-iphoneos/VoiceReader.swiftmodule/arm64-apple-ios.abi.json /Users/runner/Library/Developer/Xcode/DerivedData/VoiceReader-bvwdbkwbpbgbfcglgmbytagthmuj/Build/Intermediates.noindex/ArchiveIntermediates/VoiceReader/IntermediateBuildFilesPath/VoiceReader.build/Release-iphoneos/VoiceReader.build/Objects-normal/arm64/VoiceReader.abi.json (in target 'VoiceReader' from project 'VoiceReader')
    cd /Users/runner/work/voice-message-reader/voice-message-reader
    builtin-copy -exclude .DS_Store -exclude CVS -exclude .svn -exclude .git -exclude .hg -resolve-src-symlinks -rename /Users/runner/Library/Developer/Xcode/DerivedData/VoiceReader-bvwdbkwbpbgbfcglgmbytagthmuj/Build/Intermediates.noindex/ArchiveIntermediates/VoiceReader/IntermediateBuildFilesPath/VoiceReader.build/Release-iphoneos/VoiceReader.build/Objects-normal/arm64/VoiceReader.abi.json /Users/runner/Library/Developer/Xcode/DerivedData/VoiceReader-bvwdbkwbpbgbfcglgmbytagthmuj/Build/Intermediates.noindex/ArchiveIntermediates/VoiceReader/BuildProductsPath/Release-iphoneos/VoiceReader.swiftmodule/arm64-apple-ios.abi.json

Ld /Users/runner/Library/Developer/Xcode/DerivedData/VoiceReader-bvwdbkwbpbgbfcglgmbytagthmuj/Build/Intermediates.noindex/ArchiveIntermediates/VoiceReader/InstallationBuildProductsLocation/Applications/VoiceReader.app/VoiceReader normal (in target 'VoiceReader' from project 'VoiceReader')
    cd /Users/runner/work/voice-message-reader/voice-message-reader
    /Applications/Xcode_26.0.1.app/Contents/Developer/Toolchains/XcodeDefault.xctoolchain/usr/bin/clang -Xlinker -reproducible -target arm64-apple-ios17.0 -isysroot /Applications/Xcode_26.0.1.app/Contents/Developer/Platforms/iPhoneOS.platform/Developer/SDKs/iPhoneOS26.0.sdk -Os -L/Users/runner/Library/Developer/Xcode/DerivedData/VoiceReader-bvwdbkwbpbgbfcglgmbytagthmuj/Build/Intermediates.noindex/ArchiveIntermediates/VoiceReader/IntermediateBuildFilesPath/EagerLinkingTBDs/Release-iphoneos -L/Users/runner/Library/Developer/Xcode/DerivedData/VoiceReader-bvwdbkwbpbgbfcglgmbytagthmuj/Build/Intermediates.noindex/ArchiveIntermediates/VoiceReader/BuildProductsPath/Release-iphoneos -F/Users/runner/Library/Developer/Xcode/DerivedData/VoiceReader-bvwdbkwbpbgbfcglgmbytagthmuj/Build/Intermediates.noindex/ArchiveIntermediates/VoiceReader/IntermediateBuildFilesPath/EagerLinkingTBDs/Release-iphoneos -F/Users/runner/Library/Developer/Xcode/DerivedData/VoiceReader-bvwdbkwbpbgbfcglgmbytagthmuj/Build/Intermediates.noindex/ArchiveIntermediates/VoiceReader/BuildProductsPath/Release-iphoneos/PackageFrameworks -F/Users/runner/Library/Developer/Xcode/DerivedData/VoiceReader-bvwdbkwbpbgbfcglgmbytagthmuj/Build/Intermediates.noindex/ArchiveIntermediates/VoiceReader/BuildProductsPath/Release-iphoneos/PackageFrameworks -F/Users/runner/Library/Developer/Xcode/DerivedData/VoiceReader-bvwdbkwbpbgbfcglgmbytagthmuj/Build/Intermediates.noindex/ArchiveIntermediates/VoiceReader/BuildProductsPath/Release-iphoneos -filelist /Users/runner/Library/Developer/Xcode/DerivedData/VoiceReader-bvwdbkwbpbgbfcglgmbytagthmuj/Build/Intermediates.noindex/ArchiveIntermediates/VoiceReader/IntermediateBuildFilesPath/VoiceReader.build/Release-iphoneos/VoiceReader.build/Objects-normal/arm64/VoiceReader.LinkFileList -Xlinker -rpath -Xlinker /usr/lib/swift -Xlinker -rpath -Xlinker @executable_path/Frameworks -dead_strip -Xlinker -object_path_lto -Xlinker /Users/runner/Library/Developer/Xcode/DerivedData/VoiceReader-bvwdbkwbpbgbfcglgmbytagthmuj/Build/Intermediates.noindex/ArchiveIntermediates/VoiceReader/IntermediateBuildFilesPath/VoiceReader.build/Release-iphoneos/VoiceReader.build/Objects-normal/arm64/VoiceReader_lto.o -Xlinker -final_output -Xlinker /Applications/VoiceReader.app/VoiceReader -Xlinker -dependency_info -Xlinker /Users/runner/Library/Developer/Xcode/DerivedData/VoiceReader-bvwdbkwbpbgbfcglgmbytagthmuj/Build/Intermediates.noindex/ArchiveIntermediates/VoiceReader/IntermediateBuildFilesPath/VoiceReader.build/Release-iphoneos/VoiceReader.build/Objects-normal/arm64/VoiceReader_dependency_info.dat -fobjc-link-runtime -L/Applications/Xcode_26.0.1.app/Contents/Developer/Toolchains/XcodeDefault.xctoolchain/usr/lib/swift/iphoneos -L/usr/lib/swift -Xlinker -add_ast_path -Xlinker /Users/runner/Library/Developer/Xcode/DerivedData/VoiceReader-bvwdbkwbpbgbfcglgmbytagthmuj/Build/Intermediates.noindex/ArchiveIntermediates/VoiceReader/IntermediateBuildFilesPath/VoiceReader.build/Release-iphoneos/VoiceReader.build/Objects-normal/arm64/VoiceReader.swiftmodule @/Users/runner/Library/Developer/Xcode/DerivedData/VoiceReader-bvwdbkwbpbgbfcglgmbytagthmuj/Build/Intermediates.noindex/ArchiveIntermediates/VoiceReader/IntermediateBuildFilesPath/VoiceReader.build/Release-iphoneos/VoiceReader.build/Objects-normal/arm64/VoiceReader-linker-args.resp -Wl,-no_warn_duplicate_libraries -Wl,-no_warn_duplicate_libraries -weak_framework FoundationModels -weak_framework Translation -framework YbridOpus -framework YbridOpus -framework YbridOgg -framework YbridOgg -Xlinker -no_adhoc_codesign -o /Users/runner/Library/Developer/Xcode/DerivedData/VoiceReader-bvwdbkwbpbgbfcglgmbytagthmuj/Build/Intermediates.noindex/ArchiveIntermediates/VoiceReader/InstallationBuildProductsLocation/Applications/VoiceReader.app/VoiceReader -Xlinker -add_ast_path -Xlinker /Users/runner/Library/Developer/Xcode/DerivedData/VoiceReader-bvwdbkwbpbgbfcglgmbytagthmuj/Build/Intermediates.noindex/ArchiveIntermediates/VoiceReader/IntermediateBuildFilesPath/SwiftOGG.build/Release-iphoneos/SwiftOGG.build/Objects-normal/arm64/SwiftOGG.swiftmodule @/Users/runner/Library/Developer/Xcode/DerivedData/VoiceReader-bvwdbkwbpbgbfcglgmbytagthmuj/Build/Intermediates.noindex/ArchiveIntermediates/VoiceReader/IntermediateBuildFilesPath/SwiftOGG.build/Release-iphoneos/SwiftOGG.build/Objects-normal/arm64/SwiftOGG-linker-args.resp

Copy /Users/runner/Library/Developer/Xcode/DerivedData/VoiceReader-bvwdbkwbpbgbfcglgmbytagthmuj/Build/Intermediates.noindex/ArchiveIntermediates/VoiceReader/InstallationBuildProductsLocation/Applications/VoiceReader.app/PlugIns/VoiceReaderWidget.appex /Users/runner/Library/Developer/Xcode/DerivedData/VoiceReader-bvwdbkwbpbgbfcglgmbytagthmuj/Build/Intermediates.noindex/ArchiveIntermediates/VoiceReader/BuildProductsPath/Release-iphoneos/VoiceReaderWidget.appex (in target 'VoiceReader' from project 'VoiceReader')
    cd /Users/runner/work/voice-message-reader/voice-message-reader
    builtin-copy -exclude .DS_Store -exclude CVS -exclude .svn -exclude .git -exclude .hg -exclude Headers -exclude PrivateHeaders -exclude Modules -exclude \*.tbd -resolve-src-symlinks -remove-static-executable /Users/runner/Library/Developer/Xcode/DerivedData/VoiceReader-bvwdbkwbpbgbfcglgmbytagthmuj/Build/Intermediates.noindex/ArchiveIntermediates/VoiceReader/BuildProductsPath/Release-iphoneos/VoiceReaderWidget.appex /Users/runner/Library/Developer/Xcode/DerivedData/VoiceReader-bvwdbkwbpbgbfcglgmbytagthmuj/Build/Intermediates.noindex/ArchiveIntermediates/VoiceReader/InstallationBuildProductsLocation/Applications/VoiceReader.app/PlugIns

Copy /Users/runner/Library/Developer/Xcode/DerivedData/VoiceReader-bvwdbkwbpbgbfcglgmbytagthmuj/Build/Intermediates.noindex/ArchiveIntermediates/VoiceReader/InstallationBuildProductsLocation/Applications/VoiceReader.app/PlugIns/ShareExtension.appex /Users/runner/Library/Developer/Xcode/DerivedData/VoiceReader-bvwdbkwbpbgbfcglgmbytagthmuj/Build/Intermediates.noindex/ArchiveIntermediates/VoiceReader/BuildProductsPath/Release-iphoneos/ShareExtension.appex (in target 'VoiceReader' from project 'VoiceReader')
    cd /Users/runner/work/voice-message-reader/voice-message-reader
    builtin-copy -exclude .DS_Store -exclude CVS -exclude .svn -exclude .git -exclude .hg -exclude Headers -exclude PrivateHeaders -exclude Modules -exclude \*.tbd -resolve-src-symlinks -remove-static-executable /Users/runner/Library/Developer/Xcode/DerivedData/VoiceReader-bvwdbkwbpbgbfcglgmbytagthmuj/Build/Intermediates.noindex/ArchiveIntermediates/VoiceReader/BuildProductsPath/Release-iphoneos/ShareExtension.appex /Users/runner/Library/Developer/Xcode/DerivedData/VoiceReader-bvwdbkwbpbgbfcglgmbytagthmuj/Build/Intermediates.noindex/ArchiveIntermediates/VoiceReader/InstallationBuildProductsLocation/Applications/VoiceReader.app/PlugIns

Copy /Users/runner/Library/Developer/Xcode/DerivedData/VoiceReader-bvwdbkwbpbgbfcglgmbytagthmuj/Build/Intermediates.noindex/ArchiveIntermediates/VoiceReader/InstallationBuildProductsLocation/Applications/VoiceReader.app/PlugIns/ActionExtension.appex /Users/runner/Library/Developer/Xcode/DerivedData/VoiceReader-bvwdbkwbpbgbfcglgmbytagthmuj/Build/Intermediates.noindex/ArchiveIntermediates/VoiceReader/BuildProductsPath/Release-iphoneos/ActionExtension.appex (in target 'VoiceReader' from project 'VoiceReader')
    cd /Users/runner/work/voice-message-reader/voice-message-reader
    builtin-copy -exclude .DS_Store -exclude CVS -exclude .svn -exclude .git -exclude .hg -exclude Headers -exclude PrivateHeaders -exclude Modules -exclude \*.tbd -resolve-src-symlinks -remove-static-executable /Users/runner/Library/Developer/Xcode/DerivedData/VoiceReader-bvwdbkwbpbgbfcglgmbytagthmuj/Build/Intermediates.noindex/ArchiveIntermediates/VoiceReader/BuildProductsPath/Release-iphoneos/ActionExtension.appex /Users/runner/Library/Developer/Xcode/DerivedData/VoiceReader-bvwdbkwbpbgbfcglgmbytagthmuj/Build/Intermediates.noindex/ArchiveIntermediates/VoiceReader/InstallationBuildProductsLocation/Applications/VoiceReader.app/PlugIns

ProcessInfoPlistFile /Users/runner/Library/Developer/Xcode/DerivedData/VoiceReader-bvwdbkwbpbgbfcglgmbytagthmuj/Build/Intermediates.noindex/ArchiveIntermediates/VoiceReader/InstallationBuildProductsLocation/Applications/VoiceReader.app/Info.plist /Users/runner/work/voice-message-reader/voice-message-reader/App/Info.plist (in target 'VoiceReader' from project 'VoiceReader')
    cd /Users/runner/work/voice-message-reader/voice-message-reader
    builtin-infoPlistUtility /Users/runner/work/voice-message-reader/voice-message-reader/App/Info.plist -producttype com.apple.product-type.application -genpkginfo /Users/runner/Library/Developer/Xcode/DerivedData/VoiceReader-bvwdbkwbpbgbfcglgmbytagthmuj/Build/Intermediates.noindex/ArchiveIntermediates/VoiceReader/InstallationBuildProductsLocation/Applications/VoiceReader.app/PkgInfo -expandbuildsettings -format binary -platform iphoneos -additionalcontentfile /Users/runner/Library/Developer/Xcode/DerivedData/VoiceReader-bvwdbkwbpbgbfcglgmbytagthmuj/Build/Intermediates.noindex/ArchiveIntermediates/VoiceReader/IntermediateBuildFilesPath/VoiceReader.build/Release-iphoneos/VoiceReader.build/assetcatalog_generated_info.plist -scanforprivacyfile /Users/runner/Library/Developer/Xcode/DerivedData/VoiceReader-bvwdbkwbpbgbfcglgmbytagthmuj/Build/Intermediates.noindex/ArchiveIntermediates/VoiceReader/InstallationBuildProductsLocation/Applications/VoiceReader.app/Frameworks/YbridOgg.framework -scanforprivacyfile /Users/runner/Library/Developer/Xcode/DerivedData/VoiceReader-bvwdbkwbpbgbfcglgmbytagthmuj/Build/Intermediates.noindex/ArchiveIntermediates/VoiceReader/InstallationBuildProductsLocation/Applications/VoiceReader.app/Frameworks/YbridOpus.framework -scanforprivacyfile /Users/runner/Library/Developer/Xcode/DerivedData/VoiceReader-bvwdbkwbpbgbfcglgmbytagthmuj/Build/Intermediates.noindex/ArchiveIntermediates/VoiceReader/InstallationBuildProductsLocation/Applications/VoiceReader.app/PlugIns/ActionExtension.appex -scanforprivacyfile /Users/runner/Library/Developer/Xcode/DerivedData/VoiceReader-bvwdbkwbpbgbfcglgmbytagthmuj/Build/Intermediates.noindex/ArchiveIntermediates/VoiceReader/InstallationBuildProductsLocation/Applications/VoiceReader.app/PlugIns/ShareExtension.appex -scanforprivacyfile /Users/runner/Library/Developer/Xcode/DerivedData/VoiceReader-bvwdbkwbpbgbfcglgmbytagthmuj/Build/Intermediates.noindex/ArchiveIntermediates/VoiceReader/InstallationBuildProductsLocation/Applications/VoiceReader.app/PlugIns/VoiceReaderWidget.appex -requiredArchitecture arm64 -o /Users/runner/Library/Developer/Xcode/DerivedData/VoiceReader-bvwdbkwbpbgbfcglgmbytagthmuj/Build/Intermediates.noindex/ArchiveIntermediates/VoiceReader/InstallationBuildProductsLocation/Applications/VoiceReader.app/Info.plist

CopySwiftLibs /Users/runner/Library/Developer/Xcode/DerivedData/VoiceReader-bvwdbkwbpbgbfcglgmbytagthmuj/Build/Intermediates.noindex/ArchiveIntermediates/VoiceReader/InstallationBuildProductsLocation/Applications/VoiceReader.app (in target 'VoiceReader' from project 'VoiceReader')
    cd /Users/runner/work/voice-message-reader/voice-message-reader
    builtin-swiftStdLibTool --copy --verbose --sign 4106A9D45955CE6DFE2CAAF55087A7B2770978E5 --scan-executable /Users/runner/Library/Developer/Xcode/DerivedData/VoiceReader-bvwdbkwbpbgbfcglgmbytagthmuj/Build/Intermediates.noindex/ArchiveIntermediates/VoiceReader/InstallationBuildProductsLocation/Applications/VoiceReader.app/VoiceReader --scan-folder /Users/runner/Library/Developer/Xcode/DerivedData/VoiceReader-bvwdbkwbpbgbfcglgmbytagthmuj/Build/Intermediates.noindex/ArchiveIntermediates/VoiceReader/InstallationBuildProductsLocation/Applications/VoiceReader.app/Frameworks --scan-folder /Users/runner/Library/Developer/Xcode/DerivedData/VoiceReader-bvwdbkwbpbgbfcglgmbytagthmuj/Build/Intermediates.noindex/ArchiveIntermediates/VoiceReader/InstallationBuildProductsLocation/Applications/VoiceReader.app/PlugIns --scan-folder /Users/runner/Library/Developer/Xcode/DerivedData/VoiceReader-bvwdbkwbpbgbfcglgmbytagthmuj/Build/Intermediates.noindex/ArchiveIntermediates/VoiceReader/InstallationBuildProductsLocation/Applications/VoiceReader.app/SystemExtensions --scan-folder /Users/runner/Library/Developer/Xcode/DerivedData/VoiceReader-bvwdbkwbpbgbfcglgmbytagthmuj/Build/Intermediates.noindex/ArchiveIntermediates/VoiceReader/InstallationBuildProductsLocation/Applications/VoiceReader.app/Extensions --platform iphoneos --toolchain /var/run/com.apple.security.cryptexd/mnt/com.apple.MobileAsset.MetalToolchain-v17.1.324.0.XSlXT5/Metal.xctoolchain --toolchain /Applications/Xcode_26.0.1.app/Contents/Developer/Toolchains/XcodeDefault.xctoolchain --destination /Users/runner/Library/Developer/Xcode/DerivedData/VoiceReader-bvwdbkwbpbgbfcglgmbytagthmuj/Build/Intermediates.noindex/ArchiveIntermediates/VoiceReader/InstallationBuildProductsLocation/Applications/VoiceReader.app/Frameworks --unsigned-destination /Users/runner/Library/Developer/Xcode/DerivedData/VoiceReader-bvwdbkwbpbgbfcglgmbytagthmuj/Build/Intermediates.noindex/ArchiveIntermediates/VoiceReader/BuildProductsPath/SwiftSupport --strip-bitcode --strip-bitcode-tool /Applications/Xcode_26.0.1.app/Contents/Developer/Toolchains/XcodeDefault.xctoolchain/usr/bin/bitcode_strip --emit-dependency-info /Users/runner/Library/Developer/Xcode/DerivedData/VoiceReader-bvwdbkwbpbgbfcglgmbytagthmuj/Build/Intermediates.noindex/ArchiveIntermediates/VoiceReader/IntermediateBuildFilesPath/VoiceReader.build/Release-iphoneos/VoiceReader.build/SwiftStdLibToolInputDependencies.dep --filter-for-swift-os --back-deploy-swift-span

ExtractAppIntentsMetadata (in target 'VoiceReader' from project 'VoiceReader')
    cd /Users/runner/work/voice-message-reader/voice-message-reader
    /Applications/Xcode_26.0.1.app/Contents/Developer/Toolchains/XcodeDefault.xctoolchain/usr/bin/appintentsmetadataprocessor --toolchain-dir /var/run/com.apple.security.cryptexd/mnt/com.apple.MobileAsset.MetalToolchain-v17.1.324.0.XSlXT5/Metal.xctoolchain --module-name VoiceReader --sdk-root /Applications/Xcode_26.0.1.app/Contents/Developer/Platforms/iPhoneOS.platform/Developer/SDKs/iPhoneOS26.0.sdk --xcode-version 17A400 --platform-family iOS --deployment-target 17.0 --bundle-identifier com.noorulain.voicereader --output /Users/runner/Library/Developer/Xcode/DerivedData/VoiceReader-bvwdbkwbpbgbfcglgmbytagthmuj/Build/Intermediates.noindex/ArchiveIntermediates/VoiceReader/InstallationBuildProductsLocation/Applications/VoiceReader.app --target-triple arm64-apple-ios17.0 --binary-file /Users/runner/Library/Developer/Xcode/DerivedData/VoiceReader-bvwdbkwbpbgbfcglgmbytagthmuj/Build/Intermediates.noindex/ArchiveIntermediates/VoiceReader/InstallationBuildProductsLocation/Applications/VoiceReader.app/VoiceReader --dependency-file /Users/runner/Library/Developer/Xcode/DerivedData/VoiceReader-bvwdbkwbpbgbfcglgmbytagthmuj/Build/Intermediates.noindex/ArchiveIntermediates/VoiceReader/IntermediateBuildFilesPath/VoiceReader.build/Release-iphoneos/VoiceReader.build/Objects-normal/arm64/VoiceReader_dependency_info.dat --stringsdata-file /Users/runner/Library/Developer/Xcode/DerivedData/VoiceReader-bvwdbkwbpbgbfcglgmbytagthmuj/Build/Intermediates.noindex/ArchiveIntermediates/VoiceReader/IntermediateBuildFilesPath/VoiceReader.build/Release-iphoneos/VoiceReader.build/Objects-normal/arm64/ExtractedAppShortcutsMetadata.stringsdata --source-file-list /Users/runner/Library/Developer/Xcode/DerivedData/VoiceReader-bvwdbkwbpbgbfcglgmbytagthmuj/Build/Intermediates.noindex/ArchiveIntermediates/VoiceReader/IntermediateBuildFilesPath/VoiceReader.build/Release-iphoneos/VoiceReader.build/Objects-normal/arm64/VoiceReader.SwiftFileList --metadata-file-list /Users/runner/Library/Developer/Xcode/DerivedData/VoiceReader-bvwdbkwbpbgbfcglgmbytagthmuj/Build/Intermediates.noindex/ArchiveIntermediates/VoiceReader/IntermediateBuildFilesPath/VoiceReader.build/Release-iphoneos/VoiceReader.build/VoiceReader.DependencyMetadataFileList --static-metadata-file-list /Users/runner/Library/Developer/Xcode/DerivedData/VoiceReader-bvwdbkwbpbgbfcglgmbytagthmuj/Build/Intermediates.noindex/ArchiveIntermediates/VoiceReader/IntermediateBuildFilesPath/VoiceReader.build/Release-iphoneos/VoiceReader.build/VoiceReader.DependencyStaticMetadataFileList --swift-const-vals-list /Users/runner/Library/Developer/Xcode/DerivedData/VoiceReader-bvwdbkwbpbgbfcglgmbytagthmuj/Build/Intermediates.noindex/ArchiveIntermediates/VoiceReader/IntermediateBuildFilesPath/VoiceReader.build/Release-iphoneos/VoiceReader.build/Objects-normal/arm64/VoiceReader.SwiftConstValuesFileList --compile-time-extraction --deployment-aware-processing --validate-assistant-intents --no-app-shortcuts-localization
2026-10-03 14:44:48.838 appintentsmetadataprocessor[3956:15406] Starting appintentsmetadataprocessor export
2026-10-03 14:44:49.052 appintentsmetadataprocessor[3956:15406] Writing Metadata.appintents
2026-10-03 14:44:49.053 appintentsmetadataprocessor[3956:15406] Metadata root: /Users/runner/Library/Developer/Xcode/DerivedData/VoiceReader-bvwdbkwbpbgbfcglgmbytagthmuj/Build/Intermediates.noindex/ArchiveIntermediates/VoiceReader/InstallationBuildProductsLocation/Applications/VoiceReader.app/Metadata.appintents

GenerateDSYMFile /Users/runner/Library/Developer/Xcode/DerivedData/VoiceReader-bvwdbkwbpbgbfcglgmbytagthmuj/Build/Intermediates.noindex/ArchiveIntermediates/VoiceReader/BuildProductsPath/Release-iphoneos/VoiceReader.app.dSYM /Users/runner/Library/Developer/Xcode/DerivedData/VoiceReader-bvwdbkwbpbgbfcglgmbytagthmuj/Build/Intermediates.noindex/ArchiveIntermediates/VoiceReader/InstallationBuildProductsLocation/Applications/VoiceReader.app/VoiceReader (in target 'VoiceReader' from project 'VoiceReader')
    cd /Users/runner/work/voice-message-reader/voice-message-reader
    /Applications/Xcode_26.0.1.app/Contents/Developer/Toolchains/XcodeDefault.xctoolchain/usr/bin/dsymutil /Users/runner/Library/Developer/Xcode/DerivedData/VoiceReader-bvwdbkwbpbgbfcglgmbytagthmuj/Build/Intermediates.noindex/ArchiveIntermediates/VoiceReader/InstallationBuildProductsLocation/Applications/VoiceReader.app/VoiceReader -o /Users/runner/Library/Developer/Xcode/DerivedData/VoiceReader-bvwdbkwbpbgbfcglgmbytagthmuj/Build/Intermediates.noindex/ArchiveIntermediates/VoiceReader/BuildProductsPath/Release-iphoneos/VoiceReader.app.dSYM

AppIntentsSSUTraining (in target 'VoiceReader' from project 'VoiceReader')
    cd /Users/runner/work/voice-message-reader/voice-message-reader
    /Applications/Xcode_26.0.1.app/Contents/Developer/Toolchains/XcodeDefault.xctoolchain/usr/bin/appintentsnltrainingprocessor --infoplist-path /Users/runner/Library/Developer/Xcode/DerivedData/VoiceReader-bvwdbkwbpbgbfcglgmbytagthmuj/Build/Intermediates.noindex/ArchiveIntermediates/VoiceReader/InstallationBuildProductsLocation/Applications/VoiceReader.app/Info.plist --temp-dir-path /Users/runner/Library/Developer/Xcode/DerivedData/VoiceReader-bvwdbkwbpbgbfcglgmbytagthmuj/Build/Intermediates.noindex/ArchiveIntermediates/VoiceReader/IntermediateBuildFilesPath/VoiceReader.build/Release-iphoneos/VoiceReader.build/ssu --bundle-id com.noorulain.voicereader --product-path /Users/runner/Library/Developer/Xcode/DerivedData/VoiceReader-bvwdbkwbpbgbfcglgmbytagthmuj/Build/Intermediates.noindex/ArchiveIntermediates/VoiceReader/InstallationBuildProductsLocation/Applications/VoiceReader.app --extracted-metadata-path /Users/runner/Library/Developer/Xcode/DerivedData/VoiceReader-bvwdbkwbpbgbfcglgmbytagthmuj/Build/Intermediates.noindex/ArchiveIntermediates/VoiceReader/InstallationBuildProductsLocation/Applications/VoiceReader.app/Metadata.appintents --deployment-postprocessing --metadata-file-list /Users/runner/Library/Developer/Xcode/DerivedData/VoiceReader-bvwdbkwbpbgbfcglgmbytagthmuj/Build/Intermediates.noindex/ArchiveIntermediates/VoiceReader/IntermediateBuildFilesPath/VoiceReader.build/Release-iphoneos/VoiceReader.build/VoiceReader.DependencyMetadataFileList --archive-ssu-assets
2026-10-03 14:44:49.081 appintentsnltrainingprocessor[3958:15413] Parsing options for appintentsnltrainingprocessor
2026-10-03 14:44:49.082 appintentsnltrainingprocessor[3958:15413] Starting AppIntents SSU YAML Generation
2026-10-03 14:44:49.098 appintentsnltrainingprocessor[3958:15413] Training 'Transcribe audio with ${+applicationName}|Convert voice message with ${+applicationName}' for en
2026-10-03 14:44:49.098 appintentsnltrainingprocessor[3958:15413] Training 'Start live transcription in ${+applicationName}|Record with ${+applicationName}' for en
2026-10-03 14:44:49.098 appintentsnltrainingprocessor[3958:15413] Training Negative Phrases '' for en
2026-10-03 14:44:49.098 appintentsnltrainingprocessor[3958:15413] Application name 'Voice Reader' for en
2026-10-03 14:44:49.117 appintentsnltrainingprocessor[3958:15413] Generated AppIntents SSU YAML files in file:///Users/runner/Library/Developer/Xcode/DerivedData/VoiceReader-bvwdbkwbpbgbfcglgmbytagthmuj/Build/Intermediates.noindex/ArchiveIntermediates/VoiceReader/IntermediateBuildFilesPath/VoiceReader.build/Release-iphoneos/VoiceReader.build/ssu/
Archiving all locales.
[------------------------------------------------------------] 0% archiving en[🁢🁢🁢🁢🁢🁢🁢🁢🁢🁢🁢🁢🁢🁢🁢🁢🁢🁢🁢🁢🁢🁢🁢🁢🁢🁢🁢🁢🁢🁢🁢🁢🁢🁢🁢🁢🁢🁢🁢🁢🁢🁢🁢🁢🁢🁢🁢🁢🁢🁢🁢🁢🁢🁢🁢🁢🁢🁢🁢🁢] 100% archived en[🁢🁢🁢🁢🁢🁢🁢🁢🁢🁢🁢🁢🁢🁢🁢🁢🁢🁢🁢🁢🁢🁢🁢🁢🁢🁢🁢🁢🁢🁢🁢🁢🁢🁢🁢🁢🁢🁢🁢🁢🁢🁢🁢🁢🁢🁢🁢🁢🁢🁢🁢🁢🁢🁢🁢🁢🁢🁢🁢🁢] 100% archived 1 locales/Users/runner/Library/Developer/Xcode/DerivedData/VoiceReader-bvwdbkwbpbgbfcglgmbytagthmuj/Build/Intermediates.noindex/ArchiveIntermediates/VoiceReader/InstallationBuildProductsLocation/Applications/VoiceReader.app/Metadata.appintents/nlu
/Users/runner/Library/Developer/Xcode/DerivedData/VoiceReader-bvwdbkwbpbgbfcglgmbytagthmuj/Build/Intermediates.noindex/ArchiveIntermediates/VoiceReader/InstallationBuildProductsLocation/Applications/VoiceReader.app/Metadata.appintents/nlu/eb274defc6395e3ec6aaaa9fd6f26763.version


Strip /Users/runner/Library/Developer/Xcode/DerivedData/VoiceReader-bvwdbkwbpbgbfcglgmbytagthmuj/Build/Intermediates.noindex/ArchiveIntermediates/VoiceReader/InstallationBuildProductsLocation/Applications/VoiceReader.app/VoiceReader (in target 'VoiceReader' from project 'VoiceReader')
    cd /Users/runner/work/voice-message-reader/voice-message-reader
    /Applications/Xcode_26.0.1.app/Contents/Developer/Toolchains/XcodeDefault.xctoolchain/usr/bin/strip -D /Users/runner/Library/Developer/Xcode/DerivedData/VoiceReader-bvwdbkwbpbgbfcglgmbytagthmuj/Build/Intermediates.noindex/ArchiveIntermediates/VoiceReader/InstallationBuildProductsLocation/Applications/VoiceReader.app/VoiceReader

SetOwnerAndGroup runner:staff /Users/runner/Library/Developer/Xcode/DerivedData/VoiceReader-bvwdbkwbpbgbfcglgmbytagthmuj/Build/Intermediates.noindex/ArchiveIntermediates/VoiceReader/InstallationBuildProductsLocation/Applications/VoiceReader.app (in target 'VoiceReader' from project 'VoiceReader')
    cd /Users/runner/work/voice-message-reader/voice-message-reader
    /usr/sbin/chown -RH runner:staff /Users/runner/Library/Developer/Xcode/DerivedData/VoiceReader-bvwdbkwbpbgbfcglgmbytagthmuj/Build/Intermediates.noindex/ArchiveIntermediates/VoiceReader/InstallationBuildProductsLocation/Applications/VoiceReader.app

SetMode u+w,go-w,a+rX /Users/runner/Library/Developer/Xcode/DerivedData/VoiceReader-bvwdbkwbpbgbfcglgmbytagthmuj/Build/Intermediates.noindex/ArchiveIntermediates/VoiceReader/InstallationBuildProductsLocation/Applications/VoiceReader.app (in target 'VoiceReader' from project 'VoiceReader')
    cd /Users/runner/work/voice-message-reader/voice-message-reader
    /bin/chmod -RH u+w,go-w,a+rX /Users/runner/Library/Developer/Xcode/DerivedData/VoiceReader-bvwdbkwbpbgbfcglgmbytagthmuj/Build/Intermediates.noindex/ArchiveIntermediates/VoiceReader/InstallationBuildProductsLocation/Applications/VoiceReader.app

CodeSign /Users/runner/Library/Developer/Xcode/DerivedData/VoiceReader-bvwdbkwbpbgbfcglgmbytagthmuj/Build/Intermediates.noindex/ArchiveIntermediates/VoiceReader/InstallationBuildProductsLocation/Applications/VoiceReader.app (in target 'VoiceReader' from project 'VoiceReader')
    cd /Users/runner/work/voice-message-reader/voice-message-reader
    
    Signing Identity:     "Apple Development: Created via API (5SND3RFSYB)"
    Provisioning Profile: "iOS Team Provisioning Profile: com.noorulain.voicereader"
                          (43a4ab9d-cab1-486a-b628-030a5b36c7e8)
    
    /usr/bin/codesign --force --sign 4106A9D45955CE6DFE2CAAF55087A7B2770978E5 --entitlements /Users/runner/Library/Developer/Xcode/DerivedData/VoiceReader-bvwdbkwbpbgbfcglgmbytagthmuj/Build/Intermediates.noindex/ArchiveIntermediates/VoiceReader/IntermediateBuildFilesPath/VoiceReader.build/Release-iphoneos/VoiceReader.build/VoiceReader.app.xcent --generate-entitlement-der /Users/runner/Library/Developer/Xcode/DerivedData/VoiceReader-bvwdbkwbpbgbfcglgmbytagthmuj/Build/Intermediates.noindex/ArchiveIntermediates/VoiceReader/InstallationBuildProductsLocation/Applications/VoiceReader.app

ValidateEmbeddedBinary /Users/runner/Library/Developer/Xcode/DerivedData/VoiceReader-bvwdbkwbpbgbfcglgmbytagthmuj/Build/Intermediates.noindex/ArchiveIntermediates/VoiceReader/InstallationBuildProductsLocation/Applications/VoiceReader.app/PlugIns/VoiceReaderWidget.appex (in target 'VoiceReader' from project 'VoiceReader')
    cd /Users/runner/work/voice-message-reader/voice-message-reader
    /Applications/Xcode_26.0.1.app/Contents/Developer/usr/bin/embeddedBinaryValidationUtility /Users/runner/Library/Developer/Xcode/DerivedData/VoiceReader-bvwdbkwbpbgbfcglgmbytagthmuj/Build/Intermediates.noindex/ArchiveIntermediates/VoiceReader/InstallationBuildProductsLocation/Applications/VoiceReader.app/PlugIns/VoiceReaderWidget.appex -signing-cert 4106A9D45955CE6DFE2CAAF55087A7B2770978E5 -info-plist-path /Users/runner/Library/Developer/Xcode/DerivedData/VoiceReader-bvwdbkwbpbgbfcglgmbytagthmuj/Build/Intermediates.noindex/ArchiveIntermediates/VoiceReader/InstallationBuildProductsLocation/Applications/VoiceReader.app/Info.plist

ValidateEmbeddedBinary /Users/runner/Library/Developer/Xcode/DerivedData/VoiceReader-bvwdbkwbpbgbfcglgmbytagthmuj/Build/Intermediates.noindex/ArchiveIntermediates/VoiceReader/InstallationBuildProductsLocation/Applications/VoiceReader.app/PlugIns/ShareExtension.appex (in target 'VoiceReader' from project 'VoiceReader')
    cd /Users/runner/work/voice-message-reader/voice-message-reader
    /Applications/Xcode_26.0.1.app/Contents/Developer/usr/bin/embeddedBinaryValidationUtility /Users/runner/Library/Developer/Xcode/DerivedData/VoiceReader-bvwdbkwbpbgbfcglgmbytagthmuj/Build/Intermediates.noindex/ArchiveIntermediates/VoiceReader/InstallationBuildProductsLocation/Applications/VoiceReader.app/PlugIns/ShareExtension.appex -signing-cert 4106A9D45955CE6DFE2CAAF55087A7B2770978E5 -info-plist-path /Users/runner/Library/Developer/Xcode/DerivedData/VoiceReader-bvwdbkwbpbgbfcglgmbytagthmuj/Build/Intermediates.noindex/ArchiveIntermediates/VoiceReader/InstallationBuildProductsLocation/Applications/VoiceReader.app/Info.plist

ValidateEmbeddedBinary /Users/runner/Library/Developer/Xcode/DerivedData/VoiceReader-bvwdbkwbpbgbfcglgmbytagthmuj/Build/Intermediates.noindex/ArchiveIntermediates/VoiceReader/InstallationBuildProductsLocation/Applications/VoiceReader.app/PlugIns/ActionExtension.appex (in target 'VoiceReader' from project 'VoiceReader')
    cd /Users/runner/work/voice-message-reader/voice-message-reader
    /Applications/Xcode_26.0.1.app/Contents/Developer/usr/bin/embeddedBinaryValidationUtility /Users/runner/Library/Developer/Xcode/DerivedData/VoiceReader-bvwdbkwbpbgbfcglgmbytagthmuj/Build/Intermediates.noindex/ArchiveIntermediates/VoiceReader/InstallationBuildProductsLocation/Applications/VoiceReader.app/PlugIns/ActionExtension.appex -signing-cert 4106A9D45955CE6DFE2CAAF55087A7B2770978E5 -info-plist-path /Users/runner/Library/Developer/Xcode/DerivedData/VoiceReader-bvwdbkwbpbgbfcglgmbytagthmuj/Build/Intermediates.noindex/ArchiveIntermediates/VoiceReader/InstallationBuildProductsLocation/Applications/VoiceReader.app/Info.plist

RegisterExecutionPolicyException /Users/runner/Library/Developer/Xcode/DerivedData/VoiceReader-bvwdbkwbpbgbfcglgmbytagthmuj/Build/Intermediates.noindex/ArchiveIntermediates/VoiceReader/InstallationBuildProductsLocation/Applications/VoiceReader.app (in target 'VoiceReader' from project 'VoiceReader')
    cd /Users/runner/work/voice-message-reader/voice-message-reader
    builtin-RegisterExecutionPolicyException /Users/runner/Library/Developer/Xcode/DerivedData/VoiceReader-bvwdbkwbpbgbfcglgmbytagthmuj/Build/Intermediates.noindex/ArchiveIntermediates/VoiceReader/InstallationBuildProductsLocation/Applications/VoiceReader.app

Validate /Users/runner/Library/Developer/Xcode/DerivedData/VoiceReader-bvwdbkwbpbgbfcglgmbytagthmuj/Build/Intermediates.noindex/ArchiveIntermediates/VoiceReader/InstallationBuildProductsLocation/Applications/VoiceReader.app (in target 'VoiceReader' from project 'VoiceReader')
    cd /Users/runner/work/voice-message-reader/voice-message-reader
    builtin-validationUtility /Users/runner/Library/Developer/Xcode/DerivedData/VoiceReader-bvwdbkwbpbgbfcglgmbytagthmuj/Build/Intermediates.noindex/ArchiveIntermediates/VoiceReader/InstallationBuildProductsLocation/Applications/VoiceReader.app -shallow-bundle -infoplist-subpath Info.plist

Touch /Users/runner/Library/Developer/Xcode/DerivedData/VoiceReader-bvwdbkwbpbgbfcglgmbytagthmuj/Build/Intermediates.noindex/ArchiveIntermediates/VoiceReader/InstallationBuildProductsLocation/Applications/VoiceReader.app (in target 'VoiceReader' from project 'VoiceReader')
    cd /Users/runner/work/voice-message-reader/voice-message-reader
    /usr/bin/touch -c /Users/runner/Library/Developer/Xcode/DerivedData/VoiceReader-bvwdbkwbpbgbfcglgmbytagthmuj/Build/Intermediates.noindex/ArchiveIntermediates/VoiceReader/InstallationBuildProductsLocation/Applications/VoiceReader.app

** ARCHIVE SUCCEEDED **

